2025-04-27 18:40:17,409 - INFO - 🔄 Iniciando sincronización inicial de productos...
2025-04-27 18:40:17,409 - INFO - 💱 Tasa de cambio utilizada: 95.0
2025-04-27 18:40:18,936 - INFO - ✅ Base de datos vacía, procediendo con la sincronización inicial...
2025-04-27 18:40:18,936 - INFO - 🔍 Obteniendo mapa de categorías...
2025-04-27 18:40:18,936 - INFO - 📥 Consultando API de categorías...
2025-04-27 18:40:19,811 - INFO - ✅ Obtenidas 15 categorías
2025-04-27 18:40:19,811 - INFO - 📋 Mapa de categorías creado con 15 entradas
2025-04-27 18:40:19,813 - INFO - 📥 Obteniendo productos de Loyverse (cursor: None)...
2025-04-27 18:40:23,182 - INFO - ✅ Obtenidos 250 productos. Total acumulado: 250
2025-04-27 18:40:24,183 - INFO - 📥 Obteniendo productos de Loyverse (cursor: OPoBQPyakIQBSAU=)...
2025-04-27 18:40:26,104 - INFO - ✅ Obtenidos 250 productos. Total acumulado: 500
2025-04-27 18:40:27,105 - INFO - 📥 Obteniendo productos de Loyverse (cursor: OPoBQPaQkIQBSAU=)...
2025-04-27 18:40:29,049 - INFO - ✅ Obtenidos 14 productos. Total acumulado: 514
2025-04-27 18:40:29,152 - INFO - ➕ Nuevo producto creado: 77 (ID: 6df994e8-282b-413a-a5d4-9cbdebb945a0)
2025-04-27 18:40:29,153 - INFO -    - Precio Loyverse: 40.0 VES
2025-04-27 18:40:29,153 - INFO -    - Tasa aplicada: 95.0
2025-04-27 18:40:29,153 - INFO -    - Precio USD calculado: 0.42 USD
2025-04-27 18:40:29,154 - INFO -    - Tipo tasa: PARALELO
2025-04-27 18:40:29,154 - INFO -    - Categoría: Chucheria
2025-04-27 18:40:29,244 - INFO - ➕ Nuevo producto creado: 301  detallado (ID: ea39e097-1147-4724-b2a6-e6f7fe0942b5)
2025-04-27 18:40:29,245 - INFO -    - Precio Loyverse: 5.0 VES
2025-04-27 18:40:29,245 - INFO -    - Tasa aplicada: 95.0
2025-04-27 18:40:29,245 - INFO -    - Precio USD calculado: 0.05 USD
2025-04-27 18:40:29,245 - INFO -    - Tipo tasa: PARALELO
2025-04-27 18:40:29,245 - INFO -    - Categoría: Cigarros
2025-04-27 18:40:29,331 - INFO - ➕ Nuevo producto creado: aceite amacorp 900ml (ID: adfae6e4-1d74-4eeb-bb60-f223a9007914)
2025-04-27 18:40:29,331 - INFO -    - Precio Loyverse: 285.0 VES
2025-04-27 18:40:29,332 - INFO -    - Tasa aplicada: 95.0
2025-04-27 18:40:29,332 - INFO -    - Precio USD calculado: 3.00 USD
2025-04-27 18:40:29,333 - INFO -    - Tipo tasa: PARALELO
2025-04-27 18:40:29,333 - INFO -    - Categoría: Comida
2025-04-27 18:40:29,414 - INFO - ➕ Nuevo producto creado: aceite ideal 250ml (ID: a78d5367-68cd-459d-8287-809c6c9c64e4)
2025-04-27 18:40:29,415 - INFO -    - Precio Loyverse: 95.0 VES
2025-04-27 18:40:29,415 - INFO -    - Tasa aplicada: 95.0
2025-04-27 18:40:29,416 - INFO -    - Precio USD calculado: 1.00 USD
2025-04-27 18:40:29,416 - INFO -    - Tipo tasa: PARALELO
2025-04-27 18:40:29,417 - INFO -    - Categoría: Comida
2025-04-27 18:40:29,504 - INFO - ➕ Nuevo producto creado: aceite vatel 250ml (ID: 53ad9510-f780-47bf-8428-5bb49bb25e80)
2025-04-27 18:40:29,505 - INFO -    - Precio Loyverse: 80.0 VES
2025-04-27 18:40:29,505 - INFO -    - Tasa aplicada: 95.0
2025-04-27 18:40:29,506 - INFO -    - Precio USD calculado: 0.84 USD
2025-04-27 18:40:29,506 - INFO -    - Tipo tasa: PARALELO
2025-04-27 18:40:29,507 - INFO -    - Categoría: Comida
2025-04-27 18:40:29,587 - INFO - ➕ Nuevo producto creado: aceite vatel 500ml (ID: ac883105-b30b-4607-bd58-7735cc8f10fb)
2025-04-27 18:40:29,588 - INFO -    - Precio Loyverse: 170.0 VES
2025-04-27 18:40:29,588 - INFO -    - Tasa aplicada: 95.0
2025-04-27 18:40:29,589 - INFO -    - Precio USD calculado: 1.79 USD
2025-04-27 18:40:29,589 - INFO -    - Tipo tasa: PARALELO
2025-04-27 18:40:29,589 - INFO -    - Categoría: Comida
2025-04-27 18:40:29,734 - INFO - ➕ Nuevo producto creado: Acetaminofen (ID: 586bc00a-7496-4c6a-86db-97563cb28b4e)
2025-04-27 18:40:29,735 - INFO -    - Precio Loyverse: 10.0 VES
2025-04-27 18:40:29,735 - INFO -    - Tasa aplicada: 95.0
2025-04-27 18:40:29,736 - INFO -    - Precio USD calculado: 0.11 USD
2025-04-27 18:40:29,736 - INFO -    - Tipo tasa: PARALELO
2025-04-27 18:40:29,736 - INFO -    - Categoría: Farmacia
2025-04-27 18:40:29,817 - INFO - ➕ Nuevo producto creado: Afeitadora Dorco (ID: b1df7ed4-400e-4dce-b6ca-0ec1e30b072a)
2025-04-27 18:40:29,817 - INFO -    - Precio Loyverse: 25.0 VES
2025-04-27 18:40:29,818 - INFO -    - Tasa aplicada: 95.0
2025-04-27 18:40:29,818 - INFO -    - Precio USD calculado: 0.26 USD
2025-04-27 18:40:29,818 - INFO -    - Tipo tasa: PARALELO
2025-04-27 18:40:29,818 - INFO -    - Categoría: Higiene
2025-04-27 18:40:29,902 - INFO - ➕ Nuevo producto creado: Afeitadora Max3 (ID: 1f84bcaa-d93f-49d4-a2e0-09c58a1e6e27)
2025-04-27 18:40:29,902 - INFO -    - Precio Loyverse: 35.0 VES
2025-04-27 18:40:29,902 - INFO -    - Tasa aplicada: 95.0
2025-04-27 18:40:29,902 - INFO -    - Precio USD calculado: 0.37 USD
2025-04-27 18:40:29,902 - INFO -    - Tipo tasa: PARALELO
2025-04-27 18:40:29,902 - INFO -    - Categoría: Higiene
2025-04-27 18:40:29,985 - INFO - ➕ Nuevo producto creado: AJI (ID: 277c6584-f795-42b3-9ad4-b67beb36c1b0)
2025-04-27 18:40:29,986 - INFO -    - Precio Loyverse: 135.0 VES
2025-04-27 18:40:29,986 - INFO -    - Tasa aplicada: 95.0
2025-04-27 18:40:29,986 - INFO -    - Precio USD calculado: 1.42 USD
2025-04-27 18:40:29,987 - INFO -    - Tipo tasa: PARALELO
2025-04-27 18:40:29,988 - INFO -    - Categoría: Coche
2025-04-27 18:40:30,074 - INFO - ➕ Nuevo producto creado: ajo (ID: 4de3696a-4fac-4db2-88b4-87328299370c)
2025-04-27 18:40:30,074 - INFO -    - Precio Loyverse: 500.0 VES
2025-04-27 18:40:30,075 - INFO -    - Tasa aplicada: 95.0
2025-04-27 18:40:30,075 - INFO -    - Precio USD calculado: 5.26 USD
2025-04-27 18:40:30,075 - INFO -    - Tipo tasa: PARALELO
2025-04-27 18:40:30,076 - INFO -    - Categoría: Coche
2025-04-27 18:40:30,216 - INFO - ➕ Nuevo producto creado: alcohol spray 120ml (ID: f59280e2-eeeb-42fc-95ac-e27b24a66ed5)
2025-04-27 18:40:30,217 - INFO -    - Precio Loyverse: 80.0 VES
2025-04-27 18:40:30,217 - INFO -    - Tasa aplicada: 95.0
2025-04-27 18:40:30,217 - INFO -    - Precio USD calculado: 0.84 USD
2025-04-27 18:40:30,218 - INFO -    - Tipo tasa: PARALELO
2025-04-27 18:40:30,218 - INFO -    - Categoría: Farmacia
2025-04-27 18:40:30,303 - INFO - ➕ Nuevo producto creado: arroz don julian (ID: 20a90350-156e-4b70-9187-4b9f9541da68)
2025-04-27 18:40:30,304 - INFO -    - Precio Loyverse: 90.0 VES
2025-04-27 18:40:30,305 - INFO -    - Tasa aplicada: 95.0
2025-04-27 18:40:30,305 - INFO -    - Precio USD calculado: 0.95 USD
2025-04-27 18:40:30,305 - INFO -    - Tipo tasa: PARALELO
2025-04-27 18:40:30,305 - INFO -    - Categoría: Comida
2025-04-27 18:40:30,396 - INFO - ➕ Nuevo producto creado: arroz la musia (ID: 4fe4dda1-7abb-470f-8aa0-7d36ae581d48)
2025-04-27 18:40:30,396 - INFO -    - Precio Loyverse: 90.0 VES
2025-04-27 18:40:30,397 - INFO -    - Tasa aplicada: 95.0
2025-04-27 18:40:30,397 - INFO -    - Precio USD calculado: 0.95 USD
2025-04-27 18:40:30,397 - INFO -    - Tipo tasa: PARALELO
2025-04-27 18:40:30,398 - INFO -    - Categoría: Comida
2025-04-27 18:40:30,491 - INFO - ➕ Nuevo producto creado: arroz mary tradicional (ID: 671981b3-5f58-4c48-a4af-0bee341c9eb7)
2025-04-27 18:40:30,492 - INFO -    - Precio Loyverse: 110.0 VES
2025-04-27 18:40:30,492 - INFO -    - Tasa aplicada: 95.0
2025-04-27 18:40:30,492 - INFO -    - Precio USD calculado: 1.16 USD
2025-04-27 18:40:30,492 - INFO -    - Tipo tasa: PARALELO
2025-04-27 18:40:30,493 - INFO -    - Categoría: Comida
2025-04-27 18:40:30,798 - INFO - ➕ Nuevo producto creado: arroz sabrozon (ID: ee1190de-2322-45e1-9eb7-9626ab660d67)
2025-04-27 18:40:30,799 - INFO -    - Precio Loyverse: 95.0 VES
2025-04-27 18:40:30,799 - INFO -    - Tasa aplicada: 95.0
2025-04-27 18:40:30,800 - INFO -    - Precio USD calculado: 1.00 USD
2025-04-27 18:40:30,800 - INFO -    - Tipo tasa: PARALELO
2025-04-27 18:40:30,800 - INFO -    - Categoría: Comida
2025-04-27 18:40:30,885 - INFO - ➕ Nuevo producto creado: Arroz Santoni (ID: 580d4931-03c7-40db-9fcc-934b44d92afd)
2025-04-27 18:40:30,885 - INFO -    - Precio Loyverse: 105.0 VES
2025-04-27 18:40:30,885 - INFO -    - Tasa aplicada: 95.0
2025-04-27 18:40:30,886 - INFO -    - Precio USD calculado: 1.11 USD
2025-04-27 18:40:30,886 - INFO -    - Tipo tasa: PARALELO
2025-04-27 18:40:30,887 - INFO -    - Categoría: Comida
2025-04-27 18:40:30,968 - INFO - ➕ Nuevo producto creado: arvejas mary 400g (ID: 3bf02575-0666-4151-a099-e43c3552ca77)
2025-04-27 18:40:30,968 - INFO -    - Precio Loyverse: 95.0 VES
2025-04-27 18:40:30,969 - INFO -    - Tasa aplicada: 95.0
2025-04-27 18:40:30,970 - INFO -    - Precio USD calculado: 1.00 USD
2025-04-27 18:40:30,970 - INFO -    - Tipo tasa: PARALELO
2025-04-27 18:40:30,970 - INFO -    - Categoría: Comida
2025-04-27 18:40:31,052 - INFO - ➕ Nuevo producto creado: Atlantic detallado (ID: a4eeae96-8b35-410e-9808-ec93a980afff)
2025-04-27 18:40:31,053 - INFO -    - Precio Loyverse: 1.0 VES
2025-04-27 18:40:31,053 - INFO -    - Tasa aplicada: 95.0
2025-04-27 18:40:31,053 - INFO -    - Precio USD calculado: 0.01 USD
2025-04-27 18:40:31,053 - INFO -    - Tipo tasa: PARALELO
2025-04-27 18:40:31,054 - INFO -    - Categoría: Cigarros
2025-04-27 18:40:31,159 - INFO - ➕ Nuevo producto creado: atun california (ID: 3e381477-f008-412f-a9a9-58a008a88e5b)
2025-04-27 18:40:31,159 - INFO -    - Precio Loyverse: 115.0 VES
2025-04-27 18:40:31,159 - INFO -    - Tasa aplicada: 95.0
2025-04-27 18:40:31,160 - INFO -    - Precio USD calculado: 1.21 USD
2025-04-27 18:40:31,160 - INFO -    - Tipo tasa: PARALELO
2025-04-27 18:40:31,161 - INFO -    - Categoría: Comida
2025-04-27 18:40:31,365 - INFO - ➕ Nuevo producto creado: atun willinger (ID: 1772c7a1-fc3a-4fe2-b203-83aa803c5288)
2025-04-27 18:40:31,366 - INFO -    - Precio Loyverse: 125.0 VES
2025-04-27 18:40:31,366 - INFO -    - Tasa aplicada: 95.0
2025-04-27 18:40:31,366 - INFO -    - Precio USD calculado: 1.32 USD
2025-04-27 18:40:31,366 - INFO -    - Tipo tasa: PARALELO
2025-04-27 18:40:31,366 - INFO -    - Categoría: Comida
2025-04-27 18:40:31,449 - INFO - ➕ Nuevo producto creado: avena michacha 500g (ID: 3b40416e-b282-4430-a9fe-11ef48e48cc4)
2025-04-27 18:40:31,450 - INFO -    - Precio Loyverse: 125.0 VES
2025-04-27 18:40:31,450 - INFO -    - Tasa aplicada: 95.0
2025-04-27 18:40:31,451 - INFO -    - Precio USD calculado: 1.32 USD
2025-04-27 18:40:31,451 - INFO -    - Tipo tasa: PARALELO
2025-04-27 18:40:31,451 - INFO -    - Categoría: Comida
2025-04-27 18:40:31,572 - INFO - ➕ Nuevo producto creado: Avena tigo 200g (ID: 0ec0c1bc-166a-454f-881a-30af9addd7bf)
2025-04-27 18:40:31,573 - INFO -    - Precio Loyverse: 50.0 VES
2025-04-27 18:40:31,573 - INFO -    - Tasa aplicada: 95.0
2025-04-27 18:40:31,573 - INFO -    - Precio USD calculado: 0.53 USD
2025-04-27 18:40:31,573 - INFO -    - Tipo tasa: PARALELO
2025-04-27 18:40:31,574 - INFO -    - Categoría: Comida
2025-04-27 18:40:31,661 - INFO - ➕ Nuevo producto creado: Axion 150g (ID: 288ea127-4cbb-4a0e-8a65-e4652c3a1e42)
2025-04-27 18:40:31,662 - INFO -    - Precio Loyverse: 75.0 VES
2025-04-27 18:40:31,663 - INFO -    - Tasa aplicada: 95.0
2025-04-27 18:40:31,663 - INFO -    - Precio USD calculado: 0.79 USD
2025-04-27 18:40:31,663 - INFO -    - Tipo tasa: PARALELO
2025-04-27 18:40:31,663 - INFO -    - Categoría: Higiene
2025-04-27 18:40:31,773 - INFO - ➕ Nuevo producto creado: azucar 100% 400g (ID: 38e13818-93c2-406f-97f4-83f1128cebb3)
2025-04-27 18:40:31,774 - INFO -    - Precio Loyverse: 70.0 VES
2025-04-27 18:40:31,775 - INFO -    - Tasa aplicada: 95.0
2025-04-27 18:40:31,775 - INFO -    - Precio USD calculado: 0.74 USD
2025-04-27 18:40:31,775 - INFO -    - Tipo tasa: PARALELO
2025-04-27 18:40:31,776 - INFO -    - Categoría: Comida
2025-04-27 18:40:32,013 - INFO - ➕ Nuevo producto creado: azucar dacana (ID: 7d033bb1-bf24-45ad-9cc7-8740896069e2)
2025-04-27 18:40:32,014 - INFO -    - Precio Loyverse: 135.0 VES
2025-04-27 18:40:32,014 - INFO -    - Tasa aplicada: 95.0
2025-04-27 18:40:32,014 - INFO -    - Precio USD calculado: 1.42 USD
2025-04-27 18:40:32,015 - INFO -    - Tipo tasa: PARALELO
2025-04-27 18:40:32,015 - INFO -    - Categoría: Comida
2025-04-27 18:40:32,110 - INFO - ➕ Nuevo producto creado: azucar hiperlider (ID: 6ae2675c-8369-42c0-beeb-29fe3d7ac4ec)
2025-04-27 18:40:32,111 - INFO -    - Precio Loyverse: 130.0 VES
2025-04-27 18:40:32,111 - INFO -    - Tasa aplicada: 95.0
2025-04-27 18:40:32,111 - INFO -    - Precio USD calculado: 1.37 USD
2025-04-27 18:40:32,111 - INFO -    - Tipo tasa: PARALELO
2025-04-27 18:40:32,112 - INFO -    - Categoría: Comida
2025-04-27 18:40:32,193 - INFO - ➕ Nuevo producto creado: Belmont detallado (ID: a2dbc09a-512d-4c94-b786-589540b69a63)
2025-04-27 18:40:32,193 - INFO -    - Precio Loyverse: 15.0 VES
2025-04-27 18:40:32,194 - INFO -    - Tasa aplicada: 95.0
2025-04-27 18:40:32,194 - INFO -    - Precio USD calculado: 0.16 USD
2025-04-27 18:40:32,194 - INFO -    - Tipo tasa: PARALELO
2025-04-27 18:40:32,195 - INFO -    - Categoría: Cigarros
2025-04-27 18:40:32,276 - INFO - ➕ Nuevo producto creado: best (ID: 3f58e17c-7a44-4aaf-b775-8bf09d6c39a9)
2025-04-27 18:40:32,276 - INFO -    - Precio Loyverse: 40.0 VES
2025-04-27 18:40:32,277 - INFO -    - Tasa aplicada: 95.0
2025-04-27 18:40:32,277 - INFO -    - Precio USD calculado: 0.42 USD
2025-04-27 18:40:32,277 - INFO -    - Tipo tasa: PARALELO
2025-04-27 18:40:32,277 - INFO -    - Categoría: Chucheria
2025-04-27 18:40:32,443 - INFO - ➕ Nuevo producto creado: Bianchi barra (ID: a5e78562-1f02-429a-b98b-159065f63ae4)
2025-04-27 18:40:32,444 - INFO -    - Precio Loyverse: 25.0 VES
2025-04-27 18:40:32,445 - INFO -    - Tasa aplicada: 95.0
2025-04-27 18:40:32,445 - INFO -    - Precio USD calculado: 0.26 USD
2025-04-27 18:40:32,445 - INFO -    - Tipo tasa: PARALELO
2025-04-27 18:40:32,446 - INFO -    - Categoría: Chucheria
2025-04-27 18:40:32,534 - INFO - ➕ Nuevo producto creado: boka (ID: 84717bad-f718-44ba-be69-fb3a18fe3ed7)
2025-04-27 18:40:32,534 - INFO -    - Precio Loyverse: 30.0 VES
2025-04-27 18:40:32,535 - INFO -    - Tasa aplicada: 95.0
2025-04-27 18:40:32,535 - INFO -    - Precio USD calculado: 0.32 USD
2025-04-27 18:40:32,535 - INFO -    - Tipo tasa: PARALELO
2025-04-27 18:40:32,536 - INFO -    - Categoría: Bebidas
2025-04-27 18:40:32,621 - INFO - ➕ Nuevo producto creado: bolsa basura 40kg (ID: 9e0f2f17-c49d-4cd1-a3bb-fe8d86542599)
2025-04-27 18:40:32,622 - INFO -    - Precio Loyverse: 30.0 VES
2025-04-27 18:40:32,622 - INFO -    - Tasa aplicada: 95.0
2025-04-27 18:40:32,623 - INFO -    - Precio USD calculado: 0.32 USD
2025-04-27 18:40:32,623 - INFO -    - Tipo tasa: PARALELO
2025-04-27 18:40:32,623 - INFO -    - Categoría: Varios
2025-04-27 18:40:32,706 - INFO - ➕ Nuevo producto creado: Bombillos amarillo 100w (ID: 0e2c914b-3edd-4ee2-abf1-310892d4bb0d)
2025-04-27 18:40:32,707 - INFO -    - Precio Loyverse: 35.0 VES
2025-04-27 18:40:32,707 - INFO -    - Tasa aplicada: 95.0
2025-04-27 18:40:32,707 - INFO -    - Precio USD calculado: 0.37 USD
2025-04-27 18:40:32,707 - INFO -    - Tipo tasa: PARALELO
2025-04-27 18:40:32,708 - INFO -    - Categoría: Varios
2025-04-27 18:40:32,789 - INFO - ➕ Nuevo producto creado: Bombillos led 15w (ID: 6307dbb1-0171-4be2-87a3-84780ab86e80)
2025-04-27 18:40:32,789 - INFO -    - Precio Loyverse: 110.0 VES
2025-04-27 18:40:32,790 - INFO -    - Tasa aplicada: 95.0
2025-04-27 18:40:32,790 - INFO -    - Precio USD calculado: 1.16 USD
2025-04-27 18:40:32,790 - INFO -    - Tipo tasa: PARALELO
2025-04-27 18:40:32,791 - INFO -    - Categoría: Varios
2025-04-27 18:40:32,873 - INFO - ➕ Nuevo producto creado: café amanecer 100g (ID: 367dfbac-059a-4f63-89b5-da55963a5b11)
2025-04-27 18:40:32,874 - INFO -    - Precio Loyverse: 120.0 VES
2025-04-27 18:40:32,874 - INFO -    - Tasa aplicada: 95.0
2025-04-27 18:40:32,874 - INFO -    - Precio USD calculado: 1.26 USD
2025-04-27 18:40:32,874 - INFO -    - Tipo tasa: PARALELO
2025-04-27 18:40:32,875 - INFO -    - Categoría: Comida
2025-04-27 18:40:32,960 - INFO - ➕ Nuevo producto creado: café amanecer 250g (ID: ecd55efc-f6a6-4c6c-8d43-dbe9b157c044)
2025-04-27 18:40:32,961 - INFO -    - Precio Loyverse: 210.0 VES
2025-04-27 18:40:32,961 - INFO -    - Tasa aplicada: 95.0
2025-04-27 18:40:32,962 - INFO -    - Precio USD calculado: 2.21 USD
2025-04-27 18:40:32,962 - INFO -    - Tipo tasa: PARALELO
2025-04-27 18:40:32,962 - INFO -    - Categoría: Comida
2025-04-27 18:40:33,044 - INFO - ➕ Nuevo producto creado: Cafe fama de america kilo (ID: 7b5ea020-a036-4104-a61a-581abb262ac7)
2025-04-27 18:40:33,045 - INFO -    - Precio Loyverse: 620.0 VES
2025-04-27 18:40:33,045 - INFO -    - Tasa aplicada: 95.0
2025-04-27 18:40:33,046 - INFO -    - Precio USD calculado: 6.53 USD
2025-04-27 18:40:33,047 - INFO -    - Tipo tasa: PARALELO
2025-04-27 18:40:33,047 - INFO -    - Categoría: Comida
2025-04-27 18:40:33,130 - INFO - ➕ Nuevo producto creado: café Fama de America 200g (ID: ba59e0c9-3812-4b28-ab14-e1fd8633ab23)
2025-04-27 18:40:33,130 - INFO -    - Precio Loyverse: 200.0 VES
2025-04-27 18:40:33,131 - INFO -    - Tasa aplicada: 95.0
2025-04-27 18:40:33,131 - INFO -    - Precio USD calculado: 2.11 USD
2025-04-27 18:40:33,131 - INFO -    - Tipo tasa: PARALELO
2025-04-27 18:40:33,131 - INFO -    - Categoría: Comida
2025-04-27 18:40:33,279 - INFO - ➕ Nuevo producto creado: favorito100g (ID: c6b8a356-d25e-4aef-a1c7-fc7d6cbf08e9)
2025-04-27 18:40:33,279 - INFO -    - Precio Loyverse: 85.0 VES
2025-04-27 18:40:33,280 - INFO -    - Tasa aplicada: 95.0
2025-04-27 18:40:33,280 - INFO -    - Precio USD calculado: 0.89 USD
2025-04-27 18:40:33,280 - INFO -    - Tipo tasa: PARALELO
2025-04-27 18:40:33,281 - INFO -    - Categoría: Comida
2025-04-27 18:40:33,394 - INFO - ➕ Nuevo producto creado: grano de  montaña 100g (ID: 904447a6-a401-4bdc-a8a6-618d8cb729ed)
2025-04-27 18:40:33,395 - INFO -    - Precio Loyverse: 130.0 VES
2025-04-27 18:40:33,395 - INFO -    - Tasa aplicada: 95.0
2025-04-27 18:40:33,395 - INFO -    - Precio USD calculado: 1.37 USD
2025-04-27 18:40:33,395 - INFO -    - Tipo tasa: PARALELO
2025-04-27 18:40:33,396 - INFO -    - Categoría: Comida
2025-04-27 18:40:33,479 - INFO - ➕ Nuevo producto creado: cafe sello rojo 50g (ID: 12d40851-38c2-411f-ab83-32ee0dc4e057)
2025-04-27 18:40:33,480 - INFO -    - Precio Loyverse: 60.0 VES
2025-04-27 18:40:33,480 - INFO -    - Tasa aplicada: 95.0
2025-04-27 18:40:33,481 - INFO -    - Precio USD calculado: 0.63 USD
2025-04-27 18:40:33,481 - INFO -    - Tipo tasa: PARALELO
2025-04-27 18:40:33,481 - INFO -    - Categoría: Comida
2025-04-27 18:40:33,597 - INFO - ➕ Nuevo producto creado: caramelos 3bs (ID: 64ed471b-44ed-4684-9e5a-6e4f064db584)
2025-04-27 18:40:33,597 - INFO -    - Precio Loyverse: 5.0 VES
2025-04-27 18:40:33,597 - INFO -    - Tasa aplicada: 95.0
2025-04-27 18:40:33,598 - INFO -    - Precio USD calculado: 0.05 USD
2025-04-27 18:40:33,598 - INFO -    - Tipo tasa: PARALELO
2025-04-27 18:40:33,598 - INFO -    - Categoría: Chucheria
2025-04-27 18:40:33,686 - INFO - ➕ Nuevo producto creado: caraota amanecer 400g (ID: 4ff4c349-d1f6-4a7c-acde-4ae4cb37b704)
2025-04-27 18:40:33,687 - INFO -    - Precio Loyverse: 130.0 VES
2025-04-27 18:40:33,687 - INFO -    - Tasa aplicada: 95.0
2025-04-27 18:40:33,689 - INFO -    - Precio USD calculado: 1.37 USD
2025-04-27 18:40:33,689 - INFO -    - Tipo tasa: PARALELO
2025-04-27 18:40:33,689 - INFO -    - Categoría: Comida
2025-04-27 18:40:33,772 - INFO - ➕ Nuevo producto creado: caraota michacha (ID: 43b7fb42-c02d-4edb-b49a-6dd4ecb9b46c)
2025-04-27 18:40:33,773 - INFO -    - Precio Loyverse: 115.0 VES
2025-04-27 18:40:33,773 - INFO -    - Tasa aplicada: 95.0
2025-04-27 18:40:33,773 - INFO -    - Precio USD calculado: 1.21 USD
2025-04-27 18:40:33,773 - INFO -    - Tipo tasa: PARALELO
2025-04-27 18:40:33,774 - INFO -    - Categoría: Comida
2025-04-27 18:40:33,862 - INFO - ➕ Nuevo producto creado: caraota pantera (ID: 046c1a10-e583-4766-8776-dd9717f94335)
2025-04-27 18:40:33,863 - INFO -    - Precio Loyverse: 145.0 VES
2025-04-27 18:40:33,863 - INFO -    - Tasa aplicada: 95.0
2025-04-27 18:40:33,863 - INFO -    - Precio USD calculado: 1.53 USD
2025-04-27 18:40:33,863 - INFO -    - Tipo tasa: PARALELO
2025-04-27 18:40:33,864 - INFO -    - Categoría: Comida
2025-04-27 18:40:33,948 - INFO - ➕ Nuevo producto creado: carpeta manila amarilla oficio (ID: 2be9af86-540b-4e60-8dbd-dea3ec6bb952)
2025-04-27 18:40:33,948 - INFO -    - Precio Loyverse: 30.0 VES
2025-04-27 18:40:33,948 - INFO -    - Tasa aplicada: 95.0
2025-04-27 18:40:33,949 - INFO -    - Precio USD calculado: 0.32 USD
2025-04-27 18:40:33,949 - INFO -    - Tipo tasa: PARALELO
2025-04-27 18:40:33,950 - INFO -    - Categoría: Papeleria
2025-04-27 18:40:34,060 - INFO - ➕ Nuevo producto creado: carpeta marron carta (ID: 46e3de96-d0a2-44ad-97a8-affc70e63243)
2025-04-27 18:40:34,061 - INFO -    - Precio Loyverse: 65.0 VES
2025-04-27 18:40:34,061 - INFO -    - Tasa aplicada: 95.0
2025-04-27 18:40:34,061 - INFO -    - Precio USD calculado: 0.68 USD
2025-04-27 18:40:34,061 - INFO -    - Tipo tasa: PARALELO
2025-04-27 18:40:34,062 - INFO -    - Categoría: Papeleria
2025-04-27 18:40:34,144 - INFO - ➕ Nuevo producto creado: carpeta marron oficio (ID: be84a4f7-20c4-424f-9112-5129f989c680)
2025-04-27 18:40:34,145 - INFO -    - Precio Loyverse: 80.0 VES
2025-04-27 18:40:34,145 - INFO -    - Tasa aplicada: 95.0
2025-04-27 18:40:34,145 - INFO -    - Precio USD calculado: 0.84 USD
2025-04-27 18:40:34,145 - INFO -    - Tipo tasa: PARALELO
2025-04-27 18:40:34,146 - INFO -    - Categoría: Papeleria
2025-04-27 18:40:34,309 - INFO - ➕ Nuevo producto creado: Cartas Naipes (ID: bf1b71de-5f63-478b-a786-6761b1452ee2)
2025-04-27 18:40:34,310 - INFO -    - Precio Loyverse: 100.0 VES
2025-04-27 18:40:34,310 - INFO -    - Tasa aplicada: 95.0
2025-04-27 18:40:34,311 - INFO -    - Precio USD calculado: 1.05 USD
2025-04-27 18:40:34,311 - INFO -    - Tipo tasa: PARALELO
2025-04-27 18:40:34,311 - INFO -    - Categoría: Varios
2025-04-27 18:40:34,400 - INFO - ➕ Nuevo producto creado: cebolla (ID: a7f19988-f27f-4e9d-baeb-982d959f2381)
2025-04-27 18:40:34,400 - INFO -    - Precio Loyverse: 105.0 VES
2025-04-27 18:40:34,401 - INFO -    - Tasa aplicada: 95.0
2025-04-27 18:40:34,401 - INFO -    - Precio USD calculado: 1.11 USD
2025-04-27 18:40:34,401 - INFO -    - Tipo tasa: PARALELO
2025-04-27 18:40:34,402 - INFO -    - Categoría: Coche
2025-04-27 18:40:34,486 - INFO - ➕ Nuevo producto creado: cebollin (ID: d17b60cd-9825-42e9-85f0-607946fe9fd4)
2025-04-27 18:40:34,487 - INFO -    - Precio Loyverse: 315.0 VES
2025-04-27 18:40:34,487 - INFO -    - Tasa aplicada: 95.0
2025-04-27 18:40:34,487 - INFO -    - Precio USD calculado: 3.32 USD
2025-04-27 18:40:34,489 - INFO -    - Tipo tasa: PARALELO
2025-04-27 18:40:34,489 - INFO -    - Categoría: Coche
2025-04-27 18:40:34,572 - INFO - ➕ Nuevo producto creado: CEREAL cronch flakes Maizoritos (ID: bc00350b-017a-4668-8638-5b2e4be96aee)
2025-04-27 18:40:34,573 - INFO -    - Precio Loyverse: 250.0 VES
2025-04-27 18:40:34,573 - INFO -    - Tasa aplicada: 95.0
2025-04-27 18:40:34,573 - INFO -    - Precio USD calculado: 2.63 USD
2025-04-27 18:40:34,574 - INFO -    - Tipo tasa: PARALELO
2025-04-27 18:40:34,574 - INFO -    - Categoría: Comida
2025-04-27 18:40:34,674 - INFO - ➕ Nuevo producto creado: cerelac 100g (ID: b2f7573c-801d-4c79-a961-1f309d60b7dc)
2025-04-27 18:40:34,675 - INFO -    - Precio Loyverse: 180.0 VES
2025-04-27 18:40:34,675 - INFO -    - Tasa aplicada: 95.0
2025-04-27 18:40:34,675 - INFO -    - Precio USD calculado: 1.89 USD
2025-04-27 18:40:34,676 - INFO -    - Tipo tasa: PARALELO
2025-04-27 18:40:34,676 - INFO -    - Categoría: Comida
2025-04-27 18:40:34,760 - INFO - ➕ Nuevo producto creado: Cervezas Polar 255ML (ID: cb88fd88-664d-4127-a6b6-4c2ed53413ef)
2025-04-27 18:40:34,760 - INFO -    - Precio Loyverse: 55.0 VES
2025-04-27 18:40:34,760 - INFO -    - Tasa aplicada: 95.0
2025-04-27 18:40:34,761 - INFO -    - Precio USD calculado: 0.58 USD
2025-04-27 18:40:34,761 - INFO -    - Tipo tasa: PARALELO
2025-04-27 18:40:34,762 - INFO -    - Categoría: Bebidas
2025-04-27 18:40:34,846 - INFO - ➕ Nuevo producto creado: champu head and shoulder (ID: 2b649f02-4f67-4fd3-945b-aff48bf75918)
2025-04-27 18:40:34,847 - INFO -    - Precio Loyverse: 35.0 VES
2025-04-27 18:40:34,847 - INFO -    - Tasa aplicada: 95.0
2025-04-27 18:40:34,847 - INFO -    - Precio USD calculado: 0.37 USD
2025-04-27 18:40:34,847 - INFO -    - Tipo tasa: PARALELO
2025-04-27 18:40:34,848 - INFO -    - Categoría: Higiene
2025-04-27 18:40:34,930 - INFO - ➕ Nuevo producto creado: caramelo 2bs (ID: 4ab4ed31-14cf-419e-b590-2821a0645927)
2025-04-27 18:40:34,931 - INFO -    - Precio Loyverse: 2.0 VES
2025-04-27 18:40:34,931 - INFO -    - Tasa aplicada: 95.0
2025-04-27 18:40:34,931 - INFO -    - Precio USD calculado: 0.02 USD
2025-04-27 18:40:34,932 - INFO -    - Tipo tasa: PARALELO
2025-04-27 18:40:34,932 - INFO -    - Categoría: Chucheria
2025-04-27 18:40:35,015 - INFO - ➕ Nuevo producto creado: Cheese tris grande (ID: cb9e693c-fede-4646-8089-7b31d47c03ba)
2025-04-27 18:40:35,016 - INFO -    - Precio Loyverse: 185.0 VES
2025-04-27 18:40:35,016 - INFO -    - Tasa aplicada: 95.0
2025-04-27 18:40:35,016 - INFO -    - Precio USD calculado: 1.95 USD
2025-04-27 18:40:35,017 - INFO -    - Tipo tasa: PARALELO
2025-04-27 18:40:35,017 - INFO -    - Categoría: Chucheria
2025-04-27 18:40:35,101 - INFO - ➕ Nuevo producto creado: Cheese  tris tira pequeño (ID: 95894f98-5b21-4bb2-ab00-4d38de018667)
2025-04-27 18:40:35,102 - INFO -    - Precio Loyverse: 85.0 VES
2025-04-27 18:40:35,102 - INFO -    - Tasa aplicada: 95.0
2025-04-27 18:40:35,102 - INFO -    - Precio USD calculado: 0.89 USD
2025-04-27 18:40:35,102 - INFO -    - Tipo tasa: PARALELO
2025-04-27 18:40:35,102 - INFO -    - Categoría: Chucheria
2025-04-27 18:40:35,184 - INFO - ➕ Nuevo producto creado: Chimo (ID: 1be96319-20be-4437-a3a6-b0307bcac674)
2025-04-27 18:40:35,185 - INFO -    - Precio Loyverse: 40.0 VES
2025-04-27 18:40:35,185 - INFO -    - Tasa aplicada: 95.0
2025-04-27 18:40:35,186 - INFO -    - Precio USD calculado: 0.42 USD
2025-04-27 18:40:35,186 - INFO -    - Tipo tasa: PARALELO
2025-04-27 18:40:35,186 - INFO -    - Categoría: Vicio
2025-04-27 18:40:35,276 - INFO - ➕ Nuevo producto creado: Chocolate pequeño King Unidad (ID: 107e9995-9547-4c4c-aab4-4015e56d1fb9)
2025-04-27 18:40:35,277 - INFO -    - Precio Loyverse: 115.0 VES
2025-04-27 18:40:35,278 - INFO -    - Tasa aplicada: 95.0
2025-04-27 18:40:35,278 - INFO -    - Precio USD calculado: 1.21 USD
2025-04-27 18:40:35,278 - INFO -    - Tipo tasa: PARALELO
2025-04-27 18:40:35,279 - INFO -    - Categoría: Chucheria
2025-04-27 18:40:35,416 - INFO - ➕ Nuevo producto creado: Chupeta BigBom (ID: 7fd96e39-5df2-4881-82be-d99c2ce925ac)
2025-04-27 18:40:35,416 - INFO -    - Precio Loyverse: 10.0 VES
2025-04-27 18:40:35,417 - INFO -    - Tasa aplicada: 95.0
2025-04-27 18:40:35,417 - INFO -    - Precio USD calculado: 0.11 USD
2025-04-27 18:40:35,417 - INFO -    - Tipo tasa: PARALELO
2025-04-27 18:40:35,418 - INFO -    - Categoría: Chucheria
2025-04-27 18:40:35,499 - INFO - ➕ Nuevo producto creado: Chupis-mamilo (ID: 2cfa128f-b123-489f-bb01-fa73de2d0a26)
2025-04-27 18:40:35,499 - INFO -    - Precio Loyverse: 15.0 VES
2025-04-27 18:40:35,499 - INFO -    - Tasa aplicada: 95.0
2025-04-27 18:40:35,500 - INFO -    - Precio USD calculado: 0.16 USD
2025-04-27 18:40:35,500 - INFO -    - Tipo tasa: PARALELO
2025-04-27 18:40:35,500 - INFO -    - Categoría: Chucheria
2025-04-27 18:40:35,581 - INFO - ➕ Nuevo producto creado: CILANTRO (ID: 0e4c2b9b-a236-4937-be33-c887f2df5d50)
2025-04-27 18:40:35,582 - INFO -    - Precio Loyverse: 315.0 VES
2025-04-27 18:40:35,582 - INFO -    - Tasa aplicada: 95.0
2025-04-27 18:40:35,583 - INFO -    - Precio USD calculado: 3.32 USD
2025-04-27 18:40:35,583 - INFO -    - Tipo tasa: PARALELO
2025-04-27 18:40:35,583 - INFO -    - Categoría: Coche
2025-04-27 18:40:35,702 - INFO - ➕ Nuevo producto creado: cloro kins (ID: 067017e9-c0a6-4853-a0b9-37f4e1e7de26)
2025-04-27 18:40:35,702 - INFO -    - Precio Loyverse: 90.0 VES
2025-04-27 18:40:35,703 - INFO -    - Tasa aplicada: 95.0
2025-04-27 18:40:35,703 - INFO -    - Precio USD calculado: 0.95 USD
2025-04-27 18:40:35,703 - INFO -    - Tipo tasa: PARALELO
2025-04-27 18:40:35,705 - INFO -    - Categoría: Higiene
2025-04-27 18:40:35,788 - INFO - ➕ Nuevo producto creado: Cloro kris pequeño (ID: 1c30ccd9-d546-4fbd-9dfe-6a029cc71768)
2025-04-27 18:40:35,788 - INFO -    - Precio Loyverse: 85.0 VES
2025-04-27 18:40:35,789 - INFO -    - Tasa aplicada: 95.0
2025-04-27 18:40:35,789 - INFO -    - Precio USD calculado: 0.89 USD
2025-04-27 18:40:35,790 - INFO -    - Tipo tasa: PARALELO
2025-04-27 18:40:35,791 - INFO -    - Categoría: Higiene
2025-04-27 18:40:35,908 - INFO - ➕ Nuevo producto creado: Cloro kris (ID: 85be1b2c-26cc-4f6b-90a9-a5da3bbda029)
2025-04-27 18:40:35,909 - INFO -    - Precio Loyverse: 135.0 VES
2025-04-27 18:40:35,909 - INFO -    - Tasa aplicada: 95.0
2025-04-27 18:40:35,909 - INFO -    - Precio USD calculado: 1.42 USD
2025-04-27 18:40:35,909 - INFO -    - Tipo tasa: PARALELO
2025-04-27 18:40:35,910 - INFO -    - Categoría: Higiene
2025-04-27 18:40:35,992 - INFO - ➕ Nuevo producto creado: Cloro Oso Blanco (ID: b7ba8035-866e-4eda-9709-4f93c6524e15)
2025-04-27 18:40:35,993 - INFO -    - Precio Loyverse: 125.0 VES
2025-04-27 18:40:35,993 - INFO -    - Tasa aplicada: 95.0
2025-04-27 18:40:35,994 - INFO -    - Precio USD calculado: 1.32 USD
2025-04-27 18:40:35,994 - INFO -    - Tipo tasa: PARALELO
2025-04-27 18:40:35,994 - INFO -    - Categoría: Higiene
2025-04-27 18:40:36,076 - INFO - ➕ Nuevo producto creado: club social puig (ID: 3f213cf0-89ba-4970-aca1-5a163b82c761)
2025-04-27 18:40:36,077 - INFO -    - Precio Loyverse: 20.0 VES
2025-04-27 18:40:36,077 - INFO -    - Tasa aplicada: 95.0
2025-04-27 18:40:36,078 - INFO -    - Precio USD calculado: 0.21 USD
2025-04-27 18:40:36,078 - INFO -    - Tipo tasa: PARALELO
2025-04-27 18:40:36,078 - INFO -    - Categoría: Chucheria
2025-04-27 18:40:36,229 - INFO - ➕ Nuevo producto creado: Club Social (ID: 084d11ee-9efa-48c0-8f94-44b869a94a57)
2025-04-27 18:40:36,230 - INFO -    - Precio Loyverse: 25.0 VES
2025-04-27 18:40:36,230 - INFO -    - Tasa aplicada: 95.0
2025-04-27 18:40:36,230 - INFO -    - Precio USD calculado: 0.26 USD
2025-04-27 18:40:36,230 - INFO -    - Tipo tasa: PARALELO
2025-04-27 18:40:36,230 - INFO -    - Categoría: Chucheria
2025-04-27 18:40:36,312 - INFO - ➕ Nuevo producto creado: coco crunch ranchero (ID: 25351fe1-d845-43f3-aa4d-ffa9caba02fe)
2025-04-27 18:40:36,313 - INFO -    - Precio Loyverse: 90.0 VES
2025-04-27 18:40:36,313 - INFO -    - Tasa aplicada: 95.0
2025-04-27 18:40:36,313 - INFO -    - Precio USD calculado: 0.95 USD
2025-04-27 18:40:36,313 - INFO -    - Tipo tasa: PARALELO
2025-04-27 18:40:36,313 - INFO -    - Categoría: Chucheria
2025-04-27 18:40:36,398 - INFO - ➕ Nuevo producto creado: colorante carmencita amparito (ID: 2ecea461-6ad4-435b-84a9-4cba297ae3c7)
2025-04-27 18:40:36,398 - INFO -    - Precio Loyverse: 35.0 VES
2025-04-27 18:40:36,398 - INFO -    - Tasa aplicada: 95.0
2025-04-27 18:40:36,398 - INFO -    - Precio USD calculado: 0.37 USD
2025-04-27 18:40:36,399 - INFO -    - Tipo tasa: PARALELO
2025-04-27 18:40:36,400 - INFO -    - Categoría: Comida
2025-04-27 18:40:36,479 - INFO - ➕ Nuevo producto creado: Compota osole (ID: 7a4d670a-fe33-4729-82d6-e6dd456e3e68)
2025-04-27 18:40:36,480 - INFO -    - Precio Loyverse: 70.0 VES
2025-04-27 18:40:36,481 - INFO -    - Tasa aplicada: 95.0
2025-04-27 18:40:36,481 - INFO -    - Precio USD calculado: 0.74 USD
2025-04-27 18:40:36,481 - INFO -    - Tipo tasa: PARALELO
2025-04-27 18:40:36,482 - INFO -    - Categoría: Chucheria
2025-04-27 18:40:36,615 - INFO - ➕ Nuevo producto creado: Consul consul (ID: 9e02fa6d-87da-4bec-94df-413f87fd1391)
2025-04-27 18:40:36,615 - INFO -    - Precio Loyverse: 10.0 VES
2025-04-27 18:40:36,615 - INFO -    - Tasa aplicada: 95.0
2025-04-27 18:40:36,615 - INFO -    - Precio USD calculado: 0.11 USD
2025-04-27 18:40:36,615 - INFO -    - Tipo tasa: PARALELO
2025-04-27 18:40:36,616 - INFO -    - Categoría: Cigarros
2025-04-27 18:40:36,697 - INFO - ➕ Nuevo producto creado: Copias blanco negro (ID: 6539b309-81e4-4941-a448-038afcf3c6a9)
2025-04-27 18:40:36,698 - INFO -    - Precio Loyverse: 15.0 VES
2025-04-27 18:40:36,699 - INFO -    - Tasa aplicada: 95.0
2025-04-27 18:40:36,699 - INFO -    - Precio USD calculado: 0.16 USD
2025-04-27 18:40:36,699 - INFO -    - Tipo tasa: PARALELO
2025-04-27 18:40:36,700 - INFO -    - Categoría: Papeleria
2025-04-27 18:40:36,797 - INFO - ➕ Nuevo producto creado: cosmilk (ID: 04b9af25-6145-417b-8f48-afc1d09279dd)
2025-04-27 18:40:36,798 - INFO -    - Precio Loyverse: 30.0 VES
2025-04-27 18:40:36,798 - INFO -    - Tasa aplicada: 95.0
2025-04-27 18:40:36,799 - INFO -    - Precio USD calculado: 0.32 USD
2025-04-27 18:40:36,799 - INFO -    - Tipo tasa: PARALELO
2025-04-27 18:40:36,800 - INFO -    - Categoría: Chucheria
2025-04-27 18:40:36,900 - INFO - ➕ Nuevo producto creado: crakeña bulto (ID: 2ee46b8c-c3dd-4f87-8acb-4affe4df21ce)
2025-04-27 18:40:36,900 - INFO -    - Precio Loyverse: 10.0 VES
2025-04-27 18:40:36,901 - INFO -    - Tasa aplicada: 95.0
2025-04-27 18:40:36,902 - INFO -    - Precio USD calculado: 0.11 USD
2025-04-27 18:40:36,902 - INFO -    - Tipo tasa: PARALELO
2025-04-27 18:40:36,902 - INFO -    - Categoría: Chucheria
2025-04-27 18:40:36,987 - INFO - ➕ Nuevo producto creado: crema alident pasta de diente (ID: b7a8e6c0-ae9d-46a3-87ad-1271a4009a45)
2025-04-27 18:40:36,988 - INFO -    - Precio Loyverse: 105.0 VES
2025-04-27 18:40:36,988 - INFO -    - Tasa aplicada: 95.0
2025-04-27 18:40:36,989 - INFO -    - Precio USD calculado: 1.11 USD
2025-04-27 18:40:36,989 - INFO -    - Tipo tasa: PARALELO
2025-04-27 18:40:36,989 - INFO -    - Categoría: Higiene
2025-04-27 18:40:37,077 - INFO - ➕ Nuevo producto creado: crocan nachos (ID: b014209b-c66e-49d0-abad-e11208a72a85)
2025-04-27 18:40:37,077 - INFO -    - Precio Loyverse: 35.0 VES
2025-04-27 18:40:37,078 - INFO -    - Tasa aplicada: 95.0
2025-04-27 18:40:37,078 - INFO -    - Precio USD calculado: 0.37 USD
2025-04-27 18:40:37,078 - INFO -    - Tipo tasa: PARALELO
2025-04-27 18:40:37,079 - INFO -    - Categoría: Chucheria
2025-04-27 18:40:37,165 - INFO - ➕ Nuevo producto creado: crocante mani grande (ID: 31633ce0-9ade-454b-9320-54c112a934c6)
2025-04-27 18:40:37,166 - INFO -    - Precio Loyverse: 30.0 VES
2025-04-27 18:40:37,167 - INFO -    - Tasa aplicada: 95.0
2025-04-27 18:40:37,167 - INFO -    - Precio USD calculado: 0.32 USD
2025-04-27 18:40:37,168 - INFO -    - Tipo tasa: PARALELO
2025-04-27 18:40:37,168 - INFO -    - Categoría: Chucheria
2025-04-27 18:40:37,251 - INFO - ➕ Nuevo producto creado: crocante mani pequeño (ID: 62ce54cb-1637-4190-acbc-7da34c82f11e)
2025-04-27 18:40:37,252 - INFO -    - Precio Loyverse: 15.0 VES
2025-04-27 18:40:37,252 - INFO -    - Tasa aplicada: 95.0
2025-04-27 18:40:37,252 - INFO -    - Precio USD calculado: 0.16 USD
2025-04-27 18:40:37,252 - INFO -    - Tipo tasa: PARALELO
2025-04-27 18:40:37,254 - INFO -    - Categoría: Chucheria
2025-04-27 18:40:37,397 - INFO - ➕ Nuevo producto creado: Cubito Laila (ID: 3e840117-4071-4073-ae91-4b5f895aa259)
2025-04-27 18:40:37,397 - INFO -    - Precio Loyverse: 10.0 VES
2025-04-27 18:40:37,397 - INFO -    - Tasa aplicada: 95.0
2025-04-27 18:40:37,397 - INFO -    - Precio USD calculado: 0.11 USD
2025-04-27 18:40:37,398 - INFO -    - Tipo tasa: PARALELO
2025-04-27 18:40:37,398 - INFO -    - Categoría: Comida
2025-04-27 18:40:37,481 - INFO - ➕ Nuevo producto creado: Cubitos Maggi (ID: 93331d38-8fc0-46f9-b598-7581a68f41cf)
2025-04-27 18:40:37,481 - INFO -    - Precio Loyverse: 20.0 VES
2025-04-27 18:40:37,482 - INFO -    - Tasa aplicada: 95.0
2025-04-27 18:40:37,482 - INFO -    - Precio USD calculado: 0.21 USD
2025-04-27 18:40:37,482 - INFO -    - Tipo tasa: PARALELO
2025-04-27 18:40:37,483 - INFO -    - Categoría: Comida
2025-04-27 18:40:37,605 - INFO - ➕ Nuevo producto creado: Dalvito (ID: bc1e0c6b-8ec8-46e0-8370-4f3db5055938)
2025-04-27 18:40:37,606 - INFO -    - Precio Loyverse: 320.0 VES
2025-04-27 18:40:37,607 - INFO -    - Tasa aplicada: 95.0
2025-04-27 18:40:37,607 - INFO -    - Precio USD calculado: 3.37 USD
2025-04-27 18:40:37,608 - INFO -    - Tipo tasa: PARALELO
2025-04-27 18:40:37,608 - INFO -    - Categoría: Chucheria
2025-04-27 18:40:37,690 - INFO - ➕ Nuevo producto creado: dandy (ID: 88958c4e-7a0a-49cc-a587-a820fffdd10f)
2025-04-27 18:40:37,690 - INFO -    - Precio Loyverse: 35.0 VES
2025-04-27 18:40:37,691 - INFO -    - Tasa aplicada: 95.0
2025-04-27 18:40:37,692 - INFO -    - Precio USD calculado: 0.37 USD
2025-04-27 18:40:37,692 - INFO -    - Tipo tasa: PARALELO
2025-04-27 18:40:37,692 - INFO -    - Categoría: Chucheria
2025-04-27 18:40:37,776 - INFO - ➕ Nuevo producto creado: desinfectante oso blanco (ID: 0b1043e7-cdd7-4a19-ba24-6e5ccccb7641)
2025-04-27 18:40:37,777 - INFO -    - Precio Loyverse: 115.0 VES
2025-04-27 18:40:37,778 - INFO -    - Tasa aplicada: 95.0
2025-04-27 18:40:37,778 - INFO -    - Precio USD calculado: 1.21 USD
2025-04-27 18:40:37,778 - INFO -    - Tipo tasa: PARALELO
2025-04-27 18:40:37,779 - INFO -    - Categoría: Higiene
2025-04-27 18:40:38,018 - INFO - ➕ Nuevo producto creado: desodorante blanco Lady Speed Stick (ID: 7146c0ab-d2b5-42d9-89e6-5dcbab59c4b4)
2025-04-27 18:40:38,018 - INFO -    - Precio Loyverse: 40.0 VES
2025-04-27 18:40:38,019 - INFO -    - Tasa aplicada: 95.0
2025-04-27 18:40:38,020 - INFO -    - Precio USD calculado: 0.42 USD
2025-04-27 18:40:38,020 - INFO -    - Tipo tasa: PARALELO
2025-04-27 18:40:38,020 - INFO -    - Categoría: Higiene
2025-04-27 18:40:38,102 - INFO - ➕ Nuevo producto creado: Desodorante Lady Speed Stick (ID: 7a7e4b67-bd01-433f-9185-a62a0e498421)
2025-04-27 18:40:38,103 - INFO -    - Precio Loyverse: 30.0 VES
2025-04-27 18:40:38,103 - INFO -    - Tasa aplicada: 95.0
2025-04-27 18:40:38,103 - INFO -    - Precio USD calculado: 0.32 USD
2025-04-27 18:40:38,104 - INFO -    - Tipo tasa: PARALELO
2025-04-27 18:40:38,104 - INFO -    - Categoría: Higiene
2025-04-27 18:40:38,223 - INFO - ➕ Nuevo producto creado: diablito underwood (ID: eb5823fe-7b8c-4cc9-8bca-7a55d294d240)
2025-04-27 18:40:38,223 - INFO -    - Precio Loyverse: 135.0 VES
2025-04-27 18:40:38,224 - INFO -    - Tasa aplicada: 95.0
2025-04-27 18:40:38,225 - INFO -    - Precio USD calculado: 1.42 USD
2025-04-27 18:40:38,225 - INFO -    - Tipo tasa: PARALELO
2025-04-27 18:40:38,225 - INFO -    - Categoría: Comida
2025-04-27 18:40:38,307 - INFO - ➕ Nuevo producto creado: Doritos pequeño tira (ID: e3604b11-1318-453a-8223-0fd93faf1ad9)
2025-04-27 18:40:38,308 - INFO -    - Precio Loyverse: 80.0 VES
2025-04-27 18:40:38,308 - INFO -    - Tasa aplicada: 95.0
2025-04-27 18:40:38,308 - INFO -    - Precio USD calculado: 0.84 USD
2025-04-27 18:40:38,308 - INFO -    - Tipo tasa: PARALELO
2025-04-27 18:40:38,309 - INFO -    - Categoría: Chucheria
2025-04-27 18:40:38,393 - INFO - ➕ Nuevo producto creado: Doritos grande (ID: 17231a0c-b51a-4d03-af7b-3ec84b42fd54)
2025-04-27 18:40:38,394 - INFO -    - Precio Loyverse: 265.0 VES
2025-04-27 18:40:38,394 - INFO -    - Tasa aplicada: 95.0
2025-04-27 18:40:38,395 - INFO -    - Precio USD calculado: 2.79 USD
2025-04-27 18:40:38,395 - INFO -    - Tipo tasa: PARALELO
2025-04-27 18:40:38,396 - INFO -    - Categoría: Chucheria
2025-04-27 18:40:38,540 - INFO - ➕ Nuevo producto creado: esponja doble uso (ID: 5ec3f407-0695-4570-bdb0-a9350ac88fdf)
2025-04-27 18:40:38,541 - INFO -    - Precio Loyverse: 40.0 VES
2025-04-27 18:40:38,541 - INFO -    - Tasa aplicada: 95.0
2025-04-27 18:40:38,541 - INFO -    - Precio USD calculado: 0.42 USD
2025-04-27 18:40:38,541 - INFO -    - Tipo tasa: PARALELO
2025-04-27 18:40:38,541 - INFO -    - Categoría: Higiene
2025-04-27 18:40:38,623 - INFO - ➕ Nuevo producto creado: fabuloso detergente (ID: e01d1e99-f99f-4e51-a49d-e125a7466b64)
2025-04-27 18:40:38,623 - INFO -    - Precio Loyverse: 70.0 VES
2025-04-27 18:40:38,624 - INFO -    - Tasa aplicada: 95.0
2025-04-27 18:40:38,624 - INFO -    - Precio USD calculado: 0.74 USD
2025-04-27 18:40:38,625 - INFO -    - Tipo tasa: PARALELO
2025-04-27 18:40:38,625 - INFO -    - Categoría: Higiene
2025-04-27 18:40:38,711 - INFO - ➕ Nuevo producto creado: Flaquito Flaquito (ID: 7d7c1683-fd20-4b27-a3be-2ccf4812ceed)
2025-04-27 18:40:38,711 - INFO -    - Precio Loyverse: 45.0 VES
2025-04-27 18:40:38,712 - INFO -    - Tasa aplicada: 95.0
2025-04-27 18:40:38,712 - INFO -    - Precio USD calculado: 0.47 USD
2025-04-27 18:40:38,712 - INFO -    - Tipo tasa: PARALELO
2025-04-27 18:40:38,713 - INFO -    - Categoría: Chucheria
2025-04-27 18:40:38,795 - INFO - ➕ Nuevo producto creado: flips 120gr mediano (ID: edc36b07-c417-4be1-9d48-bf61dcbd6ae3)
2025-04-27 18:40:38,795 - INFO -    - Precio Loyverse: 195.0 VES
2025-04-27 18:40:38,796 - INFO -    - Tasa aplicada: 95.0
2025-04-27 18:40:38,796 - INFO -    - Precio USD calculado: 2.05 USD
2025-04-27 18:40:38,796 - INFO -    - Tipo tasa: PARALELO
2025-04-27 18:40:38,797 - INFO -    - Categoría: Chucheria
2025-04-27 18:40:38,881 - INFO - ➕ Nuevo producto creado: flips caja (ID: a74fefd3-f66f-4ea4-83b4-5896ed463ba9)
2025-04-27 18:40:38,881 - INFO -    - Precio Loyverse: 330.0 VES
2025-04-27 18:40:38,881 - INFO -    - Tasa aplicada: 95.0
2025-04-27 18:40:38,882 - INFO -    - Precio USD calculado: 3.47 USD
2025-04-27 18:40:38,882 - INFO -    - Tipo tasa: PARALELO
2025-04-27 18:40:38,882 - INFO -    - Categoría: Chucheria
2025-04-27 18:40:38,966 - INFO - ➕ Nuevo producto creado: flips lonchera (ID: 621885fe-a702-45ae-8a03-f082761e04b7)
2025-04-27 18:40:38,967 - INFO -    - Precio Loyverse: 65.0 VES
2025-04-27 18:40:38,967 - INFO -    - Tasa aplicada: 95.0
2025-04-27 18:40:38,968 - INFO -    - Precio USD calculado: 0.68 USD
2025-04-27 18:40:38,968 - INFO -    - Tipo tasa: PARALELO
2025-04-27 18:40:38,968 - INFO -    - Categoría: Chucheria
2025-04-27 18:40:39,105 - INFO - ➕ Nuevo producto creado: fulltop (ID: be057e22-ac9d-4a51-81bc-4150f098da9f)
2025-04-27 18:40:39,107 - INFO -    - Precio Loyverse: 35.0 VES
2025-04-27 18:40:39,107 - INFO -    - Tasa aplicada: 95.0
2025-04-27 18:40:39,108 - INFO -    - Precio USD calculado: 0.37 USD
2025-04-27 18:40:39,108 - INFO -    - Tipo tasa: PARALELO
2025-04-27 18:40:39,108 - INFO -    - Categoría: Chucheria
2025-04-27 18:40:39,190 - INFO - ➕ Nuevo producto creado: gala pequeño (ID: 87fcadf7-0dd3-4318-9895-194ec068a80f)
2025-04-27 18:40:39,191 - INFO -    - Precio Loyverse: 15.0 VES
2025-04-27 18:40:39,191 - INFO -    - Tasa aplicada: 95.0
2025-04-27 18:40:39,191 - INFO -    - Precio USD calculado: 0.16 USD
2025-04-27 18:40:39,192 - INFO -    - Tipo tasa: PARALELO
2025-04-27 18:40:39,192 - INFO -    - Categoría: Chucheria
2025-04-27 18:40:39,274 - INFO - ➕ Nuevo producto creado: GALLETA creme (ID: 096ed074-ccb8-49b5-9213-330f8ca41ec5)
2025-04-27 18:40:39,275 - INFO -    - Precio Loyverse: 10.0 VES
2025-04-27 18:40:39,275 - INFO -    - Tasa aplicada: 95.0
2025-04-27 18:40:39,275 - INFO -    - Precio USD calculado: 0.11 USD
2025-04-27 18:40:39,276 - INFO -    - Tipo tasa: PARALELO
2025-04-27 18:40:39,276 - INFO -    - Categoría: Chucheria
2025-04-27 18:40:39,366 - INFO - ➕ Nuevo producto creado: galleta geo (ID: 42077913-34e4-4e34-aa1c-6b536ba04ec8)
2025-04-27 18:40:39,366 - INFO -    - Precio Loyverse: 25.0 VES
2025-04-27 18:40:39,367 - INFO -    - Tasa aplicada: 95.0
2025-04-27 18:40:39,367 - INFO -    - Precio USD calculado: 0.26 USD
2025-04-27 18:40:39,367 - INFO -    - Tipo tasa: PARALELO
2025-04-27 18:40:39,368 - INFO -    - Categoría: Chucheria
2025-04-27 18:40:39,489 - INFO - ➕ Nuevo producto creado: galleta soda puig (ID: afdaf029-1ee9-4773-9396-c56bd2238125)
2025-04-27 18:40:39,490 - INFO -    - Precio Loyverse: 20.0 VES
2025-04-27 18:40:39,491 - INFO -    - Tasa aplicada: 95.0
2025-04-27 18:40:39,491 - INFO -    - Precio USD calculado: 0.21 USD
2025-04-27 18:40:39,492 - INFO -    - Tipo tasa: PARALELO
2025-04-27 18:40:39,492 - INFO -    - Categoría: Chucheria
2025-04-27 18:40:39,575 - INFO - ➕ Nuevo producto creado: ganchetas accesorios (ID: fa35b29d-876b-4530-963d-03e32caddceb)
2025-04-27 18:40:39,575 - INFO -    - Precio Loyverse: 110.0 VES
2025-04-27 18:40:39,576 - INFO -    - Tasa aplicada: 95.0
2025-04-27 18:40:39,576 - INFO -    - Precio USD calculado: 1.16 USD
2025-04-27 18:40:39,576 - INFO -    - Tipo tasa: PARALELO
2025-04-27 18:40:39,577 - INFO -    - Categoría: Varios
2025-04-27 18:40:39,881 - INFO - ➕ Nuevo producto creado: Gatorade Gatorade 400ml (ID: 21bbfd68-8c54-4644-8175-f862d8adc0f4)
2025-04-27 18:40:39,882 - INFO -    - Precio Loyverse: 115.0 VES
2025-04-27 18:40:39,882 - INFO -    - Tasa aplicada: 95.0
2025-04-27 18:40:39,883 - INFO -    - Precio USD calculado: 1.21 USD
2025-04-27 18:40:39,883 - INFO -    - Tipo tasa: PARALELO
2025-04-27 18:40:39,883 - INFO -    - Categoría: Bebidas
2025-04-27 18:40:39,963 - INFO - ➕ Nuevo producto creado: Gelatina Rolda (ID: 1486a5bb-68d9-4d65-ae6f-96ad51e685fb)
2025-04-27 18:40:39,964 - INFO -    - Precio Loyverse: 185.0 VES
2025-04-27 18:40:39,964 - INFO -    - Tasa aplicada: 95.0
2025-04-27 18:40:39,964 - INFO -    - Precio USD calculado: 1.95 USD
2025-04-27 18:40:39,965 - INFO -    - Tipo tasa: PARALELO
2025-04-27 18:40:39,965 - INFO -    - Categoría: Higiene
2025-04-27 18:40:40,227 - INFO - ➕ Nuevo producto creado: Golpe Ranchero grande (ID: 7f98f1ed-737d-45b0-8327-fd480fc4e884)
2025-04-27 18:40:40,227 - INFO -    - Precio Loyverse: 195.0 VES
2025-04-27 18:40:40,228 - INFO -    - Tasa aplicada: 95.0
2025-04-27 18:40:40,228 - INFO -    - Precio USD calculado: 2.05 USD
2025-04-27 18:40:40,229 - INFO -    - Tipo tasa: PARALELO
2025-04-27 18:40:40,229 - INFO -    - Categoría: Chucheria
2025-04-27 18:40:40,311 - INFO - ➕ Nuevo producto creado: Golpe Ranchero tira pequeño (ID: 7e309567-f760-4fb6-83c5-d6e5b1e57062)
2025-04-27 18:40:40,312 - INFO -    - Precio Loyverse: 50.0 VES
2025-04-27 18:40:40,312 - INFO -    - Tasa aplicada: 95.0
2025-04-27 18:40:40,312 - INFO -    - Precio USD calculado: 0.53 USD
2025-04-27 18:40:40,313 - INFO -    - Tipo tasa: PARALELO
2025-04-27 18:40:40,313 - INFO -    - Categoría: Chucheria
2025-04-27 18:40:40,479 - INFO - ➕ Nuevo producto creado: Gomitas Play (snacks) Paquete (ID: 2d1c5d5b-5e1e-47a0-bc56-bc2c64e9fe36)
2025-04-27 18:40:40,479 - INFO -    - Precio Loyverse: 40.0 VES
2025-04-27 18:40:40,480 - INFO -    - Tasa aplicada: 95.0
2025-04-27 18:40:40,480 - INFO -    - Precio USD calculado: 0.42 USD
2025-04-27 18:40:40,480 - INFO -    - Tipo tasa: PARALELO
2025-04-27 18:40:40,480 - INFO -    - Categoría: Chucheria
2025-04-27 18:40:40,576 - INFO - ➕ Nuevo producto creado: Kaly (ID: 73de9c2c-c951-4f55-8dc4-66882bd73d5b)
2025-04-27 18:40:40,576 - INFO -    - Precio Loyverse: 95.0 VES
2025-04-27 18:40:40,577 - INFO -    - Tasa aplicada: 95.0
2025-04-27 18:40:40,577 - INFO -    - Precio USD calculado: 1.00 USD
2025-04-27 18:40:40,578 - INFO -    - Tipo tasa: PARALELO
2025-04-27 18:40:40,578 - INFO -    - Categoría: Comida
2025-04-27 18:40:40,663 - INFO - ➕ Nuevo producto creado: kaly premium (ID: 0fad8a3f-7a27-48b9-a825-05f397039563)
2025-04-27 18:40:40,663 - INFO -    - Precio Loyverse: 80.0 VES
2025-04-27 18:40:40,664 - INFO -    - Tasa aplicada: 95.0
2025-04-27 18:40:40,665 - INFO -    - Precio USD calculado: 0.84 USD
2025-04-27 18:40:40,665 - INFO -    - Tipo tasa: PARALELO
2025-04-27 18:40:40,665 - INFO -    - Categoría: Comida
2025-04-27 18:40:40,845 - INFO - ➕ Nuevo producto creado: harina de maiz mary (ID: 16bceb97-49be-4988-a7b1-b87bd396a7cc)
2025-04-27 18:40:40,845 - INFO -    - Precio Loyverse: 95.0 VES
2025-04-27 18:40:40,847 - INFO -    - Tasa aplicada: 95.0
2025-04-27 18:40:40,847 - INFO -    - Precio USD calculado: 1.00 USD
2025-04-27 18:40:40,847 - INFO -    - Tipo tasa: PARALELO
2025-04-27 18:40:40,847 - INFO -    - Categoría: Comida
2025-04-27 18:40:40,928 - INFO - ➕ Nuevo producto creado: harina pan arroz (ID: ad7567c7-f113-4a8f-9d91-6bdfe74e5e21)
2025-04-27 18:40:40,929 - INFO -    - Precio Loyverse: 80.0 VES
2025-04-27 18:40:40,929 - INFO -    - Tasa aplicada: 95.0
2025-04-27 18:40:40,930 - INFO -    - Precio USD calculado: 0.84 USD
2025-04-27 18:40:40,930 - INFO -    - Tipo tasa: PARALELO
2025-04-27 18:40:40,930 - INFO -    - Categoría: Comida
2025-04-27 18:40:41,015 - INFO - ➕ Nuevo producto creado: harina Pan Pan (ID: 52c4b643-a9f6-4696-842c-9e9a46b3f2b1)
2025-04-27 18:40:41,016 - INFO -    - Precio Loyverse: 95.0 VES
2025-04-27 18:40:41,016 - INFO -    - Tasa aplicada: 95.0
2025-04-27 18:40:41,016 - INFO -    - Precio USD calculado: 1.00 USD
2025-04-27 18:40:41,017 - INFO -    - Tipo tasa: PARALELO
2025-04-27 18:40:41,017 - INFO -    - Categoría: Comida
2025-04-27 18:40:41,098 - INFO - ➕ Nuevo producto creado: Harina de Trigo Doña Maria KG (ID: 54fb1698-7e2b-4677-a4bb-86c85ba3447c)
2025-04-27 18:40:41,098 - INFO -    - Precio Loyverse: 170.0 VES
2025-04-27 18:40:41,098 - INFO -    - Tasa aplicada: 95.0
2025-04-27 18:40:41,100 - INFO -    - Precio USD calculado: 1.79 USD
2025-04-27 18:40:41,100 - INFO -    - Tipo tasa: PARALELO
2025-04-27 18:40:41,100 - INFO -    - Categoría: Comida
2025-04-27 18:40:41,185 - INFO - ➕ Nuevo producto creado: harina de trigo mary leudante kg (ID: 4585900e-50d4-4c71-96f7-2525dd3a16b0)
2025-04-27 18:40:41,185 - INFO -    - Precio Loyverse: 105.0 VES
2025-04-27 18:40:41,187 - INFO -    - Tasa aplicada: 95.0
2025-04-27 18:40:41,187 - INFO -    - Precio USD calculado: 1.11 USD
2025-04-27 18:40:41,187 - INFO -    - Tipo tasa: PARALELO
2025-04-27 18:40:41,188 - INFO -    - Categoría: Comida
2025-04-27 18:40:41,273 - INFO - ➕ Nuevo producto creado: Hoja Resma Resma (ID: c4c4e89f-6832-458b-af64-5e3d652770a3)
2025-04-27 18:40:41,273 - INFO -    - Precio Loyverse: 1.0 VES
2025-04-27 18:40:41,274 - INFO -    - Tasa aplicada: 95.0
2025-04-27 18:40:41,274 - INFO -    - Precio USD calculado: 0.01 USD
2025-04-27 18:40:41,275 - INFO -    - Tipo tasa: PARALELO
2025-04-27 18:40:41,275 - INFO -    - Categoría: Papeleria
2025-04-27 18:40:41,359 - INFO - ➕ Nuevo producto creado: Hojilla Dorco Unidad (ID: eff063c2-bab9-42b6-b795-964eb7a5f3bd)
2025-04-27 18:40:41,359 - INFO -    - Precio Loyverse: 20.0 VES
2025-04-27 18:40:41,359 - INFO -    - Tasa aplicada: 95.0
2025-04-27 18:40:41,360 - INFO -    - Precio USD calculado: 0.21 USD
2025-04-27 18:40:41,360 - INFO -    - Tipo tasa: PARALELO
2025-04-27 18:40:41,360 - INFO -    - Categoría: Varios
2025-04-27 18:40:41,769 - INFO - ➕ Nuevo producto creado: hony bran puig (ID: bb4c6cc4-100f-4c44-8811-79b5f08af970)
2025-04-27 18:40:41,770 - INFO -    - Precio Loyverse: 35.0 VES
2025-04-27 18:40:41,770 - INFO -    - Tasa aplicada: 95.0
2025-04-27 18:40:41,771 - INFO -    - Precio USD calculado: 0.37 USD
2025-04-27 18:40:41,771 - INFO -    - Tipo tasa: PARALELO
2025-04-27 18:40:41,772 - INFO -    - Categoría: Chucheria
2025-04-27 18:40:41,852 - INFO - ➕ Nuevo producto creado: huevos (ID: 21a532af-e5b6-4b19-9820-e48475f3ed0a)
2025-04-27 18:40:41,852 - INFO -    - Precio Loyverse: 25.0 VES
2025-04-27 18:40:41,853 - INFO -    - Tasa aplicada: 95.0
2025-04-27 18:40:41,853 - INFO -    - Precio USD calculado: 0.26 USD
2025-04-27 18:40:41,853 - INFO -    - Tipo tasa: PARALELO
2025-04-27 18:40:41,854 - INFO -    - Categoría: Comida
2025-04-27 18:40:42,160 - INFO - ➕ Nuevo producto creado: iancarina tip top (ID: 0154a353-6c46-454a-babe-74d596d274f5)
2025-04-27 18:40:42,161 - INFO -    - Precio Loyverse: 75.0 VES
2025-04-27 18:40:42,161 - INFO -    - Tasa aplicada: 95.0
2025-04-27 18:40:42,161 - INFO -    - Precio USD calculado: 0.79 USD
2025-04-27 18:40:42,162 - INFO -    - Tipo tasa: PARALELO
2025-04-27 18:40:42,162 - INFO -    - Categoría: Chucheria
2025-04-27 18:40:42,245 - INFO - ➕ Nuevo producto creado: Impresiones color (ID: 4d2c204d-5a12-4efc-8ca3-a24154260180)
2025-04-27 18:40:42,246 - INFO -    - Precio Loyverse: 0 VES
2025-04-27 18:40:42,246 - INFO -    - Tasa aplicada: 95.0
2025-04-27 18:40:42,247 - INFO -    - Precio USD calculado: 0 USD
2025-04-27 18:40:42,247 - INFO -    - Tipo tasa: PARALELO
2025-04-27 18:40:42,247 - INFO -    - Categoría: Papeleria
2025-04-27 18:40:42,351 - INFO - ➕ Nuevo producto creado: inyectadora JERINGA 3cc 5cc (ID: f70e81cd-d14c-433c-a765-04f773b42f60)
2025-04-27 18:40:42,351 - INFO -    - Precio Loyverse: 25.0 VES
2025-04-27 18:40:42,352 - INFO -    - Tasa aplicada: 95.0
2025-04-27 18:40:42,352 - INFO -    - Precio USD calculado: 0.26 USD
2025-04-27 18:40:42,352 - INFO -    - Tipo tasa: PARALELO
2025-04-27 18:40:42,352 - INFO -    - Categoría: Farmacia
2025-04-27 18:40:42,434 - INFO - ➕ Nuevo producto creado: Italiano Waffle (ID: 01ed8800-8e45-4705-b22b-422c4bcf2689)
2025-04-27 18:40:42,434 - INFO -    - Precio Loyverse: 40.0 VES
2025-04-27 18:40:42,435 - INFO -    - Tasa aplicada: 95.0
2025-04-27 18:40:42,435 - INFO -    - Precio USD calculado: 0.42 USD
2025-04-27 18:40:42,435 - INFO -    - Tipo tasa: PARALELO
2025-04-27 18:40:42,435 - INFO -    - Categoría: Chucheria
2025-04-27 18:40:42,526 - INFO - ➕ Nuevo producto creado: Jabon Anita 125g (ID: 2ba8d390-6f0d-4545-844e-aac4e1cf1775)
2025-04-27 18:40:42,527 - INFO -    - Precio Loyverse: 95.0 VES
2025-04-27 18:40:42,527 - INFO -    - Tasa aplicada: 95.0
2025-04-27 18:40:42,528 - INFO -    - Precio USD calculado: 1.00 USD
2025-04-27 18:40:42,528 - INFO -    - Tipo tasa: PARALELO
2025-04-27 18:40:42,528 - INFO -    - Categoría: Higiene
2025-04-27 18:40:42,615 - INFO - ➕ Nuevo producto creado: Jabon Anita 90g (ID: 2501276e-c885-4826-9c9e-1715292e834d)
2025-04-27 18:40:42,616 - INFO -    - Precio Loyverse: 65.0 VES
2025-04-27 18:40:42,616 - INFO -    - Tasa aplicada: 95.0
2025-04-27 18:40:42,616 - INFO -    - Precio USD calculado: 0.68 USD
2025-04-27 18:40:42,617 - INFO -    - Tipo tasa: PARALELO
2025-04-27 18:40:42,617 - INFO -    - Categoría: Higiene
2025-04-27 18:40:42,697 - INFO - ➕ Nuevo producto creado: Jabon azul rombo (ID: 69d9585d-8192-418c-ad78-3f9b8ee92d1a)
2025-04-27 18:40:42,697 - INFO -    - Precio Loyverse: 60.0 VES
2025-04-27 18:40:42,697 - INFO -    - Tasa aplicada: 95.0
2025-04-27 18:40:42,698 - INFO -    - Precio USD calculado: 0.63 USD
2025-04-27 18:40:42,698 - INFO -    - Tipo tasa: PARALELO
2025-04-27 18:40:42,698 - INFO -    - Categoría: Higiene
2025-04-27 18:40:42,781 - INFO - ➕ Nuevo producto creado: Jabon en polvo alive 1kg (ID: ae2c2273-380d-46b2-bcdb-422aed8000f9)
2025-04-27 18:40:42,781 - INFO -    - Precio Loyverse: 190.0 VES
2025-04-27 18:40:42,781 - INFO -    - Tasa aplicada: 95.0
2025-04-27 18:40:42,782 - INFO -    - Precio USD calculado: 2.00 USD
2025-04-27 18:40:42,782 - INFO -    - Tipo tasa: PARALELO
2025-04-27 18:40:42,782 - INFO -    - Categoría: Higiene
2025-04-27 18:40:42,864 - INFO - ➕ Nuevo producto creado: Jabon en polvo alive 200g (ID: 99f6979b-a9a3-4e4f-be26-a22e9893e983)
2025-04-27 18:40:42,865 - INFO -    - Precio Loyverse: 40.0 VES
2025-04-27 18:40:42,865 - INFO -    - Tasa aplicada: 95.0
2025-04-27 18:40:42,866 - INFO -    - Precio USD calculado: 0.42 USD
2025-04-27 18:40:42,866 - INFO -    - Tipo tasa: PARALELO
2025-04-27 18:40:42,867 - INFO -    - Categoría: Higiene
2025-04-27 18:40:42,948 - INFO - ➕ Nuevo producto creado: Jabon en polvo alive 500g (ID: 59fb663b-2d7e-4dda-9fd7-fa97184b9dba)
2025-04-27 18:40:42,948 - INFO -    - Precio Loyverse: 100.0 VES
2025-04-27 18:40:42,948 - INFO -    - Tasa aplicada: 95.0
2025-04-27 18:40:42,949 - INFO -    - Precio USD calculado: 1.05 USD
2025-04-27 18:40:42,950 - INFO -    - Tipo tasa: PARALELO
2025-04-27 18:40:42,950 - INFO -    - Categoría: Higiene
2025-04-27 18:40:43,045 - INFO - ➕ Nuevo producto creado: Jabon en polvo Vea (ID: f45e98f4-3016-4e2b-835e-cfaace22490d)
2025-04-27 18:40:43,045 - INFO -    - Precio Loyverse: 90.0 VES
2025-04-27 18:40:43,045 - INFO -    - Tasa aplicada: 95.0
2025-04-27 18:40:43,045 - INFO -    - Precio USD calculado: 0.95 USD
2025-04-27 18:40:43,047 - INFO -    - Tipo tasa: PARALELO
2025-04-27 18:40:43,047 - INFO -    - Categoría: Higiene
2025-04-27 18:40:43,129 - INFO - ➕ Nuevo producto creado: Jabon Harmony (ID: dca026d7-173b-4ed0-b45e-acc1436fa50d)
2025-04-27 18:40:43,129 - INFO -    - Precio Loyverse: 50.0 VES
2025-04-27 18:40:43,129 - INFO -    - Tasa aplicada: 95.0
2025-04-27 18:40:43,130 - INFO -    - Precio USD calculado: 0.53 USD
2025-04-27 18:40:43,130 - INFO -    - Tipo tasa: PARALELO
2025-04-27 18:40:43,131 - INFO -    - Categoría: Higiene
2025-04-27 18:40:43,218 - INFO - ➕ Nuevo producto creado: Jabon Las Llaves (ID: 28507a6f-7aec-4df2-af69-833157872498)
2025-04-27 18:40:43,219 - INFO -    - Precio Loyverse: 90.0 VES
2025-04-27 18:40:43,219 - INFO -    - Tasa aplicada: 95.0
2025-04-27 18:40:43,220 - INFO -    - Precio USD calculado: 0.95 USD
2025-04-27 18:40:43,220 - INFO -    - Tipo tasa: PARALELO
2025-04-27 18:40:43,220 - INFO -    - Categoría: Higiene
2025-04-27 18:40:43,303 - INFO - ➕ Nuevo producto creado: Jabon Medicare 90G (ID: 156ad4e0-afa2-4316-a03b-13ecdce21bed)
2025-04-27 18:40:43,303 - INFO -    - Precio Loyverse: 75.0 VES
2025-04-27 18:40:43,303 - INFO -    - Tasa aplicada: 95.0
2025-04-27 18:40:43,304 - INFO -    - Precio USD calculado: 0.79 USD
2025-04-27 18:40:43,304 - INFO -    - Tipo tasa: PARALELO
2025-04-27 18:40:43,304 - INFO -    - Categoría: Higiene
2025-04-27 18:40:43,387 - INFO - ➕ Nuevo producto creado: jabon mennen (ID: f1e1e32c-4874-4eee-ba05-5fb447bd4d63)
2025-04-27 18:40:43,387 - INFO -    - Precio Loyverse: 55.0 VES
2025-04-27 18:40:43,388 - INFO -    - Tasa aplicada: 95.0
2025-04-27 18:40:43,388 - INFO -    - Precio USD calculado: 0.58 USD
2025-04-27 18:40:43,389 - INFO -    - Tipo tasa: PARALELO
2025-04-27 18:40:43,389 - INFO -    - Categoría: Higiene
2025-04-27 18:40:43,472 - INFO - ➕ Nuevo producto creado: jabon popular 150g (ID: 45a5dd3c-dda3-435b-b634-9a4da275b9ea)
2025-04-27 18:40:43,473 - INFO -    - Precio Loyverse: 65.0 VES
2025-04-27 18:40:43,473 - INFO -    - Tasa aplicada: 95.0
2025-04-27 18:40:43,474 - INFO -    - Precio USD calculado: 0.68 USD
2025-04-27 18:40:43,474 - INFO -    - Tipo tasa: PARALELO
2025-04-27 18:40:43,474 - INFO -    - Categoría: Higiene
2025-04-27 18:40:43,555 - INFO - ➕ Nuevo producto creado: jugo frutsi pequeño (ID: a4a1b8a0-fb82-4b6f-a787-11333740bc8b)
2025-04-27 18:40:43,556 - INFO -    - Precio Loyverse: 35.0 VES
2025-04-27 18:40:43,556 - INFO -    - Tasa aplicada: 95.0
2025-04-27 18:40:43,556 - INFO -    - Precio USD calculado: 0.37 USD
2025-04-27 18:40:43,556 - INFO -    - Tipo tasa: PARALELO
2025-04-27 18:40:43,557 - INFO -    - Categoría: Bebidas
2025-04-27 18:40:43,671 - INFO - ➕ Nuevo producto creado: jugo natulac 1l (ID: e7f8d3ff-0871-4682-8a8c-4aa37bc7770f)
2025-04-27 18:40:43,671 - INFO -    - Precio Loyverse: 175.0 VES
2025-04-27 18:40:43,671 - INFO -    - Tasa aplicada: 95.0
2025-04-27 18:40:43,672 - INFO -    - Precio USD calculado: 1.84 USD
2025-04-27 18:40:43,672 - INFO -    - Tipo tasa: PARALELO
2025-04-27 18:40:43,673 - INFO -    - Categoría: Bebidas
2025-04-27 18:40:43,755 - INFO - ➕ Nuevo producto creado: JUGO PULP (ID: b66592db-faa3-4050-b6ab-beae20a2cbaa)
2025-04-27 18:40:43,756 - INFO -    - Precio Loyverse: 30.0 VES
2025-04-27 18:40:43,756 - INFO -    - Tasa aplicada: 95.0
2025-04-27 18:40:43,756 - INFO -    - Precio USD calculado: 0.32 USD
2025-04-27 18:40:43,757 - INFO -    - Tipo tasa: PARALELO
2025-04-27 18:40:43,757 - INFO -    - Categoría: Bebidas
2025-04-27 18:40:43,837 - INFO - ➕ Nuevo producto creado: jugo valencia 1l (ID: 8cf4cf14-6722-46f1-99a9-7c4f1c8412b2)
2025-04-27 18:40:43,838 - INFO -    - Precio Loyverse: 130.0 VES
2025-04-27 18:40:43,839 - INFO -    - Tasa aplicada: 95.0
2025-04-27 18:40:43,839 - INFO -    - Precio USD calculado: 1.37 USD
2025-04-27 18:40:43,839 - INFO -    - Tipo tasa: PARALELO
2025-04-27 18:40:43,840 - INFO -    - Categoría: Bebidas
2025-04-27 18:40:43,930 - INFO - ➕ Nuevo producto creado: Justy Justy Naranja 1,5L (ID: e61adcca-78f5-4778-be9d-b5dd17fdff89)
2025-04-27 18:40:43,931 - INFO -    - Precio Loyverse: 85.0 VES
2025-04-27 18:40:43,931 - INFO -    - Tasa aplicada: 95.0
2025-04-27 18:40:43,931 - INFO -    - Precio USD calculado: 0.89 USD
2025-04-27 18:40:43,932 - INFO -    - Tipo tasa: PARALELO
2025-04-27 18:40:43,932 - INFO -    - Categoría: Bebidas
2025-04-27 18:40:44,016 - INFO - ➕ Nuevo producto creado: kataboom caramelo (ID: 413f7617-d4a6-4c7f-bbf8-fedd9b116efc)
2025-04-27 18:40:44,016 - INFO -    - Precio Loyverse: 5.0 VES
2025-04-27 18:40:44,017 - INFO -    - Tasa aplicada: 95.0
2025-04-27 18:40:44,017 - INFO -    - Precio USD calculado: 0.05 USD
2025-04-27 18:40:44,017 - INFO -    - Tipo tasa: PARALELO
2025-04-27 18:40:44,017 - INFO -    - Categoría: Chucheria
2025-04-27 18:40:44,103 - INFO - ➕ Nuevo producto creado: keks roll (ID: f9dd003a-c644-4473-8c05-cc480a23cbd2)
2025-04-27 18:40:44,104 - INFO -    - Precio Loyverse: 35.0 VES
2025-04-27 18:40:44,104 - INFO -    - Tasa aplicada: 95.0
2025-04-27 18:40:44,105 - INFO -    - Precio USD calculado: 0.37 USD
2025-04-27 18:40:44,105 - INFO -    - Tipo tasa: PARALELO
2025-04-27 18:40:44,106 - INFO -    - Categoría: Chucheria
2025-04-27 18:40:44,197 - INFO - ➕ Nuevo producto creado: keramix champu (ID: 2ec22b40-6175-4959-89da-16c084198ce0)
2025-04-27 18:40:44,197 - INFO -    - Precio Loyverse: 55.0 VES
2025-04-27 18:40:44,198 - INFO -    - Tasa aplicada: 95.0
2025-04-27 18:40:44,198 - INFO -    - Precio USD calculado: 0.58 USD
2025-04-27 18:40:44,198 - INFO -    - Tipo tasa: PARALELO
2025-04-27 18:40:44,199 - INFO -    - Categoría: Higiene
2025-04-27 18:40:44,300 - INFO - ➕ Nuevo producto creado: kraker bran puig (ID: 0df3fee8-7c08-4b55-8a91-ee87781a234d)
2025-04-27 18:40:44,300 - INFO -    - Precio Loyverse: 35.0 VES
2025-04-27 18:40:44,301 - INFO -    - Tasa aplicada: 95.0
2025-04-27 18:40:44,301 - INFO -    - Precio USD calculado: 0.37 USD
2025-04-27 18:40:44,302 - INFO -    - Tipo tasa: PARALELO
2025-04-27 18:40:44,302 - INFO -    - Categoría: Chucheria
2025-04-27 18:40:44,386 - INFO - ➕ Nuevo producto creado: lapicero bernice unidad (ID: eb9511a0-5457-48b6-bd1b-4c72123dc2bd)
2025-04-27 18:40:44,386 - INFO -    - Precio Loyverse: 15.0 VES
2025-04-27 18:40:44,386 - INFO -    - Tasa aplicada: 95.0
2025-04-27 18:40:44,386 - INFO -    - Precio USD calculado: 0.16 USD
2025-04-27 18:40:44,387 - INFO -    - Tipo tasa: PARALELO
2025-04-27 18:40:44,387 - INFO -    - Categoría: Papeleria
2025-04-27 18:40:44,765 - INFO - ➕ Nuevo producto creado: Lapiz Mongol (ID: a06c3947-bb6c-48b4-a597-6de30bd2734d)
2025-04-27 18:40:44,765 - INFO -    - Precio Loyverse: 15.0 VES
2025-04-27 18:40:44,767 - INFO -    - Tasa aplicada: 95.0
2025-04-27 18:40:44,767 - INFO -    - Precio USD calculado: 0.16 USD
2025-04-27 18:40:44,767 - INFO -    - Tipo tasa: PARALELO
2025-04-27 18:40:44,768 - INFO -    - Categoría: Papeleria
2025-04-27 18:40:45,085 - INFO - ➕ Nuevo producto creado: lavaplato oso blanco (ID: 1e68a8be-3f86-46c6-a563-24d8197bc081)
2025-04-27 18:40:45,085 - INFO -    - Precio Loyverse: 110.0 VES
2025-04-27 18:40:45,086 - INFO -    - Tasa aplicada: 95.0
2025-04-27 18:40:45,086 - INFO -    - Precio USD calculado: 1.16 USD
2025-04-27 18:40:45,087 - INFO -    - Tipo tasa: PARALELO
2025-04-27 18:40:45,087 - INFO -    - Categoría: Higiene
2025-04-27 18:40:45,463 - INFO - ➕ Nuevo producto creado: leche purelac 200g (ID: fd3062de-d81c-419c-8a50-cee546139773)
2025-04-27 18:40:45,464 - INFO -    - Precio Loyverse: 140.0 VES
2025-04-27 18:40:45,465 - INFO -    - Tasa aplicada: 95.0
2025-04-27 18:40:45,465 - INFO -    - Precio USD calculado: 1.47 USD
2025-04-27 18:40:45,465 - INFO -    - Tipo tasa: PARALELO
2025-04-27 18:40:45,465 - INFO -    - Categoría: Comida
2025-04-27 18:40:45,785 - INFO - ➕ Nuevo producto creado: Leche Condensada Cremor (ID: efb0ebdb-3732-4b77-aa31-3b345fdc254b)
2025-04-27 18:40:45,785 - INFO -    - Precio Loyverse: 160.0 VES
2025-04-27 18:40:45,785 - INFO -    - Tasa aplicada: 95.0
2025-04-27 18:40:45,786 - INFO -    - Precio USD calculado: 1.68 USD
2025-04-27 18:40:45,787 - INFO -    - Tipo tasa: PARALELO
2025-04-27 18:40:45,787 - INFO -    - Categoría: Chucheria
2025-04-27 18:40:46,106 - INFO - ➕ Nuevo producto creado: Leche Dobon 120g (ID: 2b4d37e5-0719-44de-9f2f-2fa4038f36cc)
2025-04-27 18:40:46,107 - INFO -    - Precio Loyverse: 115.0 VES
2025-04-27 18:40:46,108 - INFO -    - Tasa aplicada: 95.0
2025-04-27 18:40:46,108 - INFO -    - Precio USD calculado: 1.21 USD
2025-04-27 18:40:46,109 - INFO -    - Tipo tasa: PARALELO
2025-04-27 18:40:46,109 - INFO -    - Categoría: Comida
2025-04-27 18:40:46,432 - INFO - ➕ Nuevo producto creado: leche dobon 200g (ID: 78e2fd36-aa06-40fe-9135-10232cc62f28)
2025-04-27 18:40:46,433 - INFO -    - Precio Loyverse: 190.0 VES
2025-04-27 18:40:46,433 - INFO -    - Tasa aplicada: 95.0
2025-04-27 18:40:46,433 - INFO -    - Precio USD calculado: 2.00 USD
2025-04-27 18:40:46,435 - INFO -    - Tipo tasa: PARALELO
2025-04-27 18:40:46,435 - INFO -    - Categoría: Comida
2025-04-27 18:40:46,756 - INFO - ➕ Nuevo producto creado: leche liquida carabobo 1l (ID: b532a9b2-31c1-435a-8aae-f1c8821e95a5)
2025-04-27 18:40:46,757 - INFO -    - Precio Loyverse: 175.0 VES
2025-04-27 18:40:46,757 - INFO -    - Tasa aplicada: 95.0
2025-04-27 18:40:46,758 - INFO -    - Precio USD calculado: 1.84 USD
2025-04-27 18:40:46,758 - INFO -    - Tipo tasa: PARALELO
2025-04-27 18:40:46,759 - INFO -    - Categoría: Comida
2025-04-27 18:40:47,089 - INFO - ➕ Nuevo producto creado: leche liquida purissima 1l (ID: ec9b2ac5-b311-488a-b6d7-23359a4950fc)
2025-04-27 18:40:47,089 - INFO -    - Precio Loyverse: 190.0 VES
2025-04-27 18:40:47,090 - INFO -    - Tasa aplicada: 95.0
2025-04-27 18:40:47,090 - INFO -    - Precio USD calculado: 2.00 USD
2025-04-27 18:40:47,090 - INFO -    - Tipo tasa: PARALELO
2025-04-27 18:40:47,091 - INFO -    - Categoría: Comida
2025-04-27 18:40:47,396 - INFO - ➕ Nuevo producto creado: leche los andes 200g (ID: b53e2be4-3323-4a47-ba7a-51d72580ea57)
2025-04-27 18:40:47,397 - INFO -    - Precio Loyverse: 205.0 VES
2025-04-27 18:40:47,397 - INFO -    - Tasa aplicada: 95.0
2025-04-27 18:40:47,397 - INFO -    - Precio USD calculado: 2.16 USD
2025-04-27 18:40:47,398 - INFO -    - Tipo tasa: PARALELO
2025-04-27 18:40:47,398 - INFO -    - Categoría: Comida
2025-04-27 18:40:47,587 - INFO - ➕ Nuevo producto creado: leche san simon 125g (ID: d3c42e3d-e2a1-4a38-9e12-5e7d7086c737)
2025-04-27 18:40:47,588 - INFO -    - Precio Loyverse: 145.0 VES
2025-04-27 18:40:47,588 - INFO -    - Tasa aplicada: 95.0
2025-04-27 18:40:47,588 - INFO -    - Precio USD calculado: 1.53 USD
2025-04-27 18:40:47,589 - INFO -    - Tipo tasa: PARALELO
2025-04-27 18:40:47,589 - INFO -    - Categoría: Comida
2025-04-27 18:40:47,779 - INFO - ➕ Nuevo producto creado: lentejas Mary (ID: 196ebfe5-c741-4822-a223-325250c8ee44)
2025-04-27 18:40:47,780 - INFO -    - Precio Loyverse: 140.0 VES
2025-04-27 18:40:47,780 - INFO -    - Tasa aplicada: 95.0
2025-04-27 18:40:47,780 - INFO -    - Precio USD calculado: 1.47 USD
2025-04-27 18:40:47,781 - INFO -    - Tipo tasa: PARALELO
2025-04-27 18:40:47,781 - INFO -    - Categoría: Comida
2025-04-27 18:40:47,863 - INFO - ➕ Nuevo producto creado: lentejas michacha (ID: 49a38073-a759-4a1f-bb3c-5adac4853606)
2025-04-27 18:40:47,864 - INFO -    - Precio Loyverse: 160.0 VES
2025-04-27 18:40:47,865 - INFO -    - Tasa aplicada: 95.0
2025-04-27 18:40:47,865 - INFO -    - Precio USD calculado: 1.68 USD
2025-04-27 18:40:47,865 - INFO -    - Tipo tasa: PARALELO
2025-04-27 18:40:47,865 - INFO -    - Categoría: Comida
2025-04-27 18:40:48,140 - INFO - ➕ Nuevo producto creado: Liga de Cabello (ID: b76389bb-f450-47c4-828a-55830bc49ac9)
2025-04-27 18:40:48,140 - INFO -    - Precio Loyverse: 40.0 VES
2025-04-27 18:40:48,141 - INFO -    - Tasa aplicada: 95.0
2025-04-27 18:40:48,142 - INFO -    - Precio USD calculado: 0.42 USD
2025-04-27 18:40:48,142 - INFO -    - Tipo tasa: PARALELO
2025-04-27 18:40:48,142 - INFO -    - Categoría: Varios
2025-04-27 18:40:48,233 - INFO - ➕ Nuevo producto creado: limon (ID: 313270fc-8668-4b65-9ee0-9dc45a33d281)
2025-04-27 18:40:48,234 - INFO -    - Precio Loyverse: 210.0 VES
2025-04-27 18:40:48,234 - INFO -    - Tasa aplicada: 95.0
2025-04-27 18:40:48,235 - INFO -    - Precio USD calculado: 2.21 USD
2025-04-27 18:40:48,235 - INFO -    - Tipo tasa: PARALELO
2025-04-27 18:40:48,235 - INFO -    - Categoría: Coche
2025-04-27 18:40:48,326 - INFO - ➕ Nuevo producto creado: Lucky (ID: 72555907-b787-4561-add5-0da09cb47c93)
2025-04-27 18:40:48,326 - INFO -    - Precio Loyverse: 15.0 VES
2025-04-27 18:40:48,326 - INFO -    - Tasa aplicada: 95.0
2025-04-27 18:40:48,327 - INFO -    - Precio USD calculado: 0.16 USD
2025-04-27 18:40:48,327 - INFO -    - Tipo tasa: PARALELO
2025-04-27 18:40:48,327 - INFO -    - Categoría: Cigarros
2025-04-27 18:40:48,413 - INFO - ➕ Nuevo producto creado: Maizina Americana PEQUEÑA (ID: df4c8157-1aab-4b75-a022-0a81c16d64f3)
2025-04-27 18:40:48,413 - INFO -    - Precio Loyverse: 70.0 VES
2025-04-27 18:40:48,413 - INFO -    - Tasa aplicada: 95.0
2025-04-27 18:40:48,414 - INFO -    - Precio USD calculado: 0.74 USD
2025-04-27 18:40:48,414 - INFO -    - Tipo tasa: PARALELO
2025-04-27 18:40:48,415 - INFO -    - Categoría: Comida
2025-04-27 18:40:48,497 - INFO - ➕ Nuevo producto creado: malta 1l (ID: 93580c62-61b5-4f12-8d73-2b56d21f98e7)
2025-04-27 18:40:48,498 - INFO -    - Precio Loyverse: 205.0 VES
2025-04-27 18:40:48,498 - INFO -    - Tasa aplicada: 95.0
2025-04-27 18:40:48,498 - INFO -    - Precio USD calculado: 2.16 USD
2025-04-27 18:40:48,498 - INFO -    - Tipo tasa: PARALELO
2025-04-27 18:40:48,499 - INFO -    - Categoría: Bebidas
2025-04-27 18:40:48,618 - INFO - ➕ Nuevo producto creado: Malta 255ML (ID: 1d8107fc-17bf-43b6-9332-e73cdb3b27fd)
2025-04-27 18:40:48,618 - INFO -    - Precio Loyverse: 55.0 VES
2025-04-27 18:40:48,619 - INFO -    - Tasa aplicada: 95.0
2025-04-27 18:40:48,619 - INFO -    - Precio USD calculado: 0.58 USD
2025-04-27 18:40:48,619 - INFO -    - Tipo tasa: PARALELO
2025-04-27 18:40:48,620 - INFO -    - Categoría: Bebidas
2025-04-27 18:40:48,705 - INFO - ➕ Nuevo producto creado: mantequilla Deline 250g (ID: 0d29807c-140e-4d2a-aace-89fb04f2d5c5)
2025-04-27 18:40:48,705 - INFO -    - Precio Loyverse: 105.0 VES
2025-04-27 18:40:48,706 - INFO -    - Tasa aplicada: 95.0
2025-04-27 18:40:48,706 - INFO -    - Precio USD calculado: 1.11 USD
2025-04-27 18:40:48,706 - INFO -    - Tipo tasa: PARALELO
2025-04-27 18:40:48,706 - INFO -    - Categoría: Comida
2025-04-27 18:40:48,790 - INFO - ➕ Nuevo producto creado: mantequilla mavesa 250g (ID: bfa3d3e4-49da-4b1e-bb04-325c31c9dda7)
2025-04-27 18:40:48,791 - INFO -    - Precio Loyverse: 145.0 VES
2025-04-27 18:40:48,791 - INFO -    - Tasa aplicada: 95.0
2025-04-27 18:40:48,791 - INFO -    - Precio USD calculado: 1.53 USD
2025-04-27 18:40:48,792 - INFO -    - Tipo tasa: PARALELO
2025-04-27 18:40:48,792 - INFO -    - Categoría: Comida
2025-04-27 18:40:48,937 - INFO - ➕ Nuevo producto creado: mantequilla mavesa 500g (ID: 155927ad-3add-4d24-bc9f-3cbd52d605f4)
2025-04-27 18:40:48,938 - INFO -    - Precio Loyverse: 255.0 VES
2025-04-27 18:40:48,938 - INFO -    - Tasa aplicada: 95.0
2025-04-27 18:40:48,939 - INFO -    - Precio USD calculado: 2.68 USD
2025-04-27 18:40:48,939 - INFO -    - Tipo tasa: PARALELO
2025-04-27 18:40:48,940 - INFO -    - Categoría: Comida
2025-04-27 18:40:49,032 - INFO - ➕ Nuevo producto creado: mantequilla nelly 250g (ID: 20854521-f8c7-44bc-accf-431d0d145133)
2025-04-27 18:40:49,032 - INFO -    - Precio Loyverse: 115.0 VES
2025-04-27 18:40:49,033 - INFO -    - Tasa aplicada: 95.0
2025-04-27 18:40:49,033 - INFO -    - Precio USD calculado: 1.21 USD
2025-04-27 18:40:49,034 - INFO -    - Tipo tasa: PARALELO
2025-04-27 18:40:49,034 - INFO -    - Categoría: Comida
2025-04-27 18:40:49,128 - INFO - ➕ Nuevo producto creado: Marble detallado (ID: cf0f5548-8798-479e-bcf7-71ef28fdaaab)
2025-04-27 18:40:49,129 - INFO -    - Precio Loyverse: 5.0 VES
2025-04-27 18:40:49,129 - INFO -    - Tasa aplicada: 95.0
2025-04-27 18:40:49,130 - INFO -    - Precio USD calculado: 0.05 USD
2025-04-27 18:40:49,130 - INFO -    - Tipo tasa: PARALELO
2025-04-27 18:40:49,130 - INFO -    - Categoría: Cigarros
2025-04-27 18:40:49,218 - INFO - ➕ Nuevo producto creado: marcador pizarra (ID: d53ffd43-1838-4f25-800b-5e5f040a4255)
2025-04-27 18:40:49,219 - INFO -    - Precio Loyverse: 25.0 VES
2025-04-27 18:40:49,220 - INFO -    - Tasa aplicada: 95.0
2025-04-27 18:40:49,220 - INFO -    - Precio USD calculado: 0.26 USD
2025-04-27 18:40:49,221 - INFO -    - Tipo tasa: PARALELO
2025-04-27 18:40:49,221 - INFO -    - Categoría: Papeleria
2025-04-27 18:40:49,303 - INFO - ➕ Nuevo producto creado: Marcador permanente (ID: 61442ce3-d891-48ab-944f-baccb9ac9f93)
2025-04-27 18:40:49,304 - INFO -    - Precio Loyverse: 30.0 VES
2025-04-27 18:40:49,305 - INFO -    - Tasa aplicada: 95.0
2025-04-27 18:40:49,305 - INFO -    - Precio USD calculado: 0.32 USD
2025-04-27 18:40:49,305 - INFO -    - Tipo tasa: PARALELO
2025-04-27 18:40:49,306 - INFO -    - Categoría: Papeleria
2025-04-27 18:40:49,426 - INFO - ➕ Nuevo producto creado: Maria italia (ID: 188db75f-c348-4c3e-8c3f-a8af8bf00522)
2025-04-27 18:40:49,426 - INFO -    - Precio Loyverse: 10.0 VES
2025-04-27 18:40:49,427 - INFO -    - Tasa aplicada: 95.0
2025-04-27 18:40:49,427 - INFO -    - Precio USD calculado: 0.11 USD
2025-04-27 18:40:49,428 - INFO -    - Tipo tasa: PARALELO
2025-04-27 18:40:49,428 - INFO -    - Categoría: Chucheria
2025-04-27 18:40:49,521 - INFO - ➕ Nuevo producto creado: masa facil (ID: c8a2b23b-dfc7-4b82-80e1-a20d3bf9a40d)
2025-04-27 18:40:49,521 - INFO -    - Precio Loyverse: 100.0 VES
2025-04-27 18:40:49,522 - INFO -    - Tasa aplicada: 95.0
2025-04-27 18:40:49,522 - INFO -    - Precio USD calculado: 1.05 USD
2025-04-27 18:40:49,523 - INFO -    - Tipo tasa: PARALELO
2025-04-27 18:40:49,523 - INFO -    - Categoría: Comida
2025-04-27 18:40:49,622 - INFO - ➕ Nuevo producto creado: Maxcoco Maxcoco (ID: ab682837-80c3-4efa-af2d-f03d2fe9892e)
2025-04-27 18:40:49,623 - INFO -    - Precio Loyverse: 40.0 VES
2025-04-27 18:40:49,623 - INFO -    - Tasa aplicada: 95.0
2025-04-27 18:40:49,623 - INFO -    - Precio USD calculado: 0.42 USD
2025-04-27 18:40:49,624 - INFO -    - Tipo tasa: PARALELO
2025-04-27 18:40:49,624 - INFO -    - Categoría: Chucheria
2025-04-27 18:40:49,711 - INFO - ➕ Nuevo producto creado: mayonesa fergos 175g PEQUEÑA (ID: 8e753e51-41f6-4fa0-981e-e0f91f4c3dd0)
2025-04-27 18:40:49,711 - INFO -    - Precio Loyverse: 145.0 VES
2025-04-27 18:40:49,712 - INFO -    - Tasa aplicada: 95.0
2025-04-27 18:40:49,712 - INFO -    - Precio USD calculado: 1.53 USD
2025-04-27 18:40:49,712 - INFO -    - Tipo tasa: PARALELO
2025-04-27 18:40:49,713 - INFO -    - Categoría: Comida
2025-04-27 18:40:49,795 - INFO - ➕ Nuevo producto creado: Mayonesa Kraft 175G (ID: 6420b95d-9a83-48c1-9cfd-53ad534babaf)
2025-04-27 18:40:49,795 - INFO -    - Precio Loyverse: 155.0 VES
2025-04-27 18:40:49,796 - INFO -    - Tasa aplicada: 95.0
2025-04-27 18:40:49,796 - INFO -    - Precio USD calculado: 1.63 USD
2025-04-27 18:40:49,796 - INFO -    - Tipo tasa: PARALELO
2025-04-27 18:40:49,797 - INFO -    - Categoría: Comida
2025-04-27 18:40:49,890 - INFO - ➕ Nuevo producto creado: Mayonesa mavesa 175G (ID: 6047070a-8c1b-44e4-bffa-ed049a659914)
2025-04-27 18:40:49,890 - INFO -    - Precio Loyverse: 150.0 VES
2025-04-27 18:40:49,890 - INFO -    - Tasa aplicada: 95.0
2025-04-27 18:40:49,891 - INFO -    - Precio USD calculado: 1.58 USD
2025-04-27 18:40:49,891 - INFO -    - Tipo tasa: PARALELO
2025-04-27 18:40:49,892 - INFO -    - Categoría: Comida
2025-04-27 18:40:49,974 - INFO - ➕ Nuevo producto creado: Mayonesa mavesa 445g (ID: 9ddb3104-dabc-4922-aa2b-c2f7163a3857)
2025-04-27 18:40:49,975 - INFO -    - Precio Loyverse: 330.0 VES
2025-04-27 18:40:49,975 - INFO -    - Tasa aplicada: 95.0
2025-04-27 18:40:49,975 - INFO -    - Precio USD calculado: 3.47 USD
2025-04-27 18:40:49,975 - INFO -    - Tipo tasa: PARALELO
2025-04-27 18:40:49,976 - INFO -    - Categoría: Comida
2025-04-27 18:40:50,058 - INFO - ➕ Nuevo producto creado: milka (ID: d21e56e6-6cfe-43aa-9de7-632ce3ef2862)
2025-04-27 18:40:50,058 - INFO -    - Precio Loyverse: 140.0 VES
2025-04-27 18:40:50,059 - INFO -    - Tasa aplicada: 95.0
2025-04-27 18:40:50,059 - INFO -    - Precio USD calculado: 1.47 USD
2025-04-27 18:40:50,059 - INFO -    - Tipo tasa: PARALELO
2025-04-27 18:40:50,060 - INFO -    - Categoría: Chucheria
2025-04-27 18:40:50,146 - INFO - ➕ Nuevo producto creado: Mortadela  Don Ramon 400G (ID: ba358724-e9c3-42de-907e-5f65d8cdf8a5)
2025-04-27 18:40:50,146 - INFO -    - Precio Loyverse: 100.0 VES
2025-04-27 18:40:50,147 - INFO -    - Tasa aplicada: 95.0
2025-04-27 18:40:50,148 - INFO -    - Precio USD calculado: 1.05 USD
2025-04-27 18:40:50,148 - INFO -    - Tipo tasa: PARALELO
2025-04-27 18:40:50,148 - INFO -    - Categoría: Comida
2025-04-27 18:40:50,231 - INFO - ➕ Nuevo producto creado: Mortadela  don ramon 600g (ID: 206fc80b-ca52-4854-8949-abe7777882cc)
2025-04-27 18:40:50,231 - INFO -    - Precio Loyverse: 160.0 VES
2025-04-27 18:40:50,232 - INFO -    - Tasa aplicada: 95.0
2025-04-27 18:40:50,233 - INFO -    - Precio USD calculado: 1.68 USD
2025-04-27 18:40:50,233 - INFO -    - Tipo tasa: PARALELO
2025-04-27 18:40:50,233 - INFO -    - Categoría: Comida
2025-04-27 18:40:50,315 - INFO - ➕ Nuevo producto creado: Nutribela (ID: 83ce1fa7-ed8f-4677-87b1-95662dd7bdc6)
2025-04-27 18:40:50,315 - INFO -    - Precio Loyverse: 55.0 VES
2025-04-27 18:40:50,316 - INFO -    - Tasa aplicada: 95.0
2025-04-27 18:40:50,316 - INFO -    - Precio USD calculado: 0.58 USD
2025-04-27 18:40:50,317 - INFO -    - Tipo tasa: PARALELO
2025-04-27 18:40:50,317 - INFO -    - Categoría: Higiene
2025-04-27 18:40:50,407 - INFO - ➕ Nuevo producto creado: nutrichicha los andes (ID: a619dd7c-4265-4f6f-a222-3ad896cfab73)
2025-04-27 18:40:50,408 - INFO -    - Precio Loyverse: 35.0 VES
2025-04-27 18:40:50,408 - INFO -    - Tasa aplicada: 95.0
2025-04-27 18:40:50,408 - INFO -    - Precio USD calculado: 0.37 USD
2025-04-27 18:40:50,409 - INFO -    - Tipo tasa: PARALELO
2025-04-27 18:40:50,409 - INFO -    - Categoría: Comida
2025-04-27 18:40:50,492 - INFO - ➕ Nuevo producto creado: oki doki bombom (ID: b05d0652-06ef-40f2-98da-239a97b33673)
2025-04-27 18:40:50,492 - INFO -    - Precio Loyverse: 5.0 VES
2025-04-27 18:40:50,493 - INFO -    - Tasa aplicada: 95.0
2025-04-27 18:40:50,493 - INFO -    - Precio USD calculado: 0.05 USD
2025-04-27 18:40:50,493 - INFO -    - Tipo tasa: PARALELO
2025-04-27 18:40:50,494 - INFO -    - Categoría: Chucheria
2025-04-27 18:40:50,578 - INFO - ➕ Nuevo producto creado: omeprazol medicina (ID: 283de118-dc53-47a4-acec-d5e79a9bf300)
2025-04-27 18:40:50,579 - INFO -    - Precio Loyverse: 5.0 VES
2025-04-27 18:40:50,579 - INFO -    - Tasa aplicada: 95.0
2025-04-27 18:40:50,580 - INFO -    - Precio USD calculado: 0.05 USD
2025-04-27 18:40:50,580 - INFO -    - Tipo tasa: PARALELO
2025-04-27 18:40:50,580 - INFO -    - Categoría: Farmacia
2025-04-27 18:40:50,702 - INFO - ➕ Nuevo producto creado: oreo oreo (ID: 76628c3c-d7ed-46fd-8890-4e4e927b9821)
2025-04-27 18:40:50,702 - INFO -    - Precio Loyverse: 35.0 VES
2025-04-27 18:40:50,703 - INFO -    - Tasa aplicada: 95.0
2025-04-27 18:40:50,703 - INFO -    - Precio USD calculado: 0.37 USD
2025-04-27 18:40:50,704 - INFO -    - Tipo tasa: PARALELO
2025-04-27 18:40:50,704 - INFO -    - Categoría: Chucheria
2025-04-27 18:40:50,785 - INFO - ➕ Nuevo producto creado: Paletas cítricas (ID: 8dd48ba2-2bd5-4808-99f0-e40f074dbcaa)
2025-04-27 18:40:50,786 - INFO -    - Precio Loyverse: 15.0 VES
2025-04-27 18:40:50,786 - INFO -    - Tasa aplicada: 95.0
2025-04-27 18:40:50,786 - INFO -    - Precio USD calculado: 0.16 USD
2025-04-27 18:40:50,786 - INFO -    - Tipo tasa: PARALELO
2025-04-27 18:40:50,787 - INFO -    - Categoría: Chucheria
2025-04-27 18:40:50,890 - INFO - ➕ Nuevo producto creado: Pall Mall detallado (ID: ca8ccf6a-f326-480f-a9ef-f595f15f39e7)
2025-04-27 18:40:50,891 - INFO -    - Precio Loyverse: 15.0 VES
2025-04-27 18:40:50,891 - INFO -    - Tasa aplicada: 95.0
2025-04-27 18:40:50,891 - INFO -    - Precio USD calculado: 0.16 USD
2025-04-27 18:40:50,892 - INFO -    - Tipo tasa: PARALELO
2025-04-27 18:40:50,892 - INFO -    - Categoría: Cigarros
2025-04-27 18:40:50,986 - INFO - ➕ Nuevo producto creado: Palmerita Palmerita Paquete (ID: e2a61323-4251-4f12-ab57-34f8a2a01b3a)
2025-04-27 18:40:50,986 - INFO -    - Precio Loyverse: 10.0 VES
2025-04-27 18:40:50,987 - INFO -    - Tasa aplicada: 95.0
2025-04-27 18:40:50,987 - INFO -    - Precio USD calculado: 0.11 USD
2025-04-27 18:40:50,988 - INFO -    - Tipo tasa: PARALELO
2025-04-27 18:40:50,988 - INFO -    - Categoría: Chucheria
2025-04-27 18:40:51,080 - INFO - ➕ Nuevo producto creado: Pan andino unidad (ID: 2a72c324-2479-4781-beca-2e3efe9ca306)
2025-04-27 18:40:51,081 - INFO -    - Precio Loyverse: 80.0 VES
2025-04-27 18:40:51,081 - INFO -    - Tasa aplicada: 95.0
2025-04-27 18:40:51,081 - INFO -    - Precio USD calculado: 0.84 USD
2025-04-27 18:40:51,082 - INFO -    - Tipo tasa: PARALELO
2025-04-27 18:40:51,083 - INFO -    - Categoría: Panaderia
2025-04-27 18:40:51,170 - INFO - ➕ Nuevo producto creado: Panelada (ID: bba0e129-01c4-4301-95c7-fd044ba63f15)
2025-04-27 18:40:51,171 - INFO -    - Precio Loyverse: 35.0 VES
2025-04-27 18:40:51,171 - INFO -    - Tasa aplicada: 95.0
2025-04-27 18:40:51,172 - INFO -    - Precio USD calculado: 0.37 USD
2025-04-27 18:40:51,172 - INFO -    - Tipo tasa: PARALELO
2025-04-27 18:40:51,173 - INFO -    - Categoría: Bebidas
2025-04-27 18:40:51,257 - INFO - ➕ Nuevo producto creado: Pañales Hugme (ID: 7c3ee677-783e-43aa-9523-04f82088c88f)
2025-04-27 18:40:51,258 - INFO -    - Precio Loyverse: 25.0 VES
2025-04-27 18:40:51,258 - INFO -    - Tasa aplicada: 95.0
2025-04-27 18:40:51,259 - INFO -    - Precio USD calculado: 0.26 USD
2025-04-27 18:40:51,260 - INFO -    - Tipo tasa: PARALELO
2025-04-27 18:40:51,260 - INFO -    - Categoría: Higiene
2025-04-27 18:40:51,406 - INFO - ➕ Nuevo producto creado: papa (ID: 7f0aebd4-7afc-40f8-8f4a-3db9ecc11389)
2025-04-27 18:40:51,407 - INFO -    - Precio Loyverse: 160.0 VES
2025-04-27 18:40:51,408 - INFO -    - Tasa aplicada: 95.0
2025-04-27 18:40:51,408 - INFO -    - Precio USD calculado: 1.68 USD
2025-04-27 18:40:51,408 - INFO -    - Tipo tasa: PARALELO
2025-04-27 18:40:51,408 - INFO -    - Categoría: Coche
2025-04-27 18:40:51,491 - INFO - ➕ Nuevo producto creado: papel aluminio (ID: 329e3f01-b912-439d-ac9c-2135940a59dc)
2025-04-27 18:40:51,492 - INFO -    - Precio Loyverse: 115.0 VES
2025-04-27 18:40:51,492 - INFO -    - Tasa aplicada: 95.0
2025-04-27 18:40:51,493 - INFO -    - Precio USD calculado: 1.21 USD
2025-04-27 18:40:51,493 - INFO -    - Tipo tasa: PARALELO
2025-04-27 18:40:51,493 - INFO -    - Categoría: Varios
2025-04-27 18:40:51,579 - INFO - ➕ Nuevo producto creado: papel bond (ID: fa50d0fd-6972-45bc-844c-79c3bd27c718)
2025-04-27 18:40:51,579 - INFO -    - Precio Loyverse: 25.0 VES
2025-04-27 18:40:51,580 - INFO -    - Tasa aplicada: 95.0
2025-04-27 18:40:51,580 - INFO -    - Precio USD calculado: 0.26 USD
2025-04-27 18:40:51,580 - INFO -    - Tipo tasa: PARALELO
2025-04-27 18:40:51,581 - INFO -    - Categoría: Papeleria
2025-04-27 18:40:51,668 - INFO - ➕ Nuevo producto creado: papel crepe (ID: d28bd529-8080-46ef-b699-e513004f160e)
2025-04-27 18:40:51,668 - INFO -    - Precio Loyverse: 50.0 VES
2025-04-27 18:40:51,668 - INFO -    - Tasa aplicada: 95.0
2025-04-27 18:40:51,669 - INFO -    - Precio USD calculado: 0.53 USD
2025-04-27 18:40:51,669 - INFO -    - Tipo tasa: PARALELO
2025-04-27 18:40:51,670 - INFO -    - Categoría: Papeleria
2025-04-27 18:40:51,750 - INFO - ➕ Nuevo producto creado: parrillita parrilla (ID: b6312765-f2e0-42f6-906e-5cfdce7629d8)
2025-04-27 18:40:51,751 - INFO -    - Precio Loyverse: 15.0 VES
2025-04-27 18:40:51,752 - INFO -    - Tasa aplicada: 95.0
2025-04-27 18:40:51,752 - INFO -    - Precio USD calculado: 0.16 USD
2025-04-27 18:40:51,752 - INFO -    - Tipo tasa: PARALELO
2025-04-27 18:40:51,752 - INFO -    - Categoría: Chucheria
2025-04-27 18:40:51,836 - INFO - ➕ Nuevo producto creado: pasta corta capri PLUMITA 1kg (ID: 6fdcf412-bcbc-426b-b0a6-2b1775d630fd)
2025-04-27 18:40:51,836 - INFO -    - Precio Loyverse: 155.0 VES
2025-04-27 18:40:51,836 - INFO -    - Tasa aplicada: 95.0
2025-04-27 18:40:51,836 - INFO -    - Precio USD calculado: 1.63 USD
2025-04-27 18:40:51,837 - INFO -    - Tipo tasa: PARALELO
2025-04-27 18:40:51,837 - INFO -    - Categoría: Comida
2025-04-27 18:40:51,980 - INFO - ➕ Nuevo producto creado: pasta corta oba 500g (ID: 5968d9fe-79e6-426a-bf15-6bf866d13738)
2025-04-27 18:40:51,980 - INFO -    - Precio Loyverse: 55.0 VES
2025-04-27 18:40:51,980 - INFO -    - Tasa aplicada: 95.0
2025-04-27 18:40:51,981 - INFO -    - Precio USD calculado: 0.58 USD
2025-04-27 18:40:51,981 - INFO -    - Tipo tasa: PARALELO
2025-04-27 18:40:51,981 - INFO -    - Categoría: Comida
2025-04-27 18:40:52,071 - INFO - ➕ Nuevo producto creado: pasta larga oba 500g (ID: 83d3bd4e-718f-435b-9f77-5b493a0eea21)
2025-04-27 18:40:52,071 - INFO -    - Precio Loyverse: 40.0 VES
2025-04-27 18:40:52,072 - INFO -    - Tasa aplicada: 95.0
2025-04-27 18:40:52,073 - INFO -    - Precio USD calculado: 0.42 USD
2025-04-27 18:40:52,073 - INFO -    - Tipo tasa: PARALELO
2025-04-27 18:40:52,074 - INFO -    - Categoría: Comida
2025-04-27 18:40:52,161 - INFO - ➕ Nuevo producto creado: pasta mary corta 500g (ID: e6bb6814-992d-4ca1-a5b4-1bb0adb209c0)
2025-04-27 18:40:52,161 - INFO -    - Precio Loyverse: 90.0 VES
2025-04-27 18:40:52,161 - INFO -    - Tasa aplicada: 95.0
2025-04-27 18:40:52,161 - INFO -    - Precio USD calculado: 0.95 USD
2025-04-27 18:40:52,162 - INFO -    - Tipo tasa: PARALELO
2025-04-27 18:40:52,162 - INFO -    - Categoría: Comida
2025-04-27 18:40:52,252 - INFO - ➕ Nuevo producto creado: pasta mary larga 1kg (ID: 019c534f-afb7-4b11-beda-897ee6437222)
2025-04-27 18:40:52,254 - INFO -    - Precio Loyverse: 105.0 VES
2025-04-27 18:40:52,254 - INFO -    - Tasa aplicada: 95.0
2025-04-27 18:40:52,255 - INFO -    - Precio USD calculado: 1.11 USD
2025-04-27 18:40:52,255 - INFO -    - Tipo tasa: PARALELO
2025-04-27 18:40:52,255 - INFO -    - Categoría: Comida
2025-04-27 18:40:52,342 - INFO - ➕ Nuevo producto creado: pasta Mary plumita 1kg (ID: d584b7f3-bf5a-41c0-a05b-87c7653621d5)
2025-04-27 18:40:52,342 - INFO -    - Precio Loyverse: 140.0 VES
2025-04-27 18:40:52,343 - INFO -    - Tasa aplicada: 95.0
2025-04-27 18:40:52,343 - INFO -    - Precio USD calculado: 1.47 USD
2025-04-27 18:40:52,343 - INFO -    - Tipo tasa: PARALELO
2025-04-27 18:40:52,344 - INFO -    - Categoría: Comida
2025-04-27 18:40:52,427 - INFO - ➕ Nuevo producto creado: pega blanca 60g (ID: 851451d3-8592-4a00-bb30-e6fc759fe638)
2025-04-27 18:40:52,429 - INFO -    - Precio Loyverse: 50.0 VES
2025-04-27 18:40:52,429 - INFO -    - Tasa aplicada: 95.0
2025-04-27 18:40:52,430 - INFO -    - Precio USD calculado: 0.53 USD
2025-04-27 18:40:52,430 - INFO -    - Tipo tasa: PARALELO
2025-04-27 18:40:52,430 - INFO -    - Categoría: Papeleria
2025-04-27 18:40:52,594 - INFO - ➕ Nuevo producto creado: Pega Loka (ID: 514da0ec-81dc-43aa-b4cb-0b4d25202f5e)
2025-04-27 18:40:52,594 - INFO -    - Precio Loyverse: 30.0 VES
2025-04-27 18:40:52,595 - INFO -    - Tasa aplicada: 95.0
2025-04-27 18:40:52,596 - INFO -    - Precio USD calculado: 0.32 USD
2025-04-27 18:40:52,596 - INFO -    - Tipo tasa: PARALELO
2025-04-27 18:40:52,596 - INFO -    - Categoría: Varios
2025-04-27 18:40:52,686 - INFO - ➕ Nuevo producto creado: pega mosca (ID: 33d790a5-a63f-4647-bad9-d9c74b24ec70)
2025-04-27 18:40:52,686 - INFO -    - Precio Loyverse: 30.0 VES
2025-04-27 18:40:52,686 - INFO -    - Tasa aplicada: 95.0
2025-04-27 18:40:52,687 - INFO -    - Precio USD calculado: 0.32 USD
2025-04-27 18:40:52,687 - INFO -    - Tipo tasa: PARALELO
2025-04-27 18:40:52,687 - INFO -    - Categoría: Varios
2025-04-27 18:40:52,781 - INFO - ➕ Nuevo producto creado: Pepito Grande Super Popy Tira (ID: 084d23ca-9fd6-4473-92bc-cc2165c30482)
2025-04-27 18:40:52,781 - INFO -    - Precio Loyverse: 75.0 VES
2025-04-27 18:40:52,782 - INFO -    - Tasa aplicada: 95.0
2025-04-27 18:40:52,782 - INFO -    - Precio USD calculado: 0.79 USD
2025-04-27 18:40:52,782 - INFO -    - Tipo tasa: PARALELO
2025-04-27 18:40:52,782 - INFO -    - Categoría: Chucheria
2025-04-27 18:40:52,865 - INFO - ➕ Nuevo producto creado: Jumby rikos grande (ID: bf7c3db2-b9d0-4985-ab27-27eb1344c4af)
2025-04-27 18:40:52,866 - INFO -    - Precio Loyverse: 65.0 VES
2025-04-27 18:40:52,866 - INFO -    - Tasa aplicada: 95.0
2025-04-27 18:40:52,867 - INFO -    - Precio USD calculado: 0.68 USD
2025-04-27 18:40:52,867 - INFO -    - Tipo tasa: PARALELO
2025-04-27 18:40:52,867 - INFO -    - Categoría: Chucheria
2025-04-27 18:40:52,948 - INFO - ➕ Nuevo producto creado: Pigsy Grande (ID: b116f8cb-9db8-497c-897a-b99f5ef68174)
2025-04-27 18:40:52,949 - INFO -    - Precio Loyverse: 75.0 VES
2025-04-27 18:40:52,950 - INFO -    - Tasa aplicada: 95.0
2025-04-27 18:40:52,950 - INFO -    - Precio USD calculado: 0.79 USD
2025-04-27 18:40:52,950 - INFO -    - Tipo tasa: PARALELO
2025-04-27 18:40:52,951 - INFO -    - Categoría: Chucheria
2025-04-27 18:40:53,044 - INFO - ➕ Nuevo producto creado: Pigsy Pequeño (ID: 70e713b9-7058-4c96-a31a-7aa5125529f4)
2025-04-27 18:40:53,045 - INFO -    - Precio Loyverse: 20.0 VES
2025-04-27 18:40:53,046 - INFO -    - Tasa aplicada: 95.0
2025-04-27 18:40:53,046 - INFO -    - Precio USD calculado: 0.21 USD
2025-04-27 18:40:53,046 - INFO -    - Tipo tasa: PARALELO
2025-04-27 18:40:53,047 - INFO -    - Categoría: Chucheria
2025-04-27 18:40:53,129 - INFO - ➕ Nuevo producto creado: pimenton (ID: 76882b8a-6b81-49e1-a1e0-a78e826ccf74)
2025-04-27 18:40:53,130 - INFO -    - Precio Loyverse: 175.0 VES
2025-04-27 18:40:53,130 - INFO -    - Tasa aplicada: 95.0
2025-04-27 18:40:53,130 - INFO -    - Precio USD calculado: 1.84 USD
2025-04-27 18:40:53,131 - INFO -    - Tipo tasa: PARALELO
2025-04-27 18:40:53,131 - INFO -    - Categoría: Coche
2025-04-27 18:40:53,259 - INFO - ➕ Nuevo producto creado: pintura al frio (ID: 02a8e8e7-9d7c-42b8-bad8-9571f3002462)
2025-04-27 18:40:53,260 - INFO -    - Precio Loyverse: 85.0 VES
2025-04-27 18:40:53,260 - INFO -    - Tasa aplicada: 95.0
2025-04-27 18:40:53,260 - INFO -    - Precio USD calculado: 0.89 USD
2025-04-27 18:40:53,261 - INFO -    - Tipo tasa: PARALELO
2025-04-27 18:40:53,261 - INFO -    - Categoría: Papeleria
2025-04-27 18:40:53,345 - INFO - ➕ Nuevo producto creado: pirueta le biscuit (ID: 6ea5c4d1-f10c-4a9f-b17f-66e77587f046)
2025-04-27 18:40:53,345 - INFO -    - Precio Loyverse: 25.0 VES
2025-04-27 18:40:53,345 - INFO -    - Tasa aplicada: 95.0
2025-04-27 18:40:53,346 - INFO -    - Precio USD calculado: 0.26 USD
2025-04-27 18:40:53,346 - INFO -    - Tipo tasa: PARALELO
2025-04-27 18:40:53,346 - INFO -    - Categoría: Chucheria
2025-04-27 18:40:53,429 - INFO - ➕ Nuevo producto creado: plagatox (ID: d30f723c-dcbc-41b6-9bab-33323079e782)
2025-04-27 18:40:53,429 - INFO -    - Precio Loyverse: 25.0 VES
2025-04-27 18:40:53,430 - INFO -    - Tasa aplicada: 95.0
2025-04-27 18:40:53,430 - INFO -    - Precio USD calculado: 0.26 USD
2025-04-27 18:40:53,431 - INFO -    - Tipo tasa: PARALELO
2025-04-27 18:40:53,431 - INFO -    - Categoría: Varios
2025-04-27 18:40:53,513 - INFO - ➕ Nuevo producto creado: platano (ID: 11cd0b3b-fa99-4082-b085-d75e4a49cfda)
2025-04-27 18:40:53,514 - INFO -    - Precio Loyverse: 95.0 VES
2025-04-27 18:40:53,514 - INFO -    - Tasa aplicada: 95.0
2025-04-27 18:40:53,515 - INFO -    - Precio USD calculado: 1.00 USD
2025-04-27 18:40:53,515 - INFO -    - Tipo tasa: PARALELO
2025-04-27 18:40:53,516 - INFO -    - Categoría: Coche
2025-04-27 18:40:53,610 - INFO - ➕ Nuevo producto creado: mata polvo chiripa amarillo (ID: 7636e60f-3549-4ff0-8ca5-1323e568cc0c)
2025-04-27 18:40:53,610 - INFO -    - Precio Loyverse: 35.0 VES
2025-04-27 18:40:53,611 - INFO -    - Tasa aplicada: 95.0
2025-04-27 18:40:53,611 - INFO -    - Precio USD calculado: 0.37 USD
2025-04-27 18:40:53,611 - INFO -    - Tipo tasa: PARALELO
2025-04-27 18:40:53,611 - INFO -    - Categoría: Varios
2025-04-27 18:40:53,737 - INFO - ➕ Nuevo producto creado: pote figura ojos ojitos (ID: 89e0ec5f-bdef-411e-a34a-edc9cb56ea13)
2025-04-27 18:40:53,738 - INFO -    - Precio Loyverse: 15.0 VES
2025-04-27 18:40:53,738 - INFO -    - Tasa aplicada: 95.0
2025-04-27 18:40:53,738 - INFO -    - Precio USD calculado: 0.16 USD
2025-04-27 18:40:53,739 - INFO -    - Tipo tasa: PARALELO
2025-04-27 18:40:53,739 - INFO -    - Categoría: Chucheria
2025-04-27 18:40:53,823 - INFO - ➕ Nuevo producto creado: puffy grande unidad (ID: 997087fd-ea42-4766-a7fc-b5617af8674c)
2025-04-27 18:40:53,824 - INFO -    - Precio Loyverse: 75.0 VES
2025-04-27 18:40:53,824 - INFO -    - Tasa aplicada: 95.0
2025-04-27 18:40:53,825 - INFO -    - Precio USD calculado: 0.79 USD
2025-04-27 18:40:53,825 - INFO -    - Tipo tasa: PARALELO
2025-04-27 18:40:53,825 - INFO -    - Categoría: Chucheria
2025-04-27 18:40:53,908 - INFO - ➕ Nuevo producto creado: puffy pequenio tira (ID: 32ddc8d1-08dc-4b85-a3ce-d4dcd4d7966a)
2025-04-27 18:40:53,908 - INFO -    - Precio Loyverse: 30.0 VES
2025-04-27 18:40:53,909 - INFO -    - Tasa aplicada: 95.0
2025-04-27 18:40:53,909 - INFO -    - Precio USD calculado: 0.32 USD
2025-04-27 18:40:53,909 - INFO -    - Tipo tasa: PARALELO
2025-04-27 18:40:53,910 - INFO -    - Categoría: Chucheria
2025-04-27 18:40:54,182 - INFO - ➕ Nuevo producto creado: queso duro (ID: 1865ad7f-a5f6-453c-9258-d91d6e883365)
2025-04-27 18:40:54,183 - INFO -    - Precio Loyverse: 620.0 VES
2025-04-27 18:40:54,183 - INFO -    - Tasa aplicada: 95.0
2025-04-27 18:40:54,184 - INFO -    - Precio USD calculado: 6.53 USD
2025-04-27 18:40:54,184 - INFO -    - Tipo tasa: PARALELO
2025-04-27 18:40:54,184 - INFO -    - Categoría: Charcuteria
2025-04-27 18:40:54,269 - INFO - ➕ Nuevo producto creado: Recolector De heces (ID: bd3c5c05-4ee0-4149-81d3-01403ea8d662)
2025-04-27 18:40:54,270 - INFO -    - Precio Loyverse: 15.0 VES
2025-04-27 18:40:54,270 - INFO -    - Tasa aplicada: 95.0
2025-04-27 18:40:54,271 - INFO -    - Precio USD calculado: 0.16 USD
2025-04-27 18:40:54,271 - INFO -    - Tipo tasa: PARALELO
2025-04-27 18:40:54,272 - INFO -    - Categoría: Farmacia
2025-04-27 18:40:54,363 - INFO - ➕ Nuevo producto creado: Recolector De orina (ID: b7da8d66-fa3a-442a-9e74-631ca3d5916f)
2025-04-27 18:40:54,363 - INFO -    - Precio Loyverse: 15.0 VES
2025-04-27 18:40:54,364 - INFO -    - Tasa aplicada: 95.0
2025-04-27 18:40:54,365 - INFO -    - Precio USD calculado: 0.16 USD
2025-04-27 18:40:54,365 - INFO -    - Tipo tasa: PARALELO
2025-04-27 18:40:54,365 - INFO -    - Categoría: Farmacia
2025-04-27 18:40:54,451 - INFO - ➕ Nuevo producto creado: refresco coca cola 1.5lt (ID: 30fc0893-3d40-4c7b-8fdf-5524d3606035)
2025-04-27 18:40:54,451 - INFO -    - Precio Loyverse: 120.0 VES
2025-04-27 18:40:54,452 - INFO -    - Tasa aplicada: 95.0
2025-04-27 18:40:54,452 - INFO -    - Precio USD calculado: 1.26 USD
2025-04-27 18:40:54,452 - INFO -    - Tipo tasa: PARALELO
2025-04-27 18:40:54,452 - INFO -    - Categoría: Bebidas
2025-04-27 18:40:54,552 - INFO - ➕ Nuevo producto creado: refresco coca cola 1l (ID: a97a56e0-b6cd-4b20-a4ba-4f6f609af5d1)
2025-04-27 18:40:54,552 - INFO -    - Precio Loyverse: 90.0 VES
2025-04-27 18:40:54,553 - INFO -    - Tasa aplicada: 95.0
2025-04-27 18:40:54,553 - INFO -    - Precio USD calculado: 0.95 USD
2025-04-27 18:40:54,553 - INFO -    - Tipo tasa: PARALELO
2025-04-27 18:40:54,553 - INFO -    - Categoría: Bebidas
2025-04-27 18:40:54,637 - INFO - ➕ Nuevo producto creado: refresco coca cola 2 litro (ID: 07faeccf-7f16-436c-931f-d1827331325e)
2025-04-27 18:40:54,637 - INFO -    - Precio Loyverse: 130.0 VES
2025-04-27 18:40:54,638 - INFO -    - Tasa aplicada: 95.0
2025-04-27 18:40:54,638 - INFO -    - Precio USD calculado: 1.37 USD
2025-04-27 18:40:54,638 - INFO -    - Tipo tasa: PARALELO
2025-04-27 18:40:54,639 - INFO -    - Categoría: Bebidas
2025-04-27 18:40:54,728 - INFO - ➕ Nuevo producto creado: Refresco Glup 1L (ID: 0916e0f4-eeed-4337-9c9c-3482ab9a0bb5)
2025-04-27 18:40:54,728 - INFO -    - Precio Loyverse: 75.0 VES
2025-04-27 18:40:54,729 - INFO -    - Tasa aplicada: 95.0
2025-04-27 18:40:54,730 - INFO -    - Precio USD calculado: 0.79 USD
2025-04-27 18:40:54,730 - INFO -    - Tipo tasa: PARALELO
2025-04-27 18:40:54,730 - INFO -    - Categoría: Bebidas
2025-04-27 18:40:54,821 - INFO - ➕ Nuevo producto creado: Refresco Glup 2L (ID: ed974100-ccc6-4184-8317-9915fd9df321)
2025-04-27 18:40:54,821 - INFO -    - Precio Loyverse: 105.0 VES
2025-04-27 18:40:54,822 - INFO -    - Tasa aplicada: 95.0
2025-04-27 18:40:54,822 - INFO -    - Precio USD calculado: 1.11 USD
2025-04-27 18:40:54,823 - INFO -    - Tipo tasa: PARALELO
2025-04-27 18:40:54,823 - INFO -    - Categoría: Bebidas
2025-04-27 18:40:54,904 - INFO - ➕ Nuevo producto creado: refresco glup 400ml (ID: 23f44df7-d30f-406f-ac23-82a4dd9394d1)
2025-04-27 18:40:54,905 - INFO -    - Precio Loyverse: 40.0 VES
2025-04-27 18:40:54,905 - INFO -    - Tasa aplicada: 95.0
2025-04-27 18:40:54,906 - INFO -    - Precio USD calculado: 0.42 USD
2025-04-27 18:40:54,906 - INFO -    - Tipo tasa: PARALELO
2025-04-27 18:40:54,907 - INFO -    - Categoría: Bebidas
2025-04-27 18:40:54,997 - INFO - ➕ Nuevo producto creado: Refresco The Sun 400ml (ID: becbbbf5-40e5-4031-a6e3-d25d849614e9)
2025-04-27 18:40:54,998 - INFO -    - Precio Loyverse: 30.0 VES
2025-04-27 18:40:54,998 - INFO -    - Tasa aplicada: 95.0
2025-04-27 18:40:54,999 - INFO -    - Precio USD calculado: 0.32 USD
2025-04-27 18:40:54,999 - INFO -    - Tipo tasa: PARALELO
2025-04-27 18:40:54,999 - INFO -    - Categoría: Bebidas
2025-04-27 18:40:55,085 - INFO - ➕ Nuevo producto creado: Revolcon Chicle (ID: f84fd271-9c04-45a6-bb20-2a203b037f8a)
2025-04-27 18:40:55,085 - INFO -    - Precio Loyverse: 5.0 VES
2025-04-27 18:40:55,086 - INFO -    - Tasa aplicada: 95.0
2025-04-27 18:40:55,086 - INFO -    - Precio USD calculado: 0.05 USD
2025-04-27 18:40:55,086 - INFO -    - Tipo tasa: PARALELO
2025-04-27 18:40:55,086 - INFO -    - Categoría: Chucheria
2025-04-27 18:40:55,171 - INFO - ➕ Nuevo producto creado: rizada rizada (ID: 8a1a6c57-9e76-4b52-850e-b9aa415737dd)
2025-04-27 18:40:55,171 - INFO -    - Precio Loyverse: 60.0 VES
2025-04-27 18:40:55,172 - INFO -    - Tasa aplicada: 95.0
2025-04-27 18:40:55,172 - INFO -    - Precio USD calculado: 0.63 USD
2025-04-27 18:40:55,172 - INFO -    - Tipo tasa: PARALELO
2025-04-27 18:40:55,173 - INFO -    - Categoría: Chucheria
2025-04-27 18:40:55,273 - INFO - ➕ Nuevo producto creado: rulass papa (ID: e83da684-edde-4332-87f6-5895bb827e3a)
2025-04-27 18:40:55,274 - INFO -    - Precio Loyverse: 40.0 VES
2025-04-27 18:40:55,274 - INFO -    - Tasa aplicada: 95.0
2025-04-27 18:40:55,276 - INFO -    - Precio USD calculado: 0.42 USD
2025-04-27 18:40:55,276 - INFO -    - Tipo tasa: PARALELO
2025-04-27 18:40:55,276 - INFO -    - Categoría: Chucheria
2025-04-27 18:40:55,363 - INFO - ➕ Nuevo producto creado: Sal (ID: db342ca5-ea88-4812-9fa6-240a7d430d75)
2025-04-27 18:40:55,364 - INFO -    - Precio Loyverse: 45.0 VES
2025-04-27 18:40:55,365 - INFO -    - Tasa aplicada: 95.0
2025-04-27 18:40:55,365 - INFO -    - Precio USD calculado: 0.47 USD
2025-04-27 18:40:55,366 - INFO -    - Tipo tasa: PARALELO
2025-04-27 18:40:55,366 - INFO -    - Categoría: Comida
2025-04-27 18:40:55,449 - INFO - ➕ Nuevo producto creado: salsa ajo soya inglesa tripack Unidad (ID: 2d689a8e-f192-43f2-a095-63c7275de449)
2025-04-27 18:40:55,449 - INFO -    - Precio Loyverse: 210.0 VES
2025-04-27 18:40:55,450 - INFO -    - Tasa aplicada: 95.0
2025-04-27 18:40:55,450 - INFO -    - Precio USD calculado: 2.21 USD
2025-04-27 18:40:55,450 - INFO -    - Tipo tasa: PARALELO
2025-04-27 18:40:55,451 - INFO -    - Categoría: Comida
2025-04-27 18:40:55,536 - INFO - ➕ Nuevo producto creado: Salsa de Tomate Fergos 397G (ID: 91554915-cac3-4343-933a-5464d6c69300)
2025-04-27 18:40:55,537 - INFO -    - Precio Loyverse: 130.0 VES
2025-04-27 18:40:55,537 - INFO -    - Tasa aplicada: 95.0
2025-04-27 18:40:55,537 - INFO -    - Precio USD calculado: 1.37 USD
2025-04-27 18:40:55,538 - INFO -    - Tipo tasa: PARALELO
2025-04-27 18:40:55,538 - INFO -    - Categoría: Comida
2025-04-27 18:40:55,622 - INFO - ➕ Nuevo producto creado: salsa de tomate Heinz 198g (ID: 2205ad06-3165-4cd2-96a3-af01d30ead21)
2025-04-27 18:40:55,624 - INFO -    - Precio Loyverse: 140.0 VES
2025-04-27 18:40:55,624 - INFO -    - Tasa aplicada: 95.0
2025-04-27 18:40:55,625 - INFO -    - Precio USD calculado: 1.47 USD
2025-04-27 18:40:55,625 - INFO -    - Tipo tasa: PARALELO
2025-04-27 18:40:55,625 - INFO -    - Categoría: Comida
2025-04-27 18:40:55,712 - INFO - ➕ Nuevo producto creado: salsa de tomate pampero 198g (ID: c28054be-3eaf-4f35-b4b9-e6c6c99b29ef)
2025-04-27 18:40:55,714 - INFO -    - Precio Loyverse: 145.0 VES
2025-04-27 18:40:55,714 - INFO -    - Tasa aplicada: 95.0
2025-04-27 18:40:55,714 - INFO -    - Precio USD calculado: 1.53 USD
2025-04-27 18:40:55,714 - INFO -    - Tipo tasa: PARALELO
2025-04-27 18:40:55,715 - INFO -    - Categoría: Comida
2025-04-27 18:40:56,018 - INFO - ➕ Nuevo producto creado: salsa de tomate pampero 397g (ID: 4e3c9462-0ec3-47a1-9e87-b14f453d9030)
2025-04-27 18:40:56,019 - INFO -    - Precio Loyverse: 190.0 VES
2025-04-27 18:40:56,019 - INFO -    - Tasa aplicada: 95.0
2025-04-27 18:40:56,020 - INFO -    - Precio USD calculado: 2.00 USD
2025-04-27 18:40:56,020 - INFO -    - Tipo tasa: PARALELO
2025-04-27 18:40:56,020 - INFO -    - Categoría: Comida
2025-04-27 18:40:56,102 - INFO - ➕ Nuevo producto creado: Salsa Para Pasta GUT (ID: fb4ba017-1595-43a6-8263-b9fad1b3c3ed)
2025-04-27 18:40:56,102 - INFO -    - Precio Loyverse: 60.0 VES
2025-04-27 18:40:56,102 - INFO -    - Tasa aplicada: 95.0
2025-04-27 18:40:56,103 - INFO -    - Precio USD calculado: 0.63 USD
2025-04-27 18:40:56,103 - INFO -    - Tipo tasa: PARALELO
2025-04-27 18:40:56,103 - INFO -    - Categoría: Comida
2025-04-27 18:40:56,186 - INFO - ➕ Nuevo producto creado: salsa picante fritz 250g (ID: 12efea49-ab3f-42fa-b47c-ab9075bd619b)
2025-04-27 18:40:56,187 - INFO -    - Precio Loyverse: 210.0 VES
2025-04-27 18:40:56,188 - INFO -    - Tasa aplicada: 95.0
2025-04-27 18:40:56,188 - INFO -    - Precio USD calculado: 2.21 USD
2025-04-27 18:40:56,188 - INFO -    - Tipo tasa: PARALELO
2025-04-27 18:40:56,189 - INFO -    - Categoría: Comida
2025-04-27 18:40:56,341 - INFO - ➕ Nuevo producto creado: saltitacos saltitacos (ID: 41ea8af2-a098-4e57-8228-a49101617d3c)
2025-04-27 18:40:56,341 - INFO -    - Precio Loyverse: 35.0 VES
2025-04-27 18:40:56,342 - INFO -    - Tasa aplicada: 95.0
2025-04-27 18:40:56,342 - INFO -    - Precio USD calculado: 0.37 USD
2025-04-27 18:40:56,342 - INFO -    - Tipo tasa: PARALELO
2025-04-27 18:40:56,343 - INFO -    - Categoría: Chucheria
2025-04-27 18:40:56,433 - INFO - ➕ Nuevo producto creado: samba (ID: 76b55bf9-1c93-4219-abea-b72a77f45d9f)
2025-04-27 18:40:56,433 - INFO -    - Precio Loyverse: 75.0 VES
2025-04-27 18:40:56,434 - INFO -    - Tasa aplicada: 95.0
2025-04-27 18:40:56,434 - INFO -    - Precio USD calculado: 0.79 USD
2025-04-27 18:40:56,434 - INFO -    - Tipo tasa: PARALELO
2025-04-27 18:40:56,434 - INFO -    - Categoría: Chucheria
2025-04-27 18:40:56,530 - INFO - ➕ Nuevo producto creado: samy le biscuit (ID: 391fa312-151d-4234-9e19-c02f05e4fd9a)
2025-04-27 18:40:56,530 - INFO -    - Precio Loyverse: 15.0 VES
2025-04-27 18:40:56,531 - INFO -    - Tasa aplicada: 95.0
2025-04-27 18:40:56,531 - INFO -    - Precio USD calculado: 0.16 USD
2025-04-27 18:40:56,531 - INFO -    - Tipo tasa: PARALELO
2025-04-27 18:40:56,531 - INFO -    - Categoría: Chucheria
2025-04-27 18:40:56,612 - INFO - ➕ Nuevo producto creado: sardinas el arca (ID: aea0d07d-6379-46fa-b436-3205898d9060)
2025-04-27 18:40:56,612 - INFO -    - Precio Loyverse: 45.0 VES
2025-04-27 18:40:56,612 - INFO -    - Tasa aplicada: 95.0
2025-04-27 18:40:56,613 - INFO -    - Precio USD calculado: 0.47 USD
2025-04-27 18:40:56,613 - INFO -    - Tipo tasa: PARALELO
2025-04-27 18:40:56,613 - INFO -    - Categoría: Comida
2025-04-27 18:40:56,750 - INFO - ➕ Nuevo producto creado: sardinas el norteño (ID: d9d95dc7-2008-4cad-92f8-62d6be5bf05f)
2025-04-27 18:40:56,751 - INFO -    - Precio Loyverse: 40.0 VES
2025-04-27 18:40:56,751 - INFO -    - Tasa aplicada: 95.0
2025-04-27 18:40:56,752 - INFO -    - Precio USD calculado: 0.42 USD
2025-04-27 18:40:56,752 - INFO -    - Tipo tasa: PARALELO
2025-04-27 18:40:56,752 - INFO -    - Categoría: Comida
2025-04-27 18:40:56,845 - INFO - ➕ Nuevo producto creado: silicon barra pequeña (ID: 3bbd21cc-bddd-402a-a8a3-b38ad479077c)
2025-04-27 18:40:56,845 - INFO -    - Precio Loyverse: 40.0 VES
2025-04-27 18:40:56,845 - INFO -    - Tasa aplicada: 95.0
2025-04-27 18:40:56,846 - INFO -    - Precio USD calculado: 0.42 USD
2025-04-27 18:40:56,846 - INFO -    - Tipo tasa: PARALELO
2025-04-27 18:40:56,847 - INFO -    - Categoría: Papeleria
2025-04-27 18:40:57,101 - INFO - ➕ Nuevo producto creado: sobre manila oficio (ID: 534adc04-a2ea-4734-b379-c2fd587f4312)
2025-04-27 18:40:57,101 - INFO -    - Precio Loyverse: 30.0 VES
2025-04-27 18:40:57,102 - INFO -    - Tasa aplicada: 95.0
2025-04-27 18:40:57,102 - INFO -    - Precio USD calculado: 0.32 USD
2025-04-27 18:40:57,102 - INFO -    - Tipo tasa: PARALELO
2025-04-27 18:40:57,102 - INFO -    - Categoría: Papeleria
2025-04-27 18:40:57,184 - INFO - ➕ Nuevo producto creado: Socate (ID: f1d4c88e-3879-4a12-8e86-579224e43ec2)
2025-04-27 18:40:57,184 - INFO -    - Precio Loyverse: 50.0 VES
2025-04-27 18:40:57,184 - INFO -    - Tasa aplicada: 95.0
2025-04-27 18:40:57,185 - INFO -    - Precio USD calculado: 0.53 USD
2025-04-27 18:40:57,185 - INFO -    - Tipo tasa: PARALELO
2025-04-27 18:40:57,185 - INFO -    - Categoría: Varios
2025-04-27 18:40:57,271 - INFO - ➕ Nuevo producto creado: sopa maggi (ID: 08109840-d9bf-4491-b8cc-56986e397bf4)
2025-04-27 18:40:57,272 - INFO -    - Precio Loyverse: 100.0 VES
2025-04-27 18:40:57,272 - INFO -    - Tasa aplicada: 95.0
2025-04-27 18:40:57,273 - INFO -    - Precio USD calculado: 1.05 USD
2025-04-27 18:40:57,273 - INFO -    - Tipo tasa: PARALELO
2025-04-27 18:40:57,273 - INFO -    - Categoría: Comida
2025-04-27 18:40:57,354 - INFO - ➕ Nuevo producto creado: Speed Speed Max lata (ID: 046baba8-cf10-456c-8d3e-954032c748f1)
2025-04-27 18:40:57,355 - INFO -    - Precio Loyverse: 55.0 VES
2025-04-27 18:40:57,355 - INFO -    - Tasa aplicada: 95.0
2025-04-27 18:40:57,355 - INFO -    - Precio USD calculado: 0.58 USD
2025-04-27 18:40:57,355 - INFO -    - Tipo tasa: PARALELO
2025-04-27 18:40:57,356 - INFO -    - Categoría: Bebidas
2025-04-27 18:40:57,447 - INFO - ➕ Nuevo producto creado: Suavizante Aromatel (ID: 3d5f229d-6ef1-462e-97e6-2724b907392a)
2025-04-27 18:40:57,447 - INFO -    - Precio Loyverse: 65.0 VES
2025-04-27 18:40:57,448 - INFO -    - Tasa aplicada: 95.0
2025-04-27 18:40:57,448 - INFO -    - Precio USD calculado: 0.68 USD
2025-04-27 18:40:57,448 - INFO -    - Tipo tasa: PARALELO
2025-04-27 18:40:57,449 - INFO -    - Categoría: Higiene
2025-04-27 18:40:57,534 - INFO - ➕ Nuevo producto creado: Suavizante Suavitel (ID: 4c0e6b4b-c436-4b91-bcc7-b3a8a704c150)
2025-04-27 18:40:57,534 - INFO -    - Precio Loyverse: 60.0 VES
2025-04-27 18:40:57,534 - INFO -    - Tasa aplicada: 95.0
2025-04-27 18:40:57,535 - INFO -    - Precio USD calculado: 0.63 USD
2025-04-27 18:40:57,535 - INFO -    - Tipo tasa: PARALELO
2025-04-27 18:40:57,535 - INFO -    - Categoría: Higiene
2025-04-27 18:40:57,618 - INFO - ➕ Nuevo producto creado: Takis Pequeño (ID: 71ab1c44-30f5-4e07-a20b-765388f94774)
2025-04-27 18:40:57,618 - INFO -    - Precio Loyverse: 135.0 VES
2025-04-27 18:40:57,618 - INFO -    - Tasa aplicada: 95.0
2025-04-27 18:40:57,618 - INFO -    - Precio USD calculado: 1.42 USD
2025-04-27 18:40:57,619 - INFO -    - Tipo tasa: PARALELO
2025-04-27 18:40:57,620 - INFO -    - Categoría: Chucheria
2025-04-27 18:40:57,726 - INFO - ➕ Nuevo producto creado: TAM Galletas unidad (ID: a519c9bf-2721-482d-aef8-655de0fe98cf)
2025-04-27 18:40:57,726 - INFO -    - Precio Loyverse: 55.0 VES
2025-04-27 18:40:57,727 - INFO -    - Tasa aplicada: 95.0
2025-04-27 18:40:57,727 - INFO -    - Precio USD calculado: 0.58 USD
2025-04-27 18:40:57,727 - INFO -    - Tipo tasa: PARALELO
2025-04-27 18:40:57,728 - INFO -    - Categoría: Chucheria
2025-04-27 18:40:57,847 - INFO - ➕ Nuevo producto creado: tango galletas (ID: 384fb469-8659-4a8f-80b8-7a50f4973e08)
2025-04-27 18:40:57,848 - INFO -    - Precio Loyverse: 10.0 VES
2025-04-27 18:40:57,848 - INFO -    - Tasa aplicada: 95.0
2025-04-27 18:40:57,848 - INFO -    - Precio USD calculado: 0.11 USD
2025-04-27 18:40:57,848 - INFO -    - Tipo tasa: PARALELO
2025-04-27 18:40:57,849 - INFO -    - Categoría: Chucheria
2025-04-27 18:40:57,936 - INFO - ➕ Nuevo producto creado: toalla modes alive (ID: 779dd342-3b90-4c13-8e7d-fa2e306f8878)
2025-04-27 18:40:57,937 - INFO -    - Precio Loyverse: 115.0 VES
2025-04-27 18:40:57,937 - INFO -    - Tasa aplicada: 95.0
2025-04-27 18:40:57,937 - INFO -    - Precio USD calculado: 1.21 USD
2025-04-27 18:40:57,937 - INFO -    - Tipo tasa: PARALELO
2025-04-27 18:40:57,937 - INFO -    - Categoría: Higiene
2025-04-27 18:40:58,026 - INFO - ➕ Nuevo producto creado: Toalla modes Wanita (ID: 92bd1944-e1f2-45b3-8f2f-8d84e72f69ad)
2025-04-27 18:40:58,027 - INFO -    - Precio Loyverse: 60.0 VES
2025-04-27 18:40:58,027 - INFO -    - Tasa aplicada: 95.0
2025-04-27 18:40:58,027 - INFO -    - Precio USD calculado: 0.63 USD
2025-04-27 18:40:58,028 - INFO -    - Tipo tasa: PARALELO
2025-04-27 18:40:58,029 - INFO -    - Categoría: Higiene
2025-04-27 18:40:58,117 - INFO - ➕ Nuevo producto creado: Toallas hugme humedas (ID: 448cc48c-f737-4177-a78a-44b8b6e31b18)
2025-04-27 18:40:58,118 - INFO -    - Precio Loyverse: 105.0 VES
2025-04-27 18:40:58,118 - INFO -    - Tasa aplicada: 95.0
2025-04-27 18:40:58,118 - INFO -    - Precio USD calculado: 1.11 USD
2025-04-27 18:40:58,118 - INFO -    - Tipo tasa: PARALELO
2025-04-27 18:40:58,119 - INFO -    - Categoría: Higiene
2025-04-27 18:40:58,205 - INFO - ➕ Nuevo producto creado: tocineta limon (ID: 872990dc-3209-48e7-b80d-584faddbdaa0)
2025-04-27 18:40:58,205 - INFO -    - Precio Loyverse: 40.0 VES
2025-04-27 18:40:58,205 - INFO -    - Tasa aplicada: 95.0
2025-04-27 18:40:58,206 - INFO -    - Precio USD calculado: 0.42 USD
2025-04-27 18:40:58,206 - INFO -    - Tipo tasa: PARALELO
2025-04-27 18:40:58,206 - INFO -    - Categoría: Chucheria
2025-04-27 18:40:58,286 - INFO - ➕ Nuevo producto creado: toddy (ID: 768d9af9-8d91-4ea2-8920-c54994907b80)
2025-04-27 18:40:58,286 - INFO -    - Precio Loyverse: 155.0 VES
2025-04-27 18:40:58,287 - INFO -    - Tasa aplicada: 95.0
2025-04-27 18:40:58,287 - INFO -    - Precio USD calculado: 1.63 USD
2025-04-27 18:40:58,287 - INFO -    - Tipo tasa: PARALELO
2025-04-27 18:40:58,288 - INFO -    - Categoría: Comida
2025-04-27 18:40:58,379 - INFO - ➕ Nuevo producto creado: togo bitter palito (ID: 55053fc2-3e6f-48c2-a332-562d6c629961)
2025-04-27 18:40:58,380 - INFO -    - Precio Loyverse: 15.0 VES
2025-04-27 18:40:58,380 - INFO -    - Tasa aplicada: 95.0
2025-04-27 18:40:58,380 - INFO -    - Precio USD calculado: 0.16 USD
2025-04-27 18:40:58,381 - INFO -    - Tipo tasa: PARALELO
2025-04-27 18:40:58,381 - INFO -    - Categoría: Chucheria
2025-04-27 18:40:58,465 - INFO - ➕ Nuevo producto creado: togo fresa (ID: ba6bdb70-7330-4e46-9a79-99d6dd10e7f6)
2025-04-27 18:40:58,465 - INFO -    - Precio Loyverse: 15.0 VES
2025-04-27 18:40:58,466 - INFO -    - Tasa aplicada: 95.0
2025-04-27 18:40:58,466 - INFO -    - Precio USD calculado: 0.16 USD
2025-04-27 18:40:58,467 - INFO -    - Tipo tasa: PARALELO
2025-04-27 18:40:58,467 - INFO -    - Categoría: Chucheria
2025-04-27 18:40:58,771 - INFO - ➕ Nuevo producto creado: Tom grande (ID: 6e4badd9-57e1-4577-8fab-015452496af7)
2025-04-27 18:40:58,771 - INFO -    - Precio Loyverse: 85.0 VES
2025-04-27 18:40:58,772 - INFO -    - Tasa aplicada: 95.0
2025-04-27 18:40:58,773 - INFO -    - Precio USD calculado: 0.89 USD
2025-04-27 18:40:58,773 - INFO -    - Tipo tasa: PARALELO
2025-04-27 18:40:58,774 - INFO -    - Categoría: Chucheria
2025-04-27 18:40:58,856 - INFO - ➕ Nuevo producto creado: Tom Familiar (ID: 0397ad93-4df0-4686-a5a8-f7a5ac7b9b4f)
2025-04-27 18:40:58,857 - INFO -    - Precio Loyverse: 135.0 VES
2025-04-27 18:40:58,858 - INFO -    - Tasa aplicada: 95.0
2025-04-27 18:40:58,858 - INFO -    - Precio USD calculado: 1.42 USD
2025-04-27 18:40:58,858 - INFO -    - Tipo tasa: PARALELO
2025-04-27 18:40:58,859 - INFO -    - Categoría: Chucheria
2025-04-27 18:40:58,941 - INFO - ➕ Nuevo producto creado: tomate (ID: a10e4106-70d7-4f76-9741-ca9a59d3e7a0)
2025-04-27 18:40:58,942 - INFO -    - Precio Loyverse: 140.0 VES
2025-04-27 18:40:58,942 - INFO -    - Tasa aplicada: 95.0
2025-04-27 18:40:58,942 - INFO -    - Precio USD calculado: 1.47 USD
2025-04-27 18:40:58,943 - INFO -    - Tipo tasa: PARALELO
2025-04-27 18:40:58,943 - INFO -    - Categoría: Coche
2025-04-27 18:40:59,027 - INFO - ➕ Nuevo producto creado: Tom Pequeño (ID: f27b1782-1bd0-4593-b67a-5f35938267e1)
2025-04-27 18:40:59,028 - INFO -    - Precio Loyverse: 35.0 VES
2025-04-27 18:40:59,028 - INFO -    - Tasa aplicada: 95.0
2025-04-27 18:40:59,028 - INFO -    - Precio USD calculado: 0.37 USD
2025-04-27 18:40:59,029 - INFO -    - Tipo tasa: PARALELO
2025-04-27 18:40:59,029 - INFO -    - Categoría: Chucheria
2025-04-27 18:40:59,111 - INFO - ➕ Nuevo producto creado: Tostoncito (ID: ac251016-161a-43db-ac50-bb06b3f88ad6)
2025-04-27 18:40:59,111 - INFO -    - Precio Loyverse: 40.0 VES
2025-04-27 18:40:59,112 - INFO -    - Tasa aplicada: 95.0
2025-04-27 18:40:59,113 - INFO -    - Precio USD calculado: 0.42 USD
2025-04-27 18:40:59,113 - INFO -    - Tipo tasa: PARALELO
2025-04-27 18:40:59,113 - INFO -    - Categoría: Chucheria
2025-04-27 18:40:59,193 - INFO - ➕ Nuevo producto creado: Trululu Chocolores (ID: ef80bbcb-2bd4-4cfc-beaa-6230e80778f9)
2025-04-27 18:40:59,194 - INFO -    - Precio Loyverse: 40.0 VES
2025-04-27 18:40:59,194 - INFO -    - Tasa aplicada: 95.0
2025-04-27 18:40:59,195 - INFO -    - Precio USD calculado: 0.42 USD
2025-04-27 18:40:59,195 - INFO -    - Tipo tasa: PARALELO
2025-04-27 18:40:59,195 - INFO -    - Categoría: Chucheria
2025-04-27 18:40:59,307 - INFO - ➕ Nuevo producto creado: Trululu Sabores (ID: dd04b904-fe2d-4a3c-8010-936339903890)
2025-04-27 18:40:59,309 - INFO -    - Precio Loyverse: 25.0 VES
2025-04-27 18:40:59,309 - INFO -    - Tasa aplicada: 95.0
2025-04-27 18:40:59,309 - INFO -    - Precio USD calculado: 0.26 USD
2025-04-27 18:40:59,309 - INFO -    - Tipo tasa: PARALELO
2025-04-27 18:40:59,309 - INFO -    - Categoría: Chucheria
2025-04-27 18:40:59,392 - INFO - ➕ Nuevo producto creado: Trululu Snacks Paquete (ID: a3f83c8d-6a2f-4e24-8a61-0d0ea2b93327)
2025-04-27 18:40:59,392 - INFO -    - Precio Loyverse: 55.0 VES
2025-04-27 18:40:59,392 - INFO -    - Tasa aplicada: 95.0
2025-04-27 18:40:59,393 - INFO -    - Precio USD calculado: 0.58 USD
2025-04-27 18:40:59,393 - INFO -    - Tipo tasa: PARALELO
2025-04-27 18:40:59,393 - INFO -    - Categoría: Chucheria
2025-04-27 18:40:59,477 - INFO - ➕ Nuevo producto creado: Universal (ID: 28a8909b-6e9a-40df-aced-ab669fb3da87)
2025-04-27 18:40:59,477 - INFO -    - Precio Loyverse: 10.0 VES
2025-04-27 18:40:59,478 - INFO -    - Tasa aplicada: 95.0
2025-04-27 18:40:59,478 - INFO -    - Precio USD calculado: 0.11 USD
2025-04-27 18:40:59,478 - INFO -    - Tipo tasa: PARALELO
2025-04-27 18:40:59,478 - INFO -    - Categoría: Cigarros
2025-04-27 18:40:59,570 - INFO - ➕ Nuevo producto creado: Uñas (ID: 796ebcde-cee6-4057-b06a-e1856f39ca3e)
2025-04-27 18:40:59,570 - INFO -    - Precio Loyverse: 125.0 VES
2025-04-27 18:40:59,570 - INFO -    - Tasa aplicada: 95.0
2025-04-27 18:40:59,571 - INFO -    - Precio USD calculado: 1.32 USD
2025-04-27 18:40:59,571 - INFO -    - Tipo tasa: PARALELO
2025-04-27 18:40:59,571 - INFO -    - Categoría: Varios
2025-04-27 18:40:59,655 - INFO - ➕ Nuevo producto creado: Vainilla La favorita 250ML (ID: 70567f9f-c281-423d-b177-1f175799ce90)
2025-04-27 18:40:59,656 - INFO -    - Precio Loyverse: 55.0 VES
2025-04-27 18:40:59,657 - INFO -    - Tasa aplicada: 95.0
2025-04-27 18:40:59,657 - INFO -    - Precio USD calculado: 0.58 USD
2025-04-27 18:40:59,658 - INFO -    - Tipo tasa: PARALELO
2025-04-27 18:40:59,658 - INFO -    - Categoría: Comida
2025-04-27 18:40:59,740 - INFO - ➕ Nuevo producto creado: Velas (ID: dc4cb35e-acc2-4cce-aff4-9d9b86459a28)
2025-04-27 18:40:59,740 - INFO -    - Precio Loyverse: 15.0 VES
2025-04-27 18:40:59,741 - INFO -    - Tasa aplicada: 95.0
2025-04-27 18:40:59,741 - INFO -    - Precio USD calculado: 0.16 USD
2025-04-27 18:40:59,741 - INFO -    - Tipo tasa: PARALELO
2025-04-27 18:40:59,742 - INFO -    - Categoría: Varios
2025-04-27 18:40:59,823 - INFO - ➕ Nuevo producto creado: veneno para ratas (ID: c71ffa7f-55aa-4de6-b2af-11ac1a3fe990)
2025-04-27 18:40:59,824 - INFO -    - Precio Loyverse: 35.0 VES
2025-04-27 18:40:59,824 - INFO -    - Tasa aplicada: 95.0
2025-04-27 18:40:59,824 - INFO -    - Precio USD calculado: 0.37 USD
2025-04-27 18:40:59,825 - INFO -    - Tipo tasa: PARALELO
2025-04-27 18:40:59,825 - INFO -    - Categoría: Varios
2025-04-27 18:40:59,998 - INFO - ➕ Nuevo producto creado: Vinagre capital 1lt (ID: 4445748a-cf30-4591-9c4d-d4580d28d844)
2025-04-27 18:40:59,999 - INFO -    - Precio Loyverse: 95.0 VES
2025-04-27 18:41:00,000 - INFO -    - Tasa aplicada: 95.0
2025-04-27 18:41:00,000 - INFO -    - Precio USD calculado: 1.00 USD
2025-04-27 18:41:00,000 - INFO -    - Tipo tasa: PARALELO
2025-04-27 18:41:00,001 - INFO -    - Categoría: Comida
2025-04-27 18:41:00,086 - INFO - ➕ Nuevo producto creado: Vinagre capital 250ml (ID: 2b5c2ce7-f8d7-4abc-bf4e-493cc03d425c)
2025-04-27 18:41:00,087 - INFO -    - Precio Loyverse: 45.0 VES
2025-04-27 18:41:00,087 - INFO -    - Tasa aplicada: 95.0
2025-04-27 18:41:00,087 - INFO -    - Precio USD calculado: 0.47 USD
2025-04-27 18:41:00,089 - INFO -    - Tipo tasa: PARALELO
2025-04-27 18:41:00,089 - INFO -    - Categoría: Comida
2025-04-27 18:41:00,174 - INFO - ➕ Nuevo producto creado: Vinagre capital 500ml (ID: c1fcfae7-c88b-4059-8b7a-553dea4b550c)
2025-04-27 18:41:00,175 - INFO -    - Precio Loyverse: 60.0 VES
2025-04-27 18:41:00,175 - INFO -    - Tasa aplicada: 95.0
2025-04-27 18:41:00,175 - INFO -    - Precio USD calculado: 0.63 USD
2025-04-27 18:41:00,176 - INFO -    - Tipo tasa: PARALELO
2025-04-27 18:41:00,176 - INFO -    - Categoría: Comida
2025-04-27 18:41:00,271 - INFO - ➕ Nuevo producto creado: vitafer vitafer unidad (ID: 739fe79c-dbac-487a-a3be-f9a1cd76f6bb)
2025-04-27 18:41:00,272 - INFO -    - Precio Loyverse: 55.0 VES
2025-04-27 18:41:00,272 - INFO -    - Tasa aplicada: 95.0
2025-04-27 18:41:00,272 - INFO -    - Precio USD calculado: 0.58 USD
2025-04-27 18:41:00,273 - INFO -    - Tipo tasa: PARALELO
2025-04-27 18:41:00,273 - INFO -    - Categoría: Comida
2025-04-27 18:41:00,353 - INFO - ➕ Nuevo producto creado: wiki wiki pinta ropa (ID: 9e394e73-c8c9-4e3a-be43-186c162d92d9)
2025-04-27 18:41:00,354 - INFO -    - Precio Loyverse: 50.0 VES
2025-04-27 18:41:00,355 - INFO -    - Tasa aplicada: 95.0
2025-04-27 18:41:00,356 - INFO -    - Precio USD calculado: 0.53 USD
2025-04-27 18:41:00,356 - INFO -    - Tipo tasa: PARALELO
2025-04-27 18:41:00,356 - INFO -    - Categoría: Varios
2025-04-27 18:41:00,438 - INFO - ➕ Nuevo producto creado: Yesquero Hugme (ID: ae2d0ea3-bc28-4a17-9139-913cceb910f9)
2025-04-27 18:41:00,438 - INFO -    - Precio Loyverse: 15.0 VES
2025-04-27 18:41:00,439 - INFO -    - Tasa aplicada: 95.0
2025-04-27 18:41:00,439 - INFO -    - Precio USD calculado: 0.16 USD
2025-04-27 18:41:00,439 - INFO -    - Tipo tasa: PARALELO
2025-04-27 18:41:00,439 - INFO -    - Categoría: Varios
2025-04-27 18:41:00,523 - INFO - ➕ Nuevo producto creado: yupi waffle unidad (ID: ebf8e38b-7f3e-4dee-895e-9df19d58a826)
2025-04-27 18:41:00,524 - INFO -    - Precio Loyverse: 60.0 VES
2025-04-27 18:41:00,525 - INFO -    - Tasa aplicada: 95.0
2025-04-27 18:41:00,525 - INFO -    - Precio USD calculado: 0.63 USD
2025-04-27 18:41:00,525 - INFO -    - Tipo tasa: PARALELO
2025-04-27 18:41:00,526 - INFO -    - Categoría: Chucheria
2025-04-27 18:41:00,607 - INFO - ➕ Nuevo producto creado: yupi tubito unidad (ID: 6b706a07-7ef8-4c95-87a3-27374b244407)
2025-04-27 18:41:00,607 - INFO -    - Precio Loyverse: 55.0 VES
2025-04-27 18:41:00,608 - INFO -    - Tasa aplicada: 95.0
2025-04-27 18:41:00,608 - INFO -    - Precio USD calculado: 0.58 USD
2025-04-27 18:41:00,608 - INFO -    - Tipo tasa: PARALELO
2025-04-27 18:41:00,609 - INFO -    - Categoría: Chucheria
2025-04-27 18:41:00,690 - INFO - ➕ Nuevo producto creado: Venta de efectivo (ID: 9d3a6cd5-71d3-4f78-96e5-afdae77e6505)
2025-04-27 18:41:00,691 - INFO -    - Precio Loyverse: 0 VES
2025-04-27 18:41:00,692 - INFO -    - Tasa aplicada: 95.0
2025-04-27 18:41:00,693 - INFO -    - Precio USD calculado: 0 USD
2025-04-27 18:41:00,693 - INFO -    - Tipo tasa: PARALELO
2025-04-27 18:41:00,693 - INFO -    - Categoría: Varios
2025-04-27 18:41:00,836 - INFO - ➕ Nuevo producto creado: Recarga (ID: 8b474bef-cdff-43cb-9ca8-bda948a94768)
2025-04-27 18:41:00,836 - INFO -    - Precio Loyverse: 0 VES
2025-04-27 18:41:00,837 - INFO -    - Tasa aplicada: 95.0
2025-04-27 18:41:00,837 - INFO -    - Precio USD calculado: 0 USD
2025-04-27 18:41:00,838 - INFO -    - Tipo tasa: PARALELO
2025-04-27 18:41:00,839 - INFO -    - Categoría: Varios
2025-04-27 18:41:00,942 - INFO - ➕ Nuevo producto creado: queso amarillo caro (ID: 6a159fdf-abb0-4cb0-ae51-af02eb1c4e01)
2025-04-27 18:41:00,943 - INFO -    - Precio Loyverse: 1430.0 VES
2025-04-27 18:41:00,943 - INFO -    - Tasa aplicada: 95.0
2025-04-27 18:41:00,943 - INFO -    - Precio USD calculado: 15.05 USD
2025-04-27 18:41:00,944 - INFO -    - Tipo tasa: PARALELO
2025-04-27 18:41:00,944 - INFO -    - Categoría: Charcuteria
2025-04-27 18:41:01,024 - INFO - ➕ Nuevo producto creado: queso amarillo barato (ID: 3df4a94f-0cd1-4b1c-8291-ae3479f3af23)
2025-04-27 18:41:01,025 - INFO -    - Precio Loyverse: 830.0 VES
2025-04-27 18:41:01,026 - INFO -    - Tasa aplicada: 95.0
2025-04-27 18:41:01,026 - INFO -    - Precio USD calculado: 8.74 USD
2025-04-27 18:41:01,026 - INFO -    - Tipo tasa: PARALELO
2025-04-27 18:41:01,026 - INFO -    - Categoría: Charcuteria
2025-04-27 18:41:01,108 - INFO - ➕ Nuevo producto creado: Salchicha Polaca (ID: d2c6fd85-91b6-42d8-a389-f4fedefa298b)
2025-04-27 18:41:01,109 - INFO -    - Precio Loyverse: 410.0 VES
2025-04-27 18:41:01,109 - INFO -    - Tasa aplicada: 95.0
2025-04-27 18:41:01,109 - INFO -    - Precio USD calculado: 4.32 USD
2025-04-27 18:41:01,110 - INFO -    - Tipo tasa: PARALELO
2025-04-27 18:41:01,110 - INFO -    - Categoría: Charcuteria
2025-04-27 18:41:01,265 - INFO - ➕ Nuevo producto creado: Salchicha pollo (ID: 3825a930-a2b4-465c-8d13-3eec18841e5f)
2025-04-27 18:41:01,265 - INFO -    - Precio Loyverse: 315.0 VES
2025-04-27 18:41:01,266 - INFO -    - Tasa aplicada: 95.0
2025-04-27 18:41:01,266 - INFO -    - Precio USD calculado: 3.32 USD
2025-04-27 18:41:01,266 - INFO -    - Tipo tasa: PARALELO
2025-04-27 18:41:01,267 - INFO -    - Categoría: Charcuteria
2025-04-27 18:41:01,351 - INFO - ➕ Nuevo producto creado: Muslo de pollo (ID: e093bca7-9ce6-4feb-aea5-b9c1bda1b802)
2025-04-27 18:41:01,352 - INFO -    - Precio Loyverse: 385.0 VES
2025-04-27 18:41:01,352 - INFO -    - Tasa aplicada: 95.0
2025-04-27 18:41:01,352 - INFO -    - Precio USD calculado: 4.05 USD
2025-04-27 18:41:01,352 - INFO -    - Tipo tasa: PARALELO
2025-04-27 18:41:01,353 - INFO -    - Categoría: Charcuteria
2025-04-27 18:41:01,453 - INFO - ➕ Nuevo producto creado: Alitas de pollo (ID: 03863665-a43e-4c3e-9677-9d774e1be8ab)
2025-04-27 18:41:01,453 - INFO -    - Precio Loyverse: 445.0 VES
2025-04-27 18:41:01,454 - INFO -    - Tasa aplicada: 95.0
2025-04-27 18:41:01,454 - INFO -    - Precio USD calculado: 4.68 USD
2025-04-27 18:41:01,454 - INFO -    - Tipo tasa: PARALELO
2025-04-27 18:41:01,455 - INFO -    - Categoría: Charcuteria
2025-04-27 18:41:01,536 - INFO - ➕ Nuevo producto creado: Chuleta (ID: 7c9efae7-3fae-48bf-a393-2a3496256a61)
2025-04-27 18:41:01,536 - INFO -    - Precio Loyverse: 740.0 VES
2025-04-27 18:41:01,537 - INFO -    - Tasa aplicada: 95.0
2025-04-27 18:41:01,537 - INFO -    - Precio USD calculado: 7.79 USD
2025-04-27 18:41:01,537 - INFO -    - Tipo tasa: PARALELO
2025-04-27 18:41:01,538 - INFO -    - Categoría: Charcuteria
2025-04-27 18:41:01,678 - INFO - ➕ Nuevo producto creado: Pasta de chorizo (ID: b1805633-ffcc-4e86-8f15-e1ba0491d80b)
2025-04-27 18:41:01,678 - INFO -    - Precio Loyverse: 140.0 VES
2025-04-27 18:41:01,679 - INFO -    - Tasa aplicada: 95.0
2025-04-27 18:41:01,679 - INFO -    - Precio USD calculado: 1.47 USD
2025-04-27 18:41:01,680 - INFO -    - Tipo tasa: PARALELO
2025-04-27 18:41:01,680 - INFO -    - Categoría: Charcuteria
2025-04-27 18:41:01,760 - INFO - ➕ Nuevo producto creado: Jamon de pierna (ID: 54d9ea66-72fe-4e04-90b7-35e00c391544)
2025-04-27 18:41:01,761 - INFO -    - Precio Loyverse: 965.0 VES
2025-04-27 18:41:01,761 - INFO -    - Tasa aplicada: 95.0
2025-04-27 18:41:01,761 - INFO -    - Precio USD calculado: 10.16 USD
2025-04-27 18:41:01,762 - INFO -    - Tipo tasa: PARALELO
2025-04-27 18:41:01,762 - INFO -    - Categoría: Charcuteria
2025-04-27 18:41:01,850 - INFO - ➕ Nuevo producto creado: queso de año 200g concha negra (ID: 18026c27-8a6f-4d65-ba05-d9de2a34ef65)
2025-04-27 18:41:01,850 - INFO -    - Precio Loyverse: 310.0 VES
2025-04-27 18:41:01,850 - INFO -    - Tasa aplicada: 95.0
2025-04-27 18:41:01,851 - INFO -    - Precio USD calculado: 3.26 USD
2025-04-27 18:41:01,851 - INFO -    - Tipo tasa: PARALELO
2025-04-27 18:41:01,852 - INFO -    - Categoría: Comida
2025-04-27 18:41:01,937 - INFO - ➕ Nuevo producto creado: Pilas (ID: 746d7766-f4b8-45f0-bd35-4cf437d81beb)
2025-04-27 18:41:01,937 - INFO -    - Precio Loyverse: 55.0 VES
2025-04-27 18:41:01,937 - INFO -    - Tasa aplicada: 95.0
2025-04-27 18:41:01,938 - INFO -    - Precio USD calculado: 0.58 USD
2025-04-27 18:41:01,938 - INFO -    - Tipo tasa: PARALELO
2025-04-27 18:41:01,939 - INFO -    - Categoría: Varios
2025-04-27 18:41:02,031 - INFO - ➕ Nuevo producto creado: borras (ID: e395091a-e6d4-43c3-b799-b7a41a652146)
2025-04-27 18:41:02,032 - INFO -    - Precio Loyverse: 25.0 VES
2025-04-27 18:41:02,032 - INFO -    - Tasa aplicada: 95.0
2025-04-27 18:41:02,032 - INFO -    - Precio USD calculado: 0.26 USD
2025-04-27 18:41:02,032 - INFO -    - Tipo tasa: PARALELO
2025-04-27 18:41:02,032 - INFO -    - Categoría: Papeleria
2025-04-27 18:41:02,114 - INFO - ➕ Nuevo producto creado: Mistolin (ID: bf3a3b6b-9f47-4a8b-9f49-06973dd14bb1)
2025-04-27 18:41:02,115 - INFO -    - Precio Loyverse: 185.0 VES
2025-04-27 18:41:02,116 - INFO -    - Tasa aplicada: 95.0
2025-04-27 18:41:02,116 - INFO -    - Precio USD calculado: 1.95 USD
2025-04-27 18:41:02,116 - INFO -    - Tipo tasa: PARALELO
2025-04-27 18:41:02,117 - INFO -    - Categoría: Higiene
2025-04-27 18:41:02,221 - INFO - ➕ Nuevo producto creado: Agua oxigenada (ID: 547b8110-b3c5-426b-94f7-85e793dd5db1)
2025-04-27 18:41:02,222 - INFO -    - Precio Loyverse: 90.0 VES
2025-04-27 18:41:02,222 - INFO -    - Tasa aplicada: 95.0
2025-04-27 18:41:02,222 - INFO -    - Precio USD calculado: 0.95 USD
2025-04-27 18:41:02,223 - INFO -    - Tipo tasa: PARALELO
2025-04-27 18:41:02,223 - INFO -    - Categoría: Higiene
2025-04-27 18:41:02,308 - INFO - ➕ Nuevo producto creado: Pasta de tomate COMA (ID: 4219aa3a-bad0-4896-9754-961e1ce81df6)
2025-04-27 18:41:02,308 - INFO -    - Precio Loyverse: 170.0 VES
2025-04-27 18:41:02,309 - INFO -    - Tasa aplicada: 95.0
2025-04-27 18:41:02,309 - INFO -    - Precio USD calculado: 1.79 USD
2025-04-27 18:41:02,309 - INFO -    - Tipo tasa: PARALELO
2025-04-27 18:41:02,310 - INFO -    - Categoría: Comida
2025-04-27 18:41:02,395 - INFO - ➕ Nuevo producto creado: Tinte Hugme Barato (ID: f7ed3053-9749-4775-945a-f6d19fb20402)
2025-04-27 18:41:02,395 - INFO -    - Precio Loyverse: 40.0 VES
2025-04-27 18:41:02,396 - INFO -    - Tasa aplicada: 95.0
2025-04-27 18:41:02,396 - INFO -    - Precio USD calculado: 0.42 USD
2025-04-27 18:41:02,397 - INFO -    - Tipo tasa: PARALELO
2025-04-27 18:41:02,397 - INFO -    - Categoría: Higiene
2025-04-27 18:41:02,521 - INFO - ➕ Nuevo producto creado: Algodon (ID: 2614f7b5-f1e9-498a-9a8b-7388fe601d25)
2025-04-27 18:41:02,521 - INFO -    - Precio Loyverse: 65.0 VES
2025-04-27 18:41:02,522 - INFO -    - Tasa aplicada: 95.0
2025-04-27 18:41:02,523 - INFO -    - Precio USD calculado: 0.68 USD
2025-04-27 18:41:02,523 - INFO -    - Tipo tasa: PARALELO
2025-04-27 18:41:02,523 - INFO -    - Categoría: Higiene
2025-04-27 18:41:02,605 - INFO - ➕ Nuevo producto creado: Sabroseador GUT (ID: 64ed4579-449e-47b9-a561-b1f5ed967605)
2025-04-27 18:41:02,606 - INFO -    - Precio Loyverse: 50.0 VES
2025-04-27 18:41:02,606 - INFO -    - Tasa aplicada: 95.0
2025-04-27 18:41:02,607 - INFO -    - Precio USD calculado: 0.53 USD
2025-04-27 18:41:02,607 - INFO -    - Tipo tasa: PARALELO
2025-04-27 18:41:02,608 - INFO -    - Categoría: Comida
2025-04-27 18:41:02,689 - INFO - ➕ Nuevo producto creado: Colgate (ID: 115bc365-1227-4ed5-b166-ea85056fc269)
2025-04-27 18:41:02,690 - INFO -    - Precio Loyverse: 90.0 VES
2025-04-27 18:41:02,690 - INFO -    - Tasa aplicada: 95.0
2025-04-27 18:41:02,690 - INFO -    - Precio USD calculado: 0.95 USD
2025-04-27 18:41:02,691 - INFO -    - Tipo tasa: PARALELO
2025-04-27 18:41:02,691 - INFO -    - Categoría: Higiene
2025-04-27 18:41:02,845 - INFO - ➕ Nuevo producto creado: Harina de Trigo Dulce Mar 1kl (ID: 67f72588-6a30-43f0-b732-080aa88aad78)
2025-04-27 18:41:02,845 - INFO -    - Precio Loyverse: 115.0 VES
2025-04-27 18:41:02,845 - INFO -    - Tasa aplicada: 95.0
2025-04-27 18:41:02,845 - INFO -    - Precio USD calculado: 1.21 USD
2025-04-27 18:41:02,846 - INFO -    - Tipo tasa: PARALELO
2025-04-27 18:41:02,846 - INFO -    - Categoría: Comida
2025-04-27 18:41:02,934 - INFO - ➕ Nuevo producto creado: Harina de Trigo Robin hood 1kl (ID: d7a9916d-b999-403c-93fb-2d1f6c250f8f)
2025-04-27 18:41:02,935 - INFO -    - Precio Loyverse: 110.0 VES
2025-04-27 18:41:02,935 - INFO -    - Tasa aplicada: 95.0
2025-04-27 18:41:02,936 - INFO -    - Precio USD calculado: 1.16 USD
2025-04-27 18:41:02,936 - INFO -    - Tipo tasa: PARALELO
2025-04-27 18:41:02,936 - INFO -    - Categoría: Comida
2025-04-27 18:41:03,049 - INFO - ➕ Nuevo producto creado: Cafe de Madrid 100g (ID: bb72af72-1644-48fa-93d0-97e25377106b)
2025-04-27 18:41:03,050 - INFO -    - Precio Loyverse: 125.0 VES
2025-04-27 18:41:03,050 - INFO -    - Tasa aplicada: 95.0
2025-04-27 18:41:03,050 - INFO -    - Precio USD calculado: 1.32 USD
2025-04-27 18:41:03,051 - INFO -    - Tipo tasa: PARALELO
2025-04-27 18:41:03,051 - INFO -    - Categoría: Comida
2025-04-27 18:41:03,139 - INFO - ➕ Nuevo producto creado: Mayonesa Fergos 452g Grande (ID: 599d63a2-c675-46bb-9b36-ec5af6ebb480)
2025-04-27 18:41:03,139 - INFO -    - Precio Loyverse: 250.0 VES
2025-04-27 18:41:03,139 - INFO -    - Tasa aplicada: 95.0
2025-04-27 18:41:03,140 - INFO -    - Precio USD calculado: 2.63 USD
2025-04-27 18:41:03,140 - INFO -    - Tipo tasa: PARALELO
2025-04-27 18:41:03,141 - INFO -    - Categoría: Comida
2025-04-27 18:41:03,446 - INFO - ➕ Nuevo producto creado: Pan Sanguche Sandwich (ID: 5836990f-2cb9-415a-8c9e-0a2badb4d0fc)
2025-04-27 18:41:03,447 - INFO -    - Precio Loyverse: 130.0 VES
2025-04-27 18:41:03,447 - INFO -    - Tasa aplicada: 95.0
2025-04-27 18:41:03,448 - INFO -    - Precio USD calculado: 1.37 USD
2025-04-27 18:41:03,448 - INFO -    - Tipo tasa: PARALELO
2025-04-27 18:41:03,448 - INFO -    - Categoría: Panaderia
2025-04-27 18:41:03,561 - INFO - ➕ Nuevo producto creado: Pan redondo (ID: ac11466d-0a4a-44ee-812a-2baa086ac6cb)
2025-04-27 18:41:03,562 - INFO -    - Precio Loyverse: 125.0 VES
2025-04-27 18:41:03,563 - INFO -    - Tasa aplicada: 95.0
2025-04-27 18:41:03,563 - INFO -    - Precio USD calculado: 1.32 USD
2025-04-27 18:41:03,563 - INFO -    - Tipo tasa: PARALELO
2025-04-27 18:41:03,563 - INFO -    - Categoría: Comida
2025-04-27 18:41:03,654 - INFO - ➕ Nuevo producto creado: Pan Hamburguesa (ID: 8dab28cc-6e8f-40ba-a482-757e281951a7)
2025-04-27 18:41:03,655 - INFO -    - Precio Loyverse: 125.0 VES
2025-04-27 18:41:03,655 - INFO -    - Tasa aplicada: 95.0
2025-04-27 18:41:03,655 - INFO -    - Precio USD calculado: 1.32 USD
2025-04-27 18:41:03,656 - INFO -    - Tipo tasa: PARALELO
2025-04-27 18:41:03,657 - INFO -    - Categoría: Comida
2025-04-27 18:41:03,745 - INFO - ➕ Nuevo producto creado: Leche mama conchita (ID: 19f93599-717e-4cdb-9b6a-49c7bb5cabd9)
2025-04-27 18:41:03,745 - INFO -    - Precio Loyverse: 110.0 VES
2025-04-27 18:41:03,746 - INFO -    - Tasa aplicada: 95.0
2025-04-27 18:41:03,747 - INFO -    - Precio USD calculado: 1.16 USD
2025-04-27 18:41:03,747 - INFO -    - Tipo tasa: PARALELO
2025-04-27 18:41:03,747 - INFO -    - Categoría: Comida
2025-04-27 18:41:03,876 - INFO - ➕ Nuevo producto creado: Nucita nutellini (ID: 443f4ac2-f276-41ed-b88e-fc138d23e988)
2025-04-27 18:41:03,876 - INFO -    - Precio Loyverse: 15.0 VES
2025-04-27 18:41:03,877 - INFO -    - Tasa aplicada: 95.0
2025-04-27 18:41:03,877 - INFO -    - Precio USD calculado: 0.16 USD
2025-04-27 18:41:03,877 - INFO -    - Tipo tasa: PARALELO
2025-04-27 18:41:03,878 - INFO -    - Categoría: Chucheria
2025-04-27 18:41:03,961 - INFO - ➕ Nuevo producto creado: Lora (ID: 9bbf7d23-2f7e-4924-ade6-275c49fc20d0)
2025-04-27 18:41:03,962 - INFO -    - Precio Loyverse: 50.0 VES
2025-04-27 18:41:03,962 - INFO -    - Tasa aplicada: 95.0
2025-04-27 18:41:03,963 - INFO -    - Precio USD calculado: 0.53 USD
2025-04-27 18:41:03,963 - INFO -    - Tipo tasa: PARALELO
2025-04-27 18:41:03,963 - INFO -    - Categoría: Chucheria
2025-04-27 18:41:04,045 - INFO - ➕ Nuevo producto creado: Freegells (ID: a07bfbd2-96fe-4946-9414-fde5b073e885)
2025-04-27 18:41:04,045 - INFO -    - Precio Loyverse: 30.0 VES
2025-04-27 18:41:04,045 - INFO -    - Tasa aplicada: 95.0
2025-04-27 18:41:04,046 - INFO -    - Precio USD calculado: 0.32 USD
2025-04-27 18:41:04,047 - INFO -    - Tipo tasa: PARALELO
2025-04-27 18:41:04,047 - INFO -    - Categoría: Chucheria
2025-04-27 18:41:04,130 - INFO - ➕ Nuevo producto creado: Agogo (ID: d9981449-a2bc-4eb1-923b-d8faac107275)
2025-04-27 18:41:04,131 - INFO -    - Precio Loyverse: 20.0 VES
2025-04-27 18:41:04,131 - INFO -    - Tasa aplicada: 95.0
2025-04-27 18:41:04,131 - INFO -    - Precio USD calculado: 0.21 USD
2025-04-27 18:41:04,132 - INFO -    - Tipo tasa: PARALELO
2025-04-27 18:41:04,132 - INFO -    - Categoría: Chucheria
2025-04-27 18:41:04,234 - INFO - ➕ Nuevo producto creado: Cheese Cronch (ID: b7a3e43d-601d-4d2a-a7e7-4056341a1459)
2025-04-27 18:41:04,235 - INFO -    - Precio Loyverse: 30.0 VES
2025-04-27 18:41:04,235 - INFO -    - Tasa aplicada: 95.0
2025-04-27 18:41:04,235 - INFO -    - Precio USD calculado: 0.32 USD
2025-04-27 18:41:04,235 - INFO -    - Tipo tasa: PARALELO
2025-04-27 18:41:04,236 - INFO -    - Categoría: Chucheria
2025-04-27 18:41:04,318 - INFO - ➕ Nuevo producto creado: Miami detallado (ID: 4e9e9d8b-0c63-46a4-b410-8f210bb924c7)
2025-04-27 18:41:04,319 - INFO -    - Precio Loyverse: 2.0 VES
2025-04-27 18:41:04,320 - INFO -    - Tasa aplicada: 95.0
2025-04-27 18:41:04,320 - INFO -    - Precio USD calculado: 0.02 USD
2025-04-27 18:41:04,321 - INFO -    - Tipo tasa: PARALELO
2025-04-27 18:41:04,321 - INFO -    - Categoría: Cigarros
2025-04-27 18:41:04,437 - INFO - ➕ Nuevo producto creado: Zanahoria (ID: a647d1bf-cd03-42da-b253-a816a5e6977a)
2025-04-27 18:41:04,438 - INFO -    - Precio Loyverse: 60.0 VES
2025-04-27 18:41:04,438 - INFO -    - Tasa aplicada: 95.0
2025-04-27 18:41:04,439 - INFO -    - Precio USD calculado: 0.63 USD
2025-04-27 18:41:04,439 - INFO -    - Tipo tasa: PARALELO
2025-04-27 18:41:04,439 - INFO -    - Categoría: Coche
2025-04-27 18:41:04,523 - INFO - ➕ Nuevo producto creado: Pepino (ID: e4a50a2b-8205-456b-a118-370a88030052)
2025-04-27 18:41:04,524 - INFO -    - Precio Loyverse: 60.0 VES
2025-04-27 18:41:04,525 - INFO -    - Tasa aplicada: 95.0
2025-04-27 18:41:04,525 - INFO -    - Precio USD calculado: 0.63 USD
2025-04-27 18:41:04,525 - INFO -    - Tipo tasa: PARALELO
2025-04-27 18:41:04,526 - INFO -    - Categoría: Coche
2025-04-27 18:41:04,612 - INFO - ➕ Nuevo producto creado: Guayaba (ID: 1a24f8a9-a627-4c00-915d-75da2a3dc55f)
2025-04-27 18:41:04,613 - INFO -    - Precio Loyverse: 100.0 VES
2025-04-27 18:41:04,613 - INFO -    - Tasa aplicada: 95.0
2025-04-27 18:41:04,613 - INFO -    - Precio USD calculado: 1.05 USD
2025-04-27 18:41:04,614 - INFO -    - Tipo tasa: PARALELO
2025-04-27 18:41:04,614 - INFO -    - Categoría: Coche
2025-04-27 18:41:04,698 - INFO - ➕ Nuevo producto creado: Lechuga (ID: cb94248b-4ca7-4645-9693-617465a25cb6)
2025-04-27 18:41:04,698 - INFO -    - Precio Loyverse: 70.0 VES
2025-04-27 18:41:04,698 - INFO -    - Tasa aplicada: 95.0
2025-04-27 18:41:04,698 - INFO -    - Precio USD calculado: 0.74 USD
2025-04-27 18:41:04,699 - INFO -    - Tipo tasa: PARALELO
2025-04-27 18:41:04,699 - INFO -    - Categoría: Coche
2025-04-27 18:41:04,781 - INFO - ➕ Nuevo producto creado: Crema de Zapato (ID: 2316a23f-aae4-43dd-b3d2-1e2da1aa03e8)
2025-04-27 18:41:04,781 - INFO -    - Precio Loyverse: 65.0 VES
2025-04-27 18:41:04,781 - INFO -    - Tasa aplicada: 95.0
2025-04-27 18:41:04,782 - INFO -    - Precio USD calculado: 0.68 USD
2025-04-27 18:41:04,782 - INFO -    - Tipo tasa: PARALELO
2025-04-27 18:41:04,782 - INFO -    - Categoría: Varios
2025-04-27 18:41:04,863 - INFO - ➕ Nuevo producto creado: Producto cualquier (ID: de7c0755-49d4-4e45-ae4b-48ef7fae4af1)
2025-04-27 18:41:04,863 - INFO -    - Precio Loyverse: 0 VES
2025-04-27 18:41:04,864 - INFO -    - Tasa aplicada: 95.0
2025-04-27 18:41:04,865 - INFO -    - Precio USD calculado: 0 USD
2025-04-27 18:41:04,865 - INFO -    - Tipo tasa: PARALELO
2025-04-27 18:41:04,865 - INFO -    - Categoría: Varios
2025-04-27 18:41:04,948 - INFO - ➕ Nuevo producto creado: Barquilla (ID: b25a41e1-a04e-4ed6-b43c-6aa1cd39baa3)
2025-04-27 18:41:04,948 - INFO -    - Precio Loyverse: 50.0 VES
2025-04-27 18:41:04,948 - INFO -    - Tasa aplicada: 95.0
2025-04-27 18:41:04,949 - INFO -    - Precio USD calculado: 0.53 USD
2025-04-27 18:41:04,949 - INFO -    - Tipo tasa: PARALELO
2025-04-27 18:41:04,950 - INFO -    - Categoría: Helado
2025-04-27 18:41:05,031 - INFO - ➕ Nuevo producto creado: Tabaco Paramaconi (ID: cf8a67c3-08b5-47cb-b46c-894097c4bc86)
2025-04-27 18:41:05,031 - INFO -    - Precio Loyverse: 35.0 VES
2025-04-27 18:41:05,032 - INFO -    - Tasa aplicada: 95.0
2025-04-27 18:41:05,032 - INFO -    - Precio USD calculado: 0.37 USD
2025-04-27 18:41:05,033 - INFO -    - Tipo tasa: PARALELO
2025-04-27 18:41:05,033 - INFO -    - Categoría: Vicio
2025-04-27 18:41:05,115 - INFO - ➕ Nuevo producto creado: Tabaco Corona (ID: d90ac086-0f1b-44c8-a4f6-af0c63a384f4)
2025-04-27 18:41:05,116 - INFO -    - Precio Loyverse: 25.0 VES
2025-04-27 18:41:05,116 - INFO -    - Tasa aplicada: 95.0
2025-04-27 18:41:05,117 - INFO -    - Precio USD calculado: 0.26 USD
2025-04-27 18:41:05,117 - INFO -    - Tipo tasa: PARALELO
2025-04-27 18:41:05,117 - INFO -    - Categoría: Vicio
2025-04-27 18:41:05,198 - INFO - ➕ Nuevo producto creado: Tabaco Artesanal (ID: 7a9b8ec0-1467-47ce-addb-4a3679ab0479)
2025-04-27 18:41:05,199 - INFO -    - Precio Loyverse: 15.0 VES
2025-04-27 18:41:05,199 - INFO -    - Tasa aplicada: 95.0
2025-04-27 18:41:05,200 - INFO -    - Precio USD calculado: 0.16 USD
2025-04-27 18:41:05,200 - INFO -    - Tipo tasa: PARALELO
2025-04-27 18:41:05,200 - INFO -    - Categoría: Vicio
2025-04-27 18:41:05,286 - INFO - ➕ Nuevo producto creado: Jabon avena (ID: 2f3af0ba-be7c-4309-b46a-cabec2fe8ffa)
2025-04-27 18:41:05,286 - INFO -    - Precio Loyverse: 35.0 VES
2025-04-27 18:41:05,286 - INFO -    - Tasa aplicada: 95.0
2025-04-27 18:41:05,287 - INFO -    - Precio USD calculado: 0.37 USD
2025-04-27 18:41:05,287 - INFO -    - Tipo tasa: PARALELO
2025-04-27 18:41:05,288 - INFO -    - Categoría: Higiene
2025-04-27 18:41:05,392 - INFO - ➕ Nuevo producto creado: Arroz mary rojo (ID: 5819f7ad-aceb-4189-9e51-3eea18263cf7)
2025-04-27 18:41:05,393 - INFO -    - Precio Loyverse: 125.0 VES
2025-04-27 18:41:05,393 - INFO -    - Tasa aplicada: 95.0
2025-04-27 18:41:05,394 - INFO -    - Precio USD calculado: 1.32 USD
2025-04-27 18:41:05,394 - INFO -    - Tipo tasa: PARALELO
2025-04-27 18:41:05,395 - INFO -    - Categoría: Comida
2025-04-27 18:41:05,552 - INFO - ➕ Nuevo producto creado: Guisantes (ID: c9875d4e-ae36-44c8-8b34-3cbf32c92f52)
2025-04-27 18:41:05,552 - INFO -    - Precio Loyverse: 115.0 VES
2025-04-27 18:41:05,552 - INFO -    - Tasa aplicada: 95.0
2025-04-27 18:41:05,553 - INFO -    - Precio USD calculado: 1.21 USD
2025-04-27 18:41:05,553 - INFO -    - Tipo tasa: PARALELO
2025-04-27 18:41:05,553 - INFO -    - Categoría: Comida
2025-04-27 18:41:05,634 - INFO - ➕ Nuevo producto creado: Mostaza fergo (ID: 43a43695-f13e-422f-8a86-0d7c81c11e1d)
2025-04-27 18:41:05,635 - INFO -    - Precio Loyverse: 130.0 VES
2025-04-27 18:41:05,635 - INFO -    - Tasa aplicada: 95.0
2025-04-27 18:41:05,636 - INFO -    - Precio USD calculado: 1.37 USD
2025-04-27 18:41:05,636 - INFO -    - Tipo tasa: PARALELO
2025-04-27 18:41:05,637 - INFO -    - Categoría: Comida
2025-04-27 18:41:05,725 - INFO - ➕ Nuevo producto creado: GUT de Pollo (ID: 0ae5277b-613c-4699-9740-cc89b80d3653)
2025-04-27 18:41:05,726 - INFO -    - Precio Loyverse: 40.0 VES
2025-04-27 18:41:05,726 - INFO -    - Tasa aplicada: 95.0
2025-04-27 18:41:05,727 - INFO -    - Precio USD calculado: 0.42 USD
2025-04-27 18:41:05,727 - INFO -    - Tipo tasa: PARALELO
2025-04-27 18:41:05,727 - INFO -    - Categoría: Comida
2025-04-27 18:41:05,873 - INFO - ➕ Nuevo producto creado: Lisso Liso inteligente (ID: 0de9be92-2feb-4fa7-b25e-de264a92c2ca)
2025-04-27 18:41:05,873 - INFO -    - Precio Loyverse: 40.0 VES
2025-04-27 18:41:05,874 - INFO -    - Tasa aplicada: 95.0
2025-04-27 18:41:05,874 - INFO -    - Precio USD calculado: 0.42 USD
2025-04-27 18:41:05,876 - INFO -    - Tipo tasa: PARALELO
2025-04-27 18:41:05,876 - INFO -    - Categoría: Higiene
2025-04-27 18:41:05,958 - INFO - ➕ Nuevo producto creado: Lady speed stick (ID: 294f1c6b-cf1a-43bb-84c6-49901d85e4cf)
2025-04-27 18:41:05,959 - INFO -    - Precio Loyverse: 35.0 VES
2025-04-27 18:41:05,959 - INFO -    - Tasa aplicada: 95.0
2025-04-27 18:41:05,960 - INFO -    - Precio USD calculado: 0.37 USD
2025-04-27 18:41:05,960 - INFO -    - Tipo tasa: PARALELO
2025-04-27 18:41:05,960 - INFO -    - Categoría: Higiene
2025-04-27 18:41:06,057 - INFO - ➕ Nuevo producto creado: Tinte AMG Grande (ID: 8fe7c3ff-9d1a-42ac-93b0-37708eabfe99)
2025-04-27 18:41:06,058 - INFO -    - Precio Loyverse: 200.0 VES
2025-04-27 18:41:06,058 - INFO -    - Tasa aplicada: 95.0
2025-04-27 18:41:06,059 - INFO -    - Precio USD calculado: 2.11 USD
2025-04-27 18:41:06,059 - INFO -    - Tipo tasa: PARALELO
2025-04-27 18:41:06,060 - INFO -    - Categoría: Higiene
2025-04-27 18:41:06,145 - INFO - ➕ Nuevo producto creado: Porleo Tipo oreo grande (ID: 9a6f545e-e2fa-4f41-ab54-ae5eaa9bb3f5)
2025-04-27 18:41:06,146 - INFO -    - Precio Loyverse: 45.0 VES
2025-04-27 18:41:06,146 - INFO -    - Tasa aplicada: 95.0
2025-04-27 18:41:06,147 - INFO -    - Precio USD calculado: 0.47 USD
2025-04-27 18:41:06,147 - INFO -    - Tipo tasa: PARALELO
2025-04-27 18:41:06,147 - INFO -    - Categoría: Chucheria
2025-04-27 18:41:06,228 - INFO - ➕ Nuevo producto creado: Porleo pequena (ID: 9f1a21cb-4d59-474d-97e6-9fba03cf1d14)
2025-04-27 18:41:06,229 - INFO -    - Precio Loyverse: 15.0 VES
2025-04-27 18:41:06,229 - INFO -    - Tasa aplicada: 95.0
2025-04-27 18:41:06,230 - INFO -    - Precio USD calculado: 0.16 USD
2025-04-27 18:41:06,230 - INFO -    - Tipo tasa: PARALELO
2025-04-27 18:41:06,230 - INFO -    - Categoría: Chucheria
2025-04-27 18:41:06,311 - INFO - ➕ Nuevo producto creado: Savoy (ID: 6c6e44f3-803e-49a6-a09d-b1fb6550555c)
2025-04-27 18:41:06,312 - INFO -    - Precio Loyverse: 130.0 VES
2025-04-27 18:41:06,312 - INFO -    - Tasa aplicada: 95.0
2025-04-27 18:41:06,312 - INFO -    - Precio USD calculado: 1.37 USD
2025-04-27 18:41:06,313 - INFO -    - Tipo tasa: PARALELO
2025-04-27 18:41:06,313 - INFO -    - Categoría: Chucheria
2025-04-27 18:41:06,394 - INFO - ➕ Nuevo producto creado: Cri Cri (ID: 75acc29c-7b95-40fe-aaeb-edd92d286e26)
2025-04-27 18:41:06,394 - INFO -    - Precio Loyverse: 95.0 VES
2025-04-27 18:41:06,395 - INFO -    - Tasa aplicada: 95.0
2025-04-27 18:41:06,395 - INFO -    - Precio USD calculado: 1.00 USD
2025-04-27 18:41:06,395 - INFO -    - Tipo tasa: PARALELO
2025-04-27 18:41:06,396 - INFO -    - Categoría: Chucheria
2025-04-27 18:41:06,480 - INFO - ➕ Nuevo producto creado: Palitos (ID: 8877f732-ab49-40ab-9ba5-261068e2adab)
2025-04-27 18:41:06,481 - INFO -    - Precio Loyverse: 40.0 VES
2025-04-27 18:41:06,481 - INFO -    - Tasa aplicada: 95.0
2025-04-27 18:41:06,482 - INFO -    - Precio USD calculado: 0.42 USD
2025-04-27 18:41:06,482 - INFO -    - Tipo tasa: PARALELO
2025-04-27 18:41:06,482 - INFO -    - Categoría: Chucheria
2025-04-27 18:41:06,563 - INFO - ➕ Nuevo producto creado: Axion Grande 235g (ID: b7b3a082-0695-4258-9625-256f8c63b650)
2025-04-27 18:41:06,564 - INFO -    - Precio Loyverse: 120.0 VES
2025-04-27 18:41:06,564 - INFO -    - Tasa aplicada: 95.0
2025-04-27 18:41:06,565 - INFO -    - Precio USD calculado: 1.26 USD
2025-04-27 18:41:06,565 - INFO -    - Tipo tasa: PARALELO
2025-04-27 18:41:06,566 - INFO -    - Categoría: Higiene
2025-04-27 18:41:06,671 - INFO - ➕ Nuevo producto creado: Tempera (ID: be45f09b-346c-4041-a20d-527fe9a907c5)
2025-04-27 18:41:06,672 - INFO -    - Precio Loyverse: 110.0 VES
2025-04-27 18:41:06,672 - INFO -    - Tasa aplicada: 95.0
2025-04-27 18:41:06,673 - INFO -    - Precio USD calculado: 1.16 USD
2025-04-27 18:41:06,673 - INFO -    - Tipo tasa: PARALELO
2025-04-27 18:41:06,673 - INFO -    - Categoría: Varios
2025-04-27 18:41:06,764 - INFO - ➕ Nuevo producto creado: Silicon Liquido (ID: 0943e323-d410-4674-9913-da3a9f8a4675)
2025-04-27 18:41:06,765 - INFO -    - Precio Loyverse: 80.0 VES
2025-04-27 18:41:06,765 - INFO -    - Tasa aplicada: 95.0
2025-04-27 18:41:06,766 - INFO -    - Precio USD calculado: 0.84 USD
2025-04-27 18:41:06,766 - INFO -    - Tipo tasa: PARALELO
2025-04-27 18:41:06,766 - INFO -    - Categoría: Papeleria
2025-04-27 18:41:06,848 - INFO - ➕ Nuevo producto creado: Cepillo de diente (ID: 15da3cc7-1e82-4971-af26-4f1152bde77a)
2025-04-27 18:41:06,848 - INFO -    - Precio Loyverse: 85.0 VES
2025-04-27 18:41:06,848 - INFO -    - Tasa aplicada: 95.0
2025-04-27 18:41:06,849 - INFO -    - Precio USD calculado: 0.89 USD
2025-04-27 18:41:06,850 - INFO -    - Tipo tasa: PARALELO
2025-04-27 18:41:06,850 - INFO -    - Categoría: Higiene
2025-04-27 18:41:06,932 - INFO - ➕ Nuevo producto creado: Condimentos 15bs (ID: 70f13040-47fc-45a7-88ae-149aa2499afe)
2025-04-27 18:41:06,932 - INFO -    - Precio Loyverse: 25.0 VES
2025-04-27 18:41:06,932 - INFO -    - Tasa aplicada: 95.0
2025-04-27 18:41:06,934 - INFO -    - Precio USD calculado: 0.26 USD
2025-04-27 18:41:06,934 - INFO -    - Tipo tasa: PARALELO
2025-04-27 18:41:06,934 - INFO -    - Categoría: Comida
2025-04-27 18:41:07,023 - INFO - ➕ Nuevo producto creado: Tetas Cremosas (ID: cbd62faf-3a16-4766-b61d-f65fe9ba0cc5)
2025-04-27 18:41:07,024 - INFO -    - Precio Loyverse: 45.0 VES
2025-04-27 18:41:07,024 - INFO -    - Tasa aplicada: 95.0
2025-04-27 18:41:07,025 - INFO -    - Precio USD calculado: 0.47 USD
2025-04-27 18:41:07,025 - INFO -    - Tipo tasa: PARALELO
2025-04-27 18:41:07,025 - INFO -    - Categoría: Helado
2025-04-27 18:41:07,110 - INFO - ➕ Nuevo producto creado: Paletas Cremosas (ID: 0544a868-5546-42d4-bf5c-fbd12401f685)
2025-04-27 18:41:07,111 - INFO -    - Precio Loyverse: 30.0 VES
2025-04-27 18:41:07,111 - INFO -    - Tasa aplicada: 95.0
2025-04-27 18:41:07,112 - INFO -    - Precio USD calculado: 0.32 USD
2025-04-27 18:41:07,112 - INFO -    - Tipo tasa: PARALELO
2025-04-27 18:41:07,112 - INFO -    - Categoría: Helado
2025-04-27 18:41:07,201 - INFO - ➕ Nuevo producto creado: Ibuprofeno (ID: 6abba197-e42f-4431-a22d-59cbe802e5ae)
2025-04-27 18:41:07,202 - INFO -    - Precio Loyverse: 10.0 VES
2025-04-27 18:41:07,202 - INFO -    - Tasa aplicada: 95.0
2025-04-27 18:41:07,203 - INFO -    - Precio USD calculado: 0.11 USD
2025-04-27 18:41:07,203 - INFO -    - Tipo tasa: PARALELO
2025-04-27 18:41:07,203 - INFO -    - Categoría: Farmacia
2025-04-27 18:41:07,336 - INFO - ➕ Nuevo producto creado: Diclofenac (ID: 4a91a8ce-42a4-4523-87d9-d34bd1a853e4)
2025-04-27 18:41:07,336 - INFO -    - Precio Loyverse: 10.0 VES
2025-04-27 18:41:07,337 - INFO -    - Tasa aplicada: 95.0
2025-04-27 18:41:07,337 - INFO -    - Precio USD calculado: 0.11 USD
2025-04-27 18:41:07,337 - INFO -    - Tipo tasa: PARALELO
2025-04-27 18:41:07,338 - INFO -    - Categoría: Farmacia
2025-04-27 18:41:07,453 - INFO - ➕ Nuevo producto creado: Cetirizina (ID: 70a0e07e-9239-4d01-97ba-5d0f46783460)
2025-04-27 18:41:07,453 - INFO -    - Precio Loyverse: 5.0 VES
2025-04-27 18:41:07,454 - INFO -    - Tasa aplicada: 95.0
2025-04-27 18:41:07,454 - INFO -    - Precio USD calculado: 0.05 USD
2025-04-27 18:41:07,454 - INFO -    - Tipo tasa: PARALELO
2025-04-27 18:41:07,455 - INFO -    - Categoría: Farmacia
2025-04-27 18:41:07,562 - INFO - ➕ Nuevo producto creado: leche liquida carabobo pequeña (ID: aeffd77f-c25e-4ded-9213-f27c8ef6314b)
2025-04-27 18:41:07,562 - INFO -    - Precio Loyverse: 55.0 VES
2025-04-27 18:41:07,563 - INFO -    - Tasa aplicada: 95.0
2025-04-27 18:41:07,563 - INFO -    - Precio USD calculado: 0.58 USD
2025-04-27 18:41:07,563 - INFO -    - Tipo tasa: PARALELO
2025-04-27 18:41:07,563 - INFO -    - Categoría: Comida
2025-04-27 18:41:07,646 - INFO - ➕ Nuevo producto creado: Zucarita (ID: 441f496b-e12e-400c-aab3-ecbd2978eaf0)
2025-04-27 18:41:07,647 - INFO -    - Precio Loyverse: 40.0 VES
2025-04-27 18:41:07,647 - INFO -    - Tasa aplicada: 95.0
2025-04-27 18:41:07,648 - INFO -    - Precio USD calculado: 0.42 USD
2025-04-27 18:41:07,648 - INFO -    - Tipo tasa: PARALELO
2025-04-27 18:41:07,648 - INFO -    - Categoría: Chucheria
2025-04-27 18:41:07,733 - INFO - ➕ Nuevo producto creado: Catalina (ID: 2fbc4c1f-44c7-4f9c-b029-4dd6d1193d60)
2025-04-27 18:41:07,733 - INFO -    - Precio Loyverse: 15.0 VES
2025-04-27 18:41:07,734 - INFO -    - Tasa aplicada: 95.0
2025-04-27 18:41:07,734 - INFO -    - Precio USD calculado: 0.16 USD
2025-04-27 18:41:07,735 - INFO -    - Tipo tasa: PARALELO
2025-04-27 18:41:07,735 - INFO -    - Categoría: Chucheria
2025-04-27 18:41:07,953 - INFO - ➕ Nuevo producto creado: Colas de cabello (ID: 89c43b8a-8357-4c04-86d7-7af3cfc54a52)
2025-04-27 18:41:07,953 - INFO -    - Precio Loyverse: 35.0 VES
2025-04-27 18:41:07,954 - INFO -    - Tasa aplicada: 95.0
2025-04-27 18:41:07,955 - INFO -    - Precio USD calculado: 0.37 USD
2025-04-27 18:41:07,955 - INFO -    - Tipo tasa: PARALELO
2025-04-27 18:41:07,955 - INFO -    - Categoría: Varios
2025-04-27 18:41:08,037 - INFO - ➕ Nuevo producto creado: Servilletas (ID: d75bda70-9806-4c35-8e95-6aa6b3db513d)
2025-04-27 18:41:08,039 - INFO -    - Precio Loyverse: 110.0 VES
2025-04-27 18:41:08,039 - INFO -    - Tasa aplicada: 95.0
2025-04-27 18:41:08,039 - INFO -    - Precio USD calculado: 1.16 USD
2025-04-27 18:41:08,039 - INFO -    - Tipo tasa: PARALELO
2025-04-27 18:41:08,040 - INFO -    - Categoría: Varios
2025-04-27 18:41:08,124 - INFO - ➕ Nuevo producto creado: VICEROY (ID: bce411e3-2417-4572-9e68-daddc676e174)
2025-04-27 18:41:08,126 - INFO -    - Precio Loyverse: 10.0 VES
2025-04-27 18:41:08,126 - INFO -    - Tasa aplicada: 95.0
2025-04-27 18:41:08,126 - INFO -    - Precio USD calculado: 0.11 USD
2025-04-27 18:41:08,126 - INFO -    - Tipo tasa: PARALELO
2025-04-27 18:41:08,126 - INFO -    - Categoría: Cigarros
2025-04-27 18:41:08,211 - INFO - ➕ Nuevo producto creado: Salida pago movil (ID: 682b4061-2611-4bbc-8b6d-cf2ad45fa07b)
2025-04-27 18:41:08,211 - INFO -    - Precio Loyverse: 0 VES
2025-04-27 18:41:08,211 - INFO -    - Tasa aplicada: 95.0
2025-04-27 18:41:08,212 - INFO -    - Precio USD calculado: 0 USD
2025-04-27 18:41:08,213 - INFO -    - Tipo tasa: PARALELO
2025-04-27 18:41:08,213 - INFO -    - Categoría: Varios
2025-04-27 18:41:08,295 - INFO - ➕ Nuevo producto creado: Papel tuale individual (ID: 989e1e08-ef97-47ca-ad20-e7ea7cec8803)
2025-04-27 18:41:08,296 - INFO -    - Precio Loyverse: 20.0 VES
2025-04-27 18:41:08,297 - INFO -    - Tasa aplicada: 95.0
2025-04-27 18:41:08,297 - INFO -    - Precio USD calculado: 0.21 USD
2025-04-27 18:41:08,297 - INFO -    - Tipo tasa: PARALELO
2025-04-27 18:41:08,298 - INFO -    - Categoría: Higiene
2025-04-27 18:41:08,381 - INFO - ➕ Nuevo producto creado: Teta de azucar (ID: 81d812fc-e901-4663-910b-4dba8519816b)
2025-04-27 18:41:08,382 - INFO -    - Precio Loyverse: 25.0 VES
2025-04-27 18:41:08,382 - INFO -    - Tasa aplicada: 95.0
2025-04-27 18:41:08,382 - INFO -    - Precio USD calculado: 0.26 USD
2025-04-27 18:41:08,382 - INFO -    - Tipo tasa: PARALELO
2025-04-27 18:41:08,383 - INFO -    - Categoría: Comida
2025-04-27 18:41:08,463 - INFO - ➕ Nuevo producto creado: Acetona (ID: 43dfd775-dd12-49c0-853a-257614b7289e)
2025-04-27 18:41:08,464 - INFO -    - Precio Loyverse: 65.0 VES
2025-04-27 18:41:08,464 - INFO -    - Tasa aplicada: 95.0
2025-04-27 18:41:08,465 - INFO -    - Precio USD calculado: 0.68 USD
2025-04-27 18:41:08,465 - INFO -    - Tipo tasa: PARALELO
2025-04-27 18:41:08,466 - INFO -    - Categoría: Higiene
2025-04-27 18:41:08,645 - INFO - ➕ Nuevo producto creado: aromax (ID: fe82e384-e37a-454d-92ba-ed1c9ccbfc27)
2025-04-27 18:41:08,646 - INFO -    - Precio Loyverse: 25.0 VES
2025-04-27 18:41:08,646 - INFO -    - Tasa aplicada: 95.0
2025-04-27 18:41:08,647 - INFO -    - Precio USD calculado: 0.26 USD
2025-04-27 18:41:08,647 - INFO -    - Tipo tasa: PARALELO
2025-04-27 18:41:08,647 - INFO -    - Categoría: Higiene
2025-04-27 18:41:08,729 - INFO - ➕ Nuevo producto creado: Crack it (ID: 19f7ae88-e7db-4127-9f20-75c5c76d65ee)
2025-04-27 18:41:08,730 - INFO -    - Precio Loyverse: 10.0 VES
2025-04-27 18:41:08,730 - INFO -    - Tasa aplicada: 95.0
2025-04-27 18:41:08,731 - INFO -    - Precio USD calculado: 0.11 USD
2025-04-27 18:41:08,731 - INFO -    - Tipo tasa: PARALELO
2025-04-27 18:41:08,732 - INFO -    - Categoría: Chucheria
2025-04-27 18:41:08,816 - INFO - ➕ Nuevo producto creado: Acetona (ID: 53bfad48-a1bd-4f2d-938b-98012703284c)
2025-04-27 18:41:08,817 - INFO -    - Precio Loyverse: 65.0 VES
2025-04-27 18:41:08,817 - INFO -    - Tasa aplicada: 95.0
2025-04-27 18:41:08,818 - INFO -    - Precio USD calculado: 0.68 USD
2025-04-27 18:41:08,818 - INFO -    - Tipo tasa: PARALELO
2025-04-27 18:41:08,818 - INFO -    - Categoría: Higiene
2025-04-27 18:41:08,902 - INFO - ➕ Nuevo producto creado: Hojas blancas (ID: 6c5a2a5a-7999-4157-8a12-b24bc7aad567)
2025-04-27 18:41:08,902 - INFO -    - Precio Loyverse: 2.0 VES
2025-04-27 18:41:08,903 - INFO -    - Tasa aplicada: 95.0
2025-04-27 18:41:08,903 - INFO -    - Precio USD calculado: 0.02 USD
2025-04-27 18:41:08,903 - INFO -    - Tipo tasa: PARALELO
2025-04-27 18:41:08,903 - INFO -    - Categoría: Papeleria
2025-04-27 18:41:08,986 - INFO - ➕ Nuevo producto creado: Loratadina (ID: 1ac88c9e-1f2c-4dd8-a898-1c17cd6f394e)
2025-04-27 18:41:08,986 - INFO -    - Precio Loyverse: 5.0 VES
2025-04-27 18:41:08,987 - INFO -    - Tasa aplicada: 95.0
2025-04-27 18:41:08,988 - INFO -    - Precio USD calculado: 0.05 USD
2025-04-27 18:41:08,988 - INFO -    - Tipo tasa: PARALELO
2025-04-27 18:41:08,988 - INFO -    - Categoría: Farmacia
2025-04-27 18:41:09,075 - INFO - ➕ Nuevo producto creado: curriculo y trabajos varios (ID: 0bfe022a-4674-4a45-9aa7-6f6e7fd94449)
2025-04-27 18:41:09,076 - INFO -    - Precio Loyverse: 0 VES
2025-04-27 18:41:09,076 - INFO -    - Tasa aplicada: 95.0
2025-04-27 18:41:09,076 - INFO -    - Precio USD calculado: 0 USD
2025-04-27 18:41:09,077 - INFO -    - Tipo tasa: PARALELO
2025-04-27 18:41:09,077 - INFO -    - Categoría: Varios
2025-04-27 18:41:09,162 - INFO - ➕ Nuevo producto creado: Adobo Completo (ID: 61bc6671-156e-4f99-b77c-4e5c1b2ae2b1)
2025-04-27 18:41:09,163 - INFO -    - Precio Loyverse: 40.0 VES
2025-04-27 18:41:09,163 - INFO -    - Tasa aplicada: 95.0
2025-04-27 18:41:09,163 - INFO -    - Precio USD calculado: 0.42 USD
2025-04-27 18:41:09,163 - INFO -    - Tipo tasa: PARALELO
2025-04-27 18:41:09,163 - INFO -    - Categoría: Comida
2025-04-27 18:41:09,254 - INFO - ➕ Nuevo producto creado: Mantequilla deline grande (ID: b308aab9-0188-48b4-8b97-7f3f646f2b6f)
2025-04-27 18:41:09,255 - INFO -    - Precio Loyverse: 205.0 VES
2025-04-27 18:41:09,255 - INFO -    - Tasa aplicada: 95.0
2025-04-27 18:41:09,255 - INFO -    - Precio USD calculado: 2.16 USD
2025-04-27 18:41:09,255 - INFO -    - Tipo tasa: PARALELO
2025-04-27 18:41:09,257 - INFO -    - Categoría: Comida
2025-04-27 18:41:09,342 - INFO - ➕ Nuevo producto creado: Crema de arroz Mary (ID: a2c580c6-2bb9-4130-ae8d-0d005a04ab9a)
2025-04-27 18:41:09,342 - INFO -    - Precio Loyverse: 80.0 VES
2025-04-27 18:41:09,342 - INFO -    - Tasa aplicada: 95.0
2025-04-27 18:41:09,343 - INFO -    - Precio USD calculado: 0.84 USD
2025-04-27 18:41:09,343 - INFO -    - Tipo tasa: PARALELO
2025-04-27 18:41:09,343 - INFO -    - Categoría: Comida
2025-04-27 18:41:09,426 - INFO - ➕ Nuevo producto creado: Aceite ideal 110ml (ID: 2997b909-091c-4b0e-8660-2492d5b418a3)
2025-04-27 18:41:09,426 - INFO -    - Precio Loyverse: 80.0 VES
2025-04-27 18:41:09,427 - INFO -    - Tasa aplicada: 95.0
2025-04-27 18:41:09,427 - INFO -    - Precio USD calculado: 0.84 USD
2025-04-27 18:41:09,427 - INFO -    - Tipo tasa: PARALELO
2025-04-27 18:41:09,427 - INFO -    - Categoría: Comida
2025-04-27 18:41:09,515 - INFO - ➕ Nuevo producto creado: Compota Heinz (ID: a3390688-1566-4106-96b8-75cb85ecc91f)
2025-04-27 18:41:09,516 - INFO -    - Precio Loyverse: 115.0 VES
2025-04-27 18:41:09,516 - INFO -    - Tasa aplicada: 95.0
2025-04-27 18:41:09,517 - INFO -    - Precio USD calculado: 1.21 USD
2025-04-27 18:41:09,517 - INFO -    - Tipo tasa: PARALELO
2025-04-27 18:41:09,517 - INFO -    - Categoría: Comida
2025-04-27 18:41:09,602 - INFO - ➕ Nuevo producto creado: Compota Natulac (ID: a8d9dde5-136f-41f9-a9d6-e7c7bf33a08b)
2025-04-27 18:41:09,603 - INFO -    - Precio Loyverse: 85.0 VES
2025-04-27 18:41:09,603 - INFO -    - Tasa aplicada: 95.0
2025-04-27 18:41:09,603 - INFO -    - Precio USD calculado: 0.89 USD
2025-04-27 18:41:09,603 - INFO -    - Tipo tasa: PARALELO
2025-04-27 18:41:09,604 - INFO -    - Categoría: Comida
2025-04-27 18:41:09,691 - INFO - ➕ Nuevo producto creado: OKA LOKA NANO GRANDE (ID: f045463d-75f0-443b-bff4-7a92c63e8087)
2025-04-27 18:41:09,692 - INFO -    - Precio Loyverse: 50.0 VES
2025-04-27 18:41:09,692 - INFO -    - Tasa aplicada: 95.0
2025-04-27 18:41:09,693 - INFO -    - Precio USD calculado: 0.53 USD
2025-04-27 18:41:09,693 - INFO -    - Tipo tasa: PARALELO
2025-04-27 18:41:09,693 - INFO -    - Categoría: Chucheria
2025-04-27 18:41:09,777 - INFO - ➕ Nuevo producto creado: Jabon las llaves bebe (ID: bf0c62fb-696f-4ddd-9ad4-f3a015a7a346)
2025-04-27 18:41:09,778 - INFO -    - Precio Loyverse: 90.0 VES
2025-04-27 18:41:09,778 - INFO -    - Tasa aplicada: 95.0
2025-04-27 18:41:09,779 - INFO -    - Precio USD calculado: 0.95 USD
2025-04-27 18:41:09,779 - INFO -    - Tipo tasa: PARALELO
2025-04-27 18:41:09,779 - INFO -    - Categoría: Higiene
2025-04-27 18:41:09,902 - INFO - ➕ Nuevo producto creado: Maiz de Cotufa michacha 400 (ID: 00bc3c0f-087c-4b7f-8c81-da492eff58d1)
2025-04-27 18:41:09,903 - INFO -    - Precio Loyverse: 95.0 VES
2025-04-27 18:41:09,903 - INFO -    - Tasa aplicada: 95.0
2025-04-27 18:41:09,903 - INFO -    - Precio USD calculado: 1.00 USD
2025-04-27 18:41:09,903 - INFO -    - Tipo tasa: PARALELO
2025-04-27 18:41:09,903 - INFO -    - Categoría: Chucheria
2025-04-27 18:41:09,987 - INFO - ➕ Nuevo producto creado: Mostaza Coma (ID: 72560202-8a31-44bb-b664-f10007718de6)
2025-04-27 18:41:09,989 - INFO -    - Precio Loyverse: 150.0 VES
2025-04-27 18:41:09,989 - INFO -    - Tasa aplicada: 95.0
2025-04-27 18:41:09,989 - INFO -    - Precio USD calculado: 1.58 USD
2025-04-27 18:41:09,989 - INFO -    - Tipo tasa: PARALELO
2025-04-27 18:41:09,990 - INFO -    - Categoría: Comida
2025-04-27 18:41:10,079 - INFO - ➕ Nuevo producto creado: Marshmellow malvavisco gomita (ID: 62e84902-8d97-4b4e-8ab6-936bb6c08e15)
2025-04-27 18:41:10,079 - INFO -    - Precio Loyverse: 30.0 VES
2025-04-27 18:41:10,080 - INFO -    - Tasa aplicada: 95.0
2025-04-27 18:41:10,080 - INFO -    - Precio USD calculado: 0.32 USD
2025-04-27 18:41:10,080 - INFO -    - Tipo tasa: PARALELO
2025-04-27 18:41:10,080 - INFO -    - Categoría: Chucheria
2025-04-27 18:41:10,163 - INFO - ➕ Nuevo producto creado: Pan Gourmet (ID: 5a406a45-6de9-4321-bbbc-47049862246c)
2025-04-27 18:41:10,164 - INFO -    - Precio Loyverse: 120.0 VES
2025-04-27 18:41:10,165 - INFO -    - Tasa aplicada: 95.0
2025-04-27 18:41:10,165 - INFO -    - Precio USD calculado: 1.26 USD
2025-04-27 18:41:10,165 - INFO -    - Tipo tasa: PARALELO
2025-04-27 18:41:10,165 - INFO -    - Categoría: Panaderia
2025-04-27 18:41:10,253 - INFO - ➕ Nuevo producto creado: Pan para perros (ID: a300bc8b-c0c8-4482-8176-0868b98ad162)
2025-04-27 18:41:10,253 - INFO -    - Precio Loyverse: 120.0 VES
2025-04-27 18:41:10,255 - INFO -    - Tasa aplicada: 95.0
2025-04-27 18:41:10,255 - INFO -    - Precio USD calculado: 1.26 USD
2025-04-27 18:41:10,255 - INFO -    - Tipo tasa: PARALELO
2025-04-27 18:41:10,256 - INFO -    - Categoría: Panaderia
2025-04-27 18:41:10,340 - INFO - ➕ Nuevo producto creado: Pan para hamburguesa (ID: 8e50bca2-ff49-4706-bd11-407d40f9dac1)
2025-04-27 18:41:10,340 - INFO -    - Precio Loyverse: 115.0 VES
2025-04-27 18:41:10,341 - INFO -    - Tasa aplicada: 95.0
2025-04-27 18:41:10,342 - INFO -    - Precio USD calculado: 1.21 USD
2025-04-27 18:41:10,342 - INFO -    - Tipo tasa: PARALELO
2025-04-27 18:41:10,342 - INFO -    - Categoría: Panaderia
2025-04-27 18:41:10,484 - INFO - ➕ Nuevo producto creado: Pan piñas (ID: dc60e42e-fa27-4074-a459-5aa8a8405102)
2025-04-27 18:41:10,485 - INFO -    - Precio Loyverse: 15.0 VES
2025-04-27 18:41:10,485 - INFO -    - Tasa aplicada: 95.0
2025-04-27 18:41:10,486 - INFO -    - Precio USD calculado: 0.16 USD
2025-04-27 18:41:10,486 - INFO -    - Tipo tasa: PARALELO
2025-04-27 18:41:10,486 - INFO -    - Categoría: Panaderia
2025-04-27 18:41:10,585 - INFO - ➕ Nuevo producto creado: Refresco bombita Cool (ID: 723cb8c6-b94d-4d0f-ba57-c9f4d8fdb40a)
2025-04-27 18:41:10,585 - INFO -    - Precio Loyverse: 45.0 VES
2025-04-27 18:41:10,586 - INFO -    - Tasa aplicada: 95.0
2025-04-27 18:41:10,586 - INFO -    - Precio USD calculado: 0.47 USD
2025-04-27 18:41:10,586 - INFO -    - Tipo tasa: PARALELO
2025-04-27 18:41:10,586 - INFO -    - Categoría: Bebidas
2025-04-27 18:41:10,669 - INFO - ➕ Nuevo producto creado: Doritos Super Promocion (ID: a23353bb-8612-4fa5-ae17-5b2772534574)
2025-04-27 18:41:10,670 - INFO -    - Precio Loyverse: 340.0 VES
2025-04-27 18:41:10,670 - INFO -    - Tasa aplicada: 95.0
2025-04-27 18:41:10,670 - INFO -    - Precio USD calculado: 3.58 USD
2025-04-27 18:41:10,671 - INFO -    - Tipo tasa: PARALELO
2025-04-27 18:41:10,671 - INFO -    - Categoría: Chucheria
2025-04-27 18:41:10,754 - INFO - ➕ Nuevo producto creado: Foami (ID: 5c37a16b-cb3f-44e0-aa45-be74255dcb4d)
2025-04-27 18:41:10,755 - INFO -    - Precio Loyverse: 35.0 VES
2025-04-27 18:41:10,755 - INFO -    - Tasa aplicada: 95.0
2025-04-27 18:41:10,756 - INFO -    - Precio USD calculado: 0.37 USD
2025-04-27 18:41:10,756 - INFO -    - Tipo tasa: PARALELO
2025-04-27 18:41:10,757 - INFO -    - Categoría: Papeleria
2025-04-27 18:41:10,841 - INFO - ➕ Nuevo producto creado: Chupeta Combo (ID: 1c2bea14-6be6-4f79-9b70-89cdc4332f72)
2025-04-27 18:41:10,841 - INFO -    - Precio Loyverse: 30.0 VES
2025-04-27 18:41:10,841 - INFO -    - Tasa aplicada: 95.0
2025-04-27 18:41:10,842 - INFO -    - Precio USD calculado: 0.32 USD
2025-04-27 18:41:10,842 - INFO -    - Tipo tasa: PARALELO
2025-04-27 18:41:10,842 - INFO -    - Categoría: Chucheria
2025-04-27 18:41:10,929 - INFO - ➕ Nuevo producto creado: Doritos mega queso Promocion XXL (ID: 75f23a2b-a695-4009-a0f7-b5544dc814f9)
2025-04-27 18:41:10,930 - INFO -    - Precio Loyverse: 465.0 VES
2025-04-27 18:41:10,930 - INFO -    - Tasa aplicada: 95.0
2025-04-27 18:41:10,930 - INFO -    - Precio USD calculado: 4.89 USD
2025-04-27 18:41:10,931 - INFO -    - Tipo tasa: PARALELO
2025-04-27 18:41:10,931 - INFO -    - Categoría: Chucheria
2025-04-27 18:41:11,013 - INFO - ➕ Nuevo producto creado: Pasta capri dedal (ID: e6d580a8-0921-47fc-8b49-64ed89adae2b)
2025-04-27 18:41:11,014 - INFO -    - Precio Loyverse: 175.0 VES
2025-04-27 18:41:11,014 - INFO -    - Tasa aplicada: 95.0
2025-04-27 18:41:11,015 - INFO -    - Precio USD calculado: 1.84 USD
2025-04-27 18:41:11,015 - INFO -    - Tipo tasa: PARALELO
2025-04-27 18:41:11,016 - INFO -    - Categoría: Comida
2025-04-27 18:41:11,096 - INFO - ➕ Nuevo producto creado: Sardinas los roques (ID: 14a5eb25-cb67-45dd-a3a7-5d91e9d5480a)
2025-04-27 18:41:11,097 - INFO -    - Precio Loyverse: 60.0 VES
2025-04-27 18:41:11,097 - INFO -    - Tasa aplicada: 95.0
2025-04-27 18:41:11,097 - INFO -    - Precio USD calculado: 0.63 USD
2025-04-27 18:41:11,098 - INFO -    - Tipo tasa: PARALELO
2025-04-27 18:41:11,098 - INFO -    - Categoría: Comida
2025-04-27 18:41:11,179 - INFO - ➕ Nuevo producto creado: Cotufa de maiz Mary (ID: e5477a9b-54d4-41ca-b72d-756729bed30e)
2025-04-27 18:41:11,180 - INFO -    - Precio Loyverse: 145.0 VES
2025-04-27 18:41:11,180 - INFO -    - Tasa aplicada: 95.0
2025-04-27 18:41:11,180 - INFO -    - Precio USD calculado: 1.53 USD
2025-04-27 18:41:11,181 - INFO -    - Tipo tasa: PARALELO
2025-04-27 18:41:11,181 - INFO -    - Categoría: Comida
2025-04-27 18:41:11,264 - INFO - ➕ Nuevo producto creado: Toallas Diarias Nosotras (ID: c37ba4fc-554b-4516-90d0-349d3bd28da1)
2025-04-27 18:41:11,264 - INFO -    - Precio Loyverse: 0 VES
2025-04-27 18:41:11,264 - INFO -    - Tasa aplicada: 95.0
2025-04-27 18:41:11,265 - INFO -    - Precio USD calculado: 0 USD
2025-04-27 18:41:11,265 - INFO -    - Tipo tasa: PARALELO
2025-04-27 18:41:11,266 - INFO -    - Categoría: Higiene
2025-04-27 18:41:11,355 - INFO - ➕ Nuevo producto creado: Esponja Brillo jabonoso (ID: 2f25c5f1-8b77-4536-be5f-6f5e058bd4a6)
2025-04-27 18:41:11,355 - INFO -    - Precio Loyverse: 0 VES
2025-04-27 18:41:11,356 - INFO -    - Tasa aplicada: 95.0
2025-04-27 18:41:11,356 - INFO -    - Precio USD calculado: 0 USD
2025-04-27 18:41:11,356 - INFO -    - Tipo tasa: PARALELO
2025-04-27 18:41:11,357 - INFO -    - Categoría: Higiene
2025-04-27 18:41:11,439 - INFO - ➕ Nuevo producto creado: Hilo de coser (ID: 0648b5cb-8bd2-4e21-99bc-8b8e4677cf34)
2025-04-27 18:41:11,440 - INFO -    - Precio Loyverse: 0 VES
2025-04-27 18:41:11,440 - INFO -    - Tasa aplicada: 95.0
2025-04-27 18:41:11,440 - INFO -    - Precio USD calculado: 0 USD
2025-04-27 18:41:11,441 - INFO -    - Tipo tasa: PARALELO
2025-04-27 18:41:11,442 - INFO -    - Categoría: Varios
2025-04-27 18:41:11,528 - INFO - ➕ Nuevo producto creado: Celoven (ID: 9c51726a-1c31-4ef7-80ac-453f091df921)
2025-04-27 18:41:11,528 - INFO -    - Precio Loyverse: 35.0 VES
2025-04-27 18:41:11,529 - INFO -    - Tasa aplicada: 95.0
2025-04-27 18:41:11,529 - INFO -    - Precio USD calculado: 0.37 USD
2025-04-27 18:41:11,529 - INFO -    - Tipo tasa: PARALELO
2025-04-27 18:41:11,530 - INFO -    - Categoría: Varios
2025-04-27 18:41:11,610 - INFO - ➕ Nuevo producto creado: Vick vaporub Mentol (ID: 08212629-e415-4a0f-8ed7-aad16b9a41f3)
2025-04-27 18:41:11,610 - INFO -    - Precio Loyverse: 60.0 VES
2025-04-27 18:41:11,611 - INFO -    - Tasa aplicada: 95.0
2025-04-27 18:41:11,611 - INFO -    - Precio USD calculado: 0.63 USD
2025-04-27 18:41:11,611 - INFO -    - Tipo tasa: PARALELO
2025-04-27 18:41:11,611 - INFO -    - Categoría: Farmacia
2025-04-27 18:41:11,700 - INFO - ➕ Nuevo producto creado: Pega en barra (ID: a3b2798e-c768-4bd1-8c40-9f0f3ef72e70)
2025-04-27 18:41:11,701 - INFO -    - Precio Loyverse: 50.0 VES
2025-04-27 18:41:11,701 - INFO -    - Tasa aplicada: 95.0
2025-04-27 18:41:11,701 - INFO -    - Precio USD calculado: 0.53 USD
2025-04-27 18:41:11,702 - INFO -    - Tipo tasa: PARALELO
2025-04-27 18:41:11,702 - INFO -    - Categoría: Papeleria
2025-04-27 18:41:11,833 - INFO - ➕ Nuevo producto creado: Champu Colorante tinte (ID: 1681ac06-36de-404d-a065-a4ee34b56589)
2025-04-27 18:41:11,834 - INFO -    - Precio Loyverse: 60.0 VES
2025-04-27 18:41:11,834 - INFO -    - Tasa aplicada: 95.0
2025-04-27 18:41:11,834 - INFO -    - Precio USD calculado: 0.63 USD
2025-04-27 18:41:11,835 - INFO -    - Tipo tasa: PARALELO
2025-04-27 18:41:11,835 - INFO -    - Categoría: Higiene
2025-04-27 18:41:11,918 - INFO - ➕ Nuevo producto creado: Incienso detallado (ID: 9c1f9d4a-4c38-4cc2-8292-84bb9cf5f6c2)
2025-04-27 18:41:11,919 - INFO -    - Precio Loyverse: 10.0 VES
2025-04-27 18:41:11,920 - INFO -    - Tasa aplicada: 95.0
2025-04-27 18:41:11,920 - INFO -    - Precio USD calculado: 0.11 USD
2025-04-27 18:41:11,920 - INFO -    - Tipo tasa: PARALELO
2025-04-27 18:41:11,921 - INFO -    - Categoría: Varios
2025-04-27 18:41:12,005 - INFO - ➕ Nuevo producto creado: Lima (ID: 3844a420-f3d3-4169-a6b2-643a887000ec)
2025-04-27 18:41:12,005 - INFO -    - Precio Loyverse: 380.0 VES
2025-04-27 18:41:12,006 - INFO -    - Tasa aplicada: 95.0
2025-04-27 18:41:12,006 - INFO -    - Precio USD calculado: 4.00 USD
2025-04-27 18:41:12,006 - INFO -    - Tipo tasa: PARALELO
2025-04-27 18:41:12,007 - INFO -    - Categoría: Higiene
2025-04-27 18:41:12,091 - INFO - ➕ Nuevo producto creado: Yesquero soplete (ID: 5a5c5490-f3bb-4cb6-b7f6-c7e01f19f34f)
2025-04-27 18:41:12,091 - INFO -    - Precio Loyverse: 25.0 VES
2025-04-27 18:41:12,092 - INFO -    - Tasa aplicada: 95.0
2025-04-27 18:41:12,092 - INFO -    - Precio USD calculado: 0.26 USD
2025-04-27 18:41:12,092 - INFO -    - Tipo tasa: PARALELO
2025-04-27 18:41:12,093 - INFO -    - Categoría: Varios
2025-04-27 18:41:12,178 - INFO - ➕ Nuevo producto creado: Trifogon (ID: 9273139a-094b-451e-a6ea-fbc989dd55d6)
2025-04-27 18:41:12,178 - INFO -    - Precio Loyverse: 5.0 VES
2025-04-27 18:41:12,179 - INFO -    - Tasa aplicada: 95.0
2025-04-27 18:41:12,179 - INFO -    - Precio USD calculado: 0.05 USD
2025-04-27 18:41:12,179 - INFO -    - Tipo tasa: PARALELO
2025-04-27 18:41:12,180 - INFO -    - Categoría: Comida
2025-04-27 18:41:12,366 - INFO - ➕ Nuevo producto creado: Pabilo (ID: ec5c9623-3a64-4b41-b4df-c799ca4130c2)
2025-04-27 18:41:12,366 - INFO -    - Precio Loyverse: 50.0 VES
2025-04-27 18:41:12,367 - INFO -    - Tasa aplicada: 95.0
2025-04-27 18:41:12,367 - INFO -    - Precio USD calculado: 0.53 USD
2025-04-27 18:41:12,367 - INFO -    - Tipo tasa: PARALELO
2025-04-27 18:41:12,367 - INFO -    - Categoría: Varios
2025-04-27 18:41:12,673 - INFO - ➕ Nuevo producto creado: Cacao kilo (ID: 2c84ffa3-9a10-4e1c-89dd-e339b83b9073)
2025-04-27 18:41:12,674 - INFO -    - Precio Loyverse: 0.0 VES
2025-04-27 18:41:12,674 - INFO -    - Tasa aplicada: 95.0
2025-04-27 18:41:12,674 - INFO -    - Precio USD calculado: 0 USD
2025-04-27 18:41:12,674 - INFO -    - Tipo tasa: PARALELO
2025-04-27 18:41:12,676 - INFO -    - Categoría: Comida
2025-04-27 18:41:12,758 - INFO - ➕ Nuevo producto creado: Borra nata (ID: f8c64289-8a25-49f2-a4c2-867904ef3796)
2025-04-27 18:41:12,758 - INFO -    - Precio Loyverse: 25.0 VES
2025-04-27 18:41:12,759 - INFO -    - Tasa aplicada: 95.0
2025-04-27 18:41:12,759 - INFO -    - Precio USD calculado: 0.26 USD
2025-04-27 18:41:12,759 - INFO -    - Tipo tasa: PARALELO
2025-04-27 18:41:12,759 - INFO -    - Categoría: Papeleria
2025-04-27 18:41:12,845 - INFO - ➕ Nuevo producto creado: Sacapunta (ID: 0c01b6c2-e0ee-457c-a1c3-25c5a8ad647e)
2025-04-27 18:41:12,845 - INFO -    - Precio Loyverse: 35.0 VES
2025-04-27 18:41:12,846 - INFO -    - Tasa aplicada: 95.0
2025-04-27 18:41:12,847 - INFO -    - Precio USD calculado: 0.37 USD
2025-04-27 18:41:12,847 - INFO -    - Tipo tasa: PARALELO
2025-04-27 18:41:12,929 - INFO - ➕ Nuevo producto creado: Pega loka astro glue (ID: 0706f69f-3c38-47b6-a1b8-8b3ac68d3658)
2025-04-27 18:41:12,929 - INFO -    - Precio Loyverse: 25.0 VES
2025-04-27 18:41:12,930 - INFO -    - Tasa aplicada: 95.0
2025-04-27 18:41:12,930 - INFO -    - Precio USD calculado: 0.26 USD
2025-04-27 18:41:12,930 - INFO -    - Tipo tasa: PARALELO
2025-04-27 18:41:12,930 - INFO -    - Categoría: Varios
2025-04-27 18:41:13,020 - INFO - ➕ Nuevo producto creado: Bomba normal Carnaval (ID: 673de8b5-f896-4594-a739-d2d67cc866d6)
2025-04-27 18:41:13,020 - INFO -    - Precio Loyverse: 50.0 VES
2025-04-27 18:41:13,021 - INFO -    - Tasa aplicada: 95.0
2025-04-27 18:41:13,021 - INFO -    - Precio USD calculado: 0.53 USD
2025-04-27 18:41:13,021 - INFO -    - Tipo tasa: PARALELO
2025-04-27 18:41:13,021 - INFO -    - Categoría: Varios
2025-04-27 18:41:13,122 - INFO - ➕ Nuevo producto creado: Bomba carnaval caucho (ID: 2e519d45-db8f-4e02-9db0-803cae614bc8)
2025-04-27 18:41:13,122 - INFO -    - Precio Loyverse: 100.0 VES
2025-04-27 18:41:13,123 - INFO -    - Tasa aplicada: 95.0
2025-04-27 18:41:13,123 - INFO -    - Precio USD calculado: 1.05 USD
2025-04-27 18:41:13,124 - INFO -    - Tipo tasa: PARALELO
2025-04-27 18:41:13,124 - INFO -    - Categoría: Varios
2025-04-27 18:41:13,350 - INFO - ➕ Nuevo producto creado: Vainilla MAS (ID: 90f4eee4-5cd4-4fdd-b61b-7875b3a694ee)
2025-04-27 18:41:13,350 - INFO -    - Precio Loyverse: 40.0 VES
2025-04-27 18:41:13,350 - INFO -    - Tasa aplicada: 95.0
2025-04-27 18:41:13,351 - INFO -    - Precio USD calculado: 0.42 USD
2025-04-27 18:41:13,351 - INFO -    - Tipo tasa: PARALELO
2025-04-27 18:41:13,351 - INFO -    - Categoría: Comida
2025-04-27 18:41:13,433 - INFO - ➕ Nuevo producto creado: Condimentos 10 bs (ID: afd5f61b-15be-4b04-885e-f64a106aa80f)
2025-04-27 18:41:13,434 - INFO -    - Precio Loyverse: 15.0 VES
2025-04-27 18:41:13,434 - INFO -    - Tasa aplicada: 95.0
2025-04-27 18:41:13,435 - INFO -    - Precio USD calculado: 0.16 USD
2025-04-27 18:41:13,435 - INFO -    - Tipo tasa: PARALELO
2025-04-27 18:41:13,435 - INFO -    - Categoría: Comida
2025-04-27 18:41:13,761 - INFO - ➕ Nuevo producto creado: Curita Cura (ID: 925e26ef-aa3a-451f-82b3-4d20584d2a01)
2025-04-27 18:41:13,761 - INFO -    - Precio Loyverse: 10.0 VES
2025-04-27 18:41:13,762 - INFO -    - Tasa aplicada: 95.0
2025-04-27 18:41:13,762 - INFO -    - Precio USD calculado: 0.11 USD
2025-04-27 18:41:13,763 - INFO -    - Tipo tasa: PARALELO
2025-04-27 18:41:13,763 - INFO -    - Categoría: Farmacia
2025-04-27 18:41:13,848 - INFO - ➕ Nuevo producto creado: Impresiones papel fotografico (ID: 8bb302e9-573e-4963-9b32-72c41479bdbb)
2025-04-27 18:41:13,848 - INFO -    - Precio Loyverse: 0 VES
2025-04-27 18:41:13,849 - INFO -    - Tasa aplicada: 95.0
2025-04-27 18:41:13,849 - INFO -    - Precio USD calculado: 0 USD
2025-04-27 18:41:13,850 - INFO -    - Tipo tasa: PARALELO
2025-04-27 18:41:13,850 - INFO -    - Categoría: Impresiones
2025-04-27 18:41:13,935 - INFO - ➕ Nuevo producto creado: Plastificacion (ID: d05dde59-f70d-492e-9fb9-89052276255f)
2025-04-27 18:41:13,935 - INFO -    - Precio Loyverse: 0 VES
2025-04-27 18:41:13,936 - INFO -    - Tasa aplicada: 95.0
2025-04-27 18:41:13,936 - INFO -    - Precio USD calculado: 0 USD
2025-04-27 18:41:13,936 - INFO -    - Tipo tasa: PARALELO
2025-04-27 18:41:13,937 - INFO -    - Categoría: Impresiones
2025-04-27 18:41:14,021 - INFO - ➕ Nuevo producto creado: Impresion papel fotografico sticker (ID: 9481a7b2-8c3a-4d29-bc09-2e45bcf90393)
2025-04-27 18:41:14,021 - INFO -    - Precio Loyverse: 0 VES
2025-04-27 18:41:14,022 - INFO -    - Tasa aplicada: 95.0
2025-04-27 18:41:14,022 - INFO -    - Precio USD calculado: 0 USD
2025-04-27 18:41:14,022 - INFO -    - Tipo tasa: PARALELO
2025-04-27 18:41:14,023 - INFO -    - Categoría: Impresiones
2025-04-27 18:41:14,107 - INFO - ➕ Nuevo producto creado: Plastificacion tamaño carta (ID: 24d834c1-b725-4f98-a24d-3027d714e36b)
2025-04-27 18:41:14,108 - INFO -    - Precio Loyverse: 0 VES
2025-04-27 18:41:14,108 - INFO -    - Tasa aplicada: 95.0
2025-04-27 18:41:14,109 - INFO -    - Precio USD calculado: 0 USD
2025-04-27 18:41:14,109 - INFO -    - Tipo tasa: PARALELO
2025-04-27 18:41:14,109 - INFO -    - Categoría: Impresiones
2025-04-27 18:41:14,195 - INFO - ➕ Nuevo producto creado: Colonia 5$ (ID: 23b64f06-7fa2-4ca0-9c37-d8edcd0c6c52)
2025-04-27 18:41:14,195 - INFO -    - Precio Loyverse: 490.0 VES
2025-04-27 18:41:14,195 - INFO -    - Tasa aplicada: 95.0
2025-04-27 18:41:14,196 - INFO -    - Precio USD calculado: 5.16 USD
2025-04-27 18:41:14,197 - INFO -    - Tipo tasa: PARALELO
2025-04-27 18:41:14,197 - INFO -    - Categoría: Varios
2025-04-27 18:41:14,354 - INFO - ➕ Nuevo producto creado: Colonia 4$ (ID: 6d5960bf-bec1-464e-9a08-05c85a292e3b)
2025-04-27 18:41:14,355 - INFO -    - Precio Loyverse: 350.0 VES
2025-04-27 18:41:14,355 - INFO -    - Tasa aplicada: 95.0
2025-04-27 18:41:14,355 - INFO -    - Precio USD calculado: 3.68 USD
2025-04-27 18:41:14,355 - INFO -    - Tipo tasa: PARALELO
2025-04-27 18:41:14,355 - INFO -    - Categoría: Varios
2025-04-27 18:41:14,445 - INFO - ➕ Nuevo producto creado: Colonia 2$ (ID: 8a1f38c6-c97e-4c57-bb67-a3e7a9e9a0dc)
2025-04-27 18:41:14,446 - INFO -    - Precio Loyverse: 115.0 VES
2025-04-27 18:41:14,447 - INFO -    - Tasa aplicada: 95.0
2025-04-27 18:41:14,447 - INFO -    - Precio USD calculado: 1.21 USD
2025-04-27 18:41:14,447 - INFO -    - Tipo tasa: PARALELO
2025-04-27 18:41:14,448 - INFO -    - Categoría: Varios
2025-04-27 18:41:14,530 - INFO - ➕ Nuevo producto creado: Lapiz bicolor dos colores (ID: 9dbfca8c-e4e9-4490-868d-c55dfd26e869)
2025-04-27 18:41:14,531 - INFO -    - Precio Loyverse: 35.0 VES
2025-04-27 18:41:14,531 - INFO -    - Tasa aplicada: 95.0
2025-04-27 18:41:14,531 - INFO -    - Precio USD calculado: 0.37 USD
2025-04-27 18:41:14,531 - INFO -    - Tipo tasa: PARALELO
2025-04-27 18:41:14,613 - INFO - ➕ Nuevo producto creado: Pestaña corrida (ID: 26b00822-bac6-4cc4-b0d7-d61cddfb3564)
2025-04-27 18:41:14,615 - INFO -    - Precio Loyverse: 110.0 VES
2025-04-27 18:41:14,615 - INFO -    - Tasa aplicada: 95.0
2025-04-27 18:41:14,616 - INFO -    - Precio USD calculado: 1.16 USD
2025-04-27 18:41:14,616 - INFO -    - Tipo tasa: PARALELO
2025-04-27 18:41:14,617 - INFO -    - Categoría: Varios
2025-04-27 18:41:14,698 - INFO - ➕ Nuevo producto creado: Pestaña por punto (ID: 07f0f1b4-a97d-4851-90a2-77169f9d206a)
2025-04-27 18:41:14,698 - INFO -    - Precio Loyverse: 140.0 VES
2025-04-27 18:41:14,699 - INFO -    - Tasa aplicada: 95.0
2025-04-27 18:41:14,700 - INFO -    - Precio USD calculado: 1.47 USD
2025-04-27 18:41:14,700 - INFO -    - Tipo tasa: PARALELO
2025-04-27 18:41:14,701 - INFO -    - Categoría: Varios
2025-04-27 18:41:14,783 - INFO - ➕ Nuevo producto creado: Pan de coco (ID: 47477846-4441-484d-8ec2-22d4da28a424)
2025-04-27 18:41:14,784 - INFO -    - Precio Loyverse: 15.0 VES
2025-04-27 18:41:14,784 - INFO -    - Tasa aplicada: 95.0
2025-04-27 18:41:14,785 - INFO -    - Precio USD calculado: 0.16 USD
2025-04-27 18:41:14,785 - INFO -    - Tipo tasa: PARALELO
2025-04-27 18:41:14,785 - INFO -    - Categoría: Panaderia
2025-04-27 18:41:14,866 - INFO - ➕ Nuevo producto creado: Pan de guayaba (ID: d50b0833-d0c1-4f85-9573-fc91bd0c4f4c)
2025-04-27 18:41:14,867 - INFO -    - Precio Loyverse: 15.0 VES
2025-04-27 18:41:14,867 - INFO -    - Tasa aplicada: 95.0
2025-04-27 18:41:14,867 - INFO -    - Precio USD calculado: 0.16 USD
2025-04-27 18:41:14,868 - INFO -    - Tipo tasa: PARALELO
2025-04-27 18:41:14,868 - INFO -    - Categoría: Panaderia
2025-04-27 18:41:14,952 - INFO - ➕ Nuevo producto creado: Cortado pan (ID: cc70fe78-295e-42ef-91a6-4c23048e0fde)
2025-04-27 18:41:14,953 - INFO -    - Precio Loyverse: 15.0 VES
2025-04-27 18:41:14,953 - INFO -    - Tasa aplicada: 95.0
2025-04-27 18:41:14,953 - INFO -    - Precio USD calculado: 0.16 USD
2025-04-27 18:41:14,954 - INFO -    - Tipo tasa: PARALELO
2025-04-27 18:41:14,954 - INFO -    - Categoría: Panaderia
2025-04-27 18:41:15,042 - INFO - ➕ Nuevo producto creado: Dale (ID: 8274863a-a7f5-420d-9475-e1922599e2d7)
2025-04-27 18:41:15,042 - INFO -    - Precio Loyverse: 15.0 VES
2025-04-27 18:41:15,043 - INFO -    - Tasa aplicada: 95.0
2025-04-27 18:41:15,043 - INFO -    - Precio USD calculado: 0.16 USD
2025-04-27 18:41:15,043 - INFO -    - Tipo tasa: PARALELO
2025-04-27 18:41:15,043 - INFO -    - Categoría: Chucheria
2025-04-27 18:41:15,132 - INFO - ➕ Nuevo producto creado: Deleitina (ID: 13747709-ace8-4a79-b652-4eb92d501360)
2025-04-27 18:41:15,132 - INFO -    - Precio Loyverse: 50.0 VES
2025-04-27 18:41:15,133 - INFO -    - Tasa aplicada: 95.0
2025-04-27 18:41:15,133 - INFO -    - Precio USD calculado: 0.53 USD
2025-04-27 18:41:15,133 - INFO -    - Tipo tasa: PARALELO
2025-04-27 18:41:15,133 - INFO -    - Categoría: Chucheria
2025-04-27 18:41:15,217 - INFO - ➕ Nuevo producto creado: Barryton (ID: 92f64e2e-08be-4ede-8dd4-ec6401b639f4)
2025-04-27 18:41:15,217 - INFO -    - Precio Loyverse: 5.0 VES
2025-04-27 18:41:15,218 - INFO -    - Tasa aplicada: 95.0
2025-04-27 18:41:15,218 - INFO -    - Precio USD calculado: 0.05 USD
2025-04-27 18:41:15,218 - INFO -    - Tipo tasa: PARALELO
2025-04-27 18:41:15,218 - INFO -    - Categoría: Chucheria
2025-04-27 18:41:15,300 - INFO - ➕ Nuevo producto creado: Tikotin (ID: 6edd29c8-31d8-4c90-a448-4559e383f0fe)
2025-04-27 18:41:15,300 - INFO -    - Precio Loyverse: 5.0 VES
2025-04-27 18:41:15,301 - INFO -    - Tasa aplicada: 95.0
2025-04-27 18:41:15,301 - INFO -    - Precio USD calculado: 0.05 USD
2025-04-27 18:41:15,301 - INFO -    - Tipo tasa: PARALELO
2025-04-27 18:41:15,302 - INFO -    - Categoría: Chucheria
2025-04-27 18:41:15,395 - INFO - ➕ Nuevo producto creado: Barquillon (ID: c624c16e-2171-4677-b0f0-01f50c3905f5)
2025-04-27 18:41:15,395 - INFO -    - Precio Loyverse: 95.0 VES
2025-04-27 18:41:15,395 - INFO -    - Tasa aplicada: 95.0
2025-04-27 18:41:15,395 - INFO -    - Precio USD calculado: 1.00 USD
2025-04-27 18:41:15,395 - INFO -    - Tipo tasa: PARALELO
2025-04-27 18:41:15,395 - INFO -    - Categoría: Helado
2025-04-27 18:41:15,477 - INFO - ➕ Nuevo producto creado: Crismelo (ID: 8cfefa3b-c38b-4b4c-86b9-0b34e86317eb)
2025-04-27 18:41:15,478 - INFO -    - Precio Loyverse: 35.0 VES
2025-04-27 18:41:15,478 - INFO -    - Tasa aplicada: 95.0
2025-04-27 18:41:15,478 - INFO -    - Precio USD calculado: 0.37 USD
2025-04-27 18:41:15,479 - INFO -    - Tipo tasa: PARALELO
2025-04-27 18:41:15,479 - INFO -    - Categoría: Chucheria
2025-04-27 18:41:15,605 - INFO - ➕ Nuevo producto creado: Cheese Cronch Grande (ID: 6544d976-a669-4a11-bb66-52b0e44dac82)
2025-04-27 18:41:15,605 - INFO -    - Precio Loyverse: 100.0 VES
2025-04-27 18:41:15,605 - INFO -    - Tasa aplicada: 95.0
2025-04-27 18:41:15,606 - INFO -    - Precio USD calculado: 1.05 USD
2025-04-27 18:41:15,606 - INFO -    - Tipo tasa: PARALELO
2025-04-27 18:41:15,606 - INFO -    - Categoría: Chucheria
2025-04-27 18:41:15,713 - INFO - ➕ Nuevo producto creado: Pepito Pequeño super popy (ID: dab32a25-44a9-4da7-bff3-ae6fa9e1a485)
2025-04-27 18:41:15,713 - INFO -    - Precio Loyverse: 20.0 VES
2025-04-27 18:41:15,714 - INFO -    - Tasa aplicada: 95.0
2025-04-27 18:41:15,714 - INFO -    - Precio USD calculado: 0.21 USD
2025-04-27 18:41:15,715 - INFO -    - Tipo tasa: PARALELO
2025-04-27 18:41:15,715 - INFO -    - Categoría: Chucheria
2025-04-27 18:41:15,800 - INFO - ➕ Nuevo producto creado: Agua mibrisa (ID: f0053e13-7860-497b-98a1-5c60db16597f)
2025-04-27 18:41:15,800 - INFO -    - Precio Loyverse: 60.0 VES
2025-04-27 18:41:15,800 - INFO -    - Tasa aplicada: 95.0
2025-04-27 18:41:15,800 - INFO -    - Precio USD calculado: 0.63 USD
2025-04-27 18:41:15,801 - INFO -    - Tipo tasa: PARALELO
2025-04-27 18:41:15,802 - INFO -    - Categoría: Bebidas
2025-04-27 18:41:15,886 - INFO - ➕ Nuevo producto creado: Aliclean (ID: 98cc968f-fc85-4b97-9d09-faaad41551d5)
2025-04-27 18:41:15,886 - INFO -    - Precio Loyverse: 115.0 VES
2025-04-27 18:41:15,887 - INFO -    - Tasa aplicada: 95.0
2025-04-27 18:41:15,887 - INFO -    - Precio USD calculado: 1.21 USD
2025-04-27 18:41:15,887 - INFO -    - Tipo tasa: PARALELO
2025-04-27 18:41:15,887 - INFO -    - Categoría: Higiene
2025-04-27 18:41:15,968 - INFO - ➕ Nuevo producto creado: Silicon Barra grande (ID: 9e9ebe8b-2dec-433f-b446-7bbd9be30b78)
2025-04-27 18:41:15,968 - INFO -    - Precio Loyverse: 70.0 VES
2025-04-27 18:41:15,968 - INFO -    - Tasa aplicada: 95.0
2025-04-27 18:41:15,969 - INFO -    - Precio USD calculado: 0.74 USD
2025-04-27 18:41:15,970 - INFO -    - Tipo tasa: PARALELO
2025-04-27 18:41:15,970 - INFO -    - Categoría: Papeleria
2025-04-27 18:41:16,053 - INFO - ➕ Nuevo producto creado: Bombillo blanco 12w (ID: 82f04db1-a73e-4754-b60a-08ab8ea8f04c)
2025-04-27 18:41:16,053 - INFO -    - Precio Loyverse: 85.0 VES
2025-04-27 18:41:16,053 - INFO -    - Tasa aplicada: 95.0
2025-04-27 18:41:16,053 - INFO -    - Precio USD calculado: 0.89 USD
2025-04-27 18:41:16,053 - INFO -    - Tipo tasa: PARALELO
2025-04-27 18:41:16,055 - INFO -    - Categoría: Varios
2025-04-27 18:41:16,135 - INFO - ➕ Nuevo producto creado: keramix acondicionador (ID: fb27d03a-6b42-4ff3-b5a5-9f6217f7eb8a)
2025-04-27 18:41:16,135 - INFO -    - Precio Loyverse: 55.0 VES
2025-04-27 18:41:16,136 - INFO -    - Tasa aplicada: 95.0
2025-04-27 18:41:16,136 - INFO -    - Precio USD calculado: 0.58 USD
2025-04-27 18:41:16,136 - INFO -    - Tipo tasa: PARALELO
2025-04-27 18:41:16,137 - INFO -    - Categoría: Higiene
2025-04-27 18:41:16,221 - INFO - ➕ Nuevo producto creado: Magnum magno (ID: 29f38a6f-9b14-4a25-a864-ebf0fa8167bb)
2025-04-27 18:41:16,222 - INFO -    - Precio Loyverse: 50.0 VES
2025-04-27 18:41:16,222 - INFO -    - Tasa aplicada: 95.0
2025-04-27 18:41:16,222 - INFO -    - Precio USD calculado: 0.53 USD
2025-04-27 18:41:16,223 - INFO -    - Tipo tasa: PARALELO
2025-04-27 18:41:16,223 - INFO -    - Categoría: Helado
2025-04-27 18:41:16,317 - INFO - ➕ Nuevo producto creado: Tequeños 25 unidades (ID: 4d4cf550-316e-45a1-9270-be537a9caef8)
2025-04-27 18:41:16,317 - INFO -    - Precio Loyverse: 140.0 VES
2025-04-27 18:41:16,318 - INFO -    - Tasa aplicada: 95.0
2025-04-27 18:41:16,318 - INFO -    - Precio USD calculado: 1.47 USD
2025-04-27 18:41:16,318 - INFO -    - Tipo tasa: PARALELO
2025-04-27 18:41:16,319 - INFO -    - Categoría: Comida
2025-04-27 18:41:16,479 - INFO - ➕ Nuevo producto creado: Jamon de pavo (ID: 4c1d0c12-402f-45f2-9cc9-aca7c71f984a)
2025-04-27 18:41:16,480 - INFO -    - Precio Loyverse: 920.0 VES
2025-04-27 18:41:16,481 - INFO -    - Tasa aplicada: 95.0
2025-04-27 18:41:16,481 - INFO -    - Precio USD calculado: 9.68 USD
2025-04-27 18:41:16,481 - INFO -    - Tipo tasa: PARALELO
2025-04-27 18:41:16,481 - INFO -    - Categoría: Charcuteria
2025-04-27 18:41:16,563 - INFO - ➕ Nuevo producto creado: Picadillo de pollo (ID: 8e09e494-0b3d-4686-8224-b76be82dd4c9)
2025-04-27 18:41:16,563 - INFO -    - Precio Loyverse: 480.0 VES
2025-04-27 18:41:16,563 - INFO -    - Tasa aplicada: 95.0
2025-04-27 18:41:16,563 - INFO -    - Precio USD calculado: 5.05 USD
2025-04-27 18:41:16,564 - INFO -    - Tipo tasa: PARALELO
2025-04-27 18:41:16,564 - INFO -    - Categoría: Charcuteria
2025-04-27 18:41:16,718 - INFO - ➕ Nuevo producto creado: Salsa para pasta Osole 200G (ID: 1663de27-b3e7-424b-a43b-cee97be927d0)
2025-04-27 18:41:16,718 - INFO -    - Precio Loyverse: 115.0 VES
2025-04-27 18:41:16,719 - INFO -    - Tasa aplicada: 95.0
2025-04-27 18:41:16,719 - INFO -    - Precio USD calculado: 1.21 USD
2025-04-27 18:41:16,720 - INFO -    - Tipo tasa: PARALELO
2025-04-27 18:41:16,720 - INFO -    - Categoría: Comida
2025-04-27 18:41:16,809 - INFO - ➕ Nuevo producto creado: Bolsa de pan salado (ID: 629e3902-f02d-4c1a-a2e8-3cfe24fca2d1)
2025-04-27 18:41:16,810 - INFO -    - Precio Loyverse: 100.0 VES
2025-04-27 18:41:16,810 - INFO -    - Tasa aplicada: 95.0
2025-04-27 18:41:16,810 - INFO -    - Precio USD calculado: 1.05 USD
2025-04-27 18:41:16,811 - INFO -    - Tipo tasa: PARALELO
2025-04-27 18:41:16,811 - INFO -    - Categoría: Panaderia
2025-04-27 18:41:16,891 - INFO - ➕ Nuevo producto creado: Sardina willinger (ID: 63ab2f52-4553-427b-b01e-1b79a5de58ce)
2025-04-27 18:41:16,892 - INFO -    - Precio Loyverse: 50.0 VES
2025-04-27 18:41:16,892 - INFO -    - Tasa aplicada: 95.0
2025-04-27 18:41:16,892 - INFO -    - Precio USD calculado: 0.53 USD
2025-04-27 18:41:16,893 - INFO -    - Tipo tasa: PARALELO
2025-04-27 18:41:16,893 - INFO -    - Categoría: Comida
2025-04-27 18:41:16,983 - INFO - ➕ Nuevo producto creado: Te de Durazno (ID: c6b77a60-0b3d-4454-ae56-64ffdeea095b)
2025-04-27 18:41:16,984 - INFO -    - Precio Loyverse: 160.0 VES
2025-04-27 18:41:16,984 - INFO -    - Tasa aplicada: 95.0
2025-04-27 18:41:16,985 - INFO -    - Precio USD calculado: 1.68 USD
2025-04-27 18:41:16,985 - INFO -    - Tipo tasa: PARALELO
2025-04-27 18:41:16,985 - INFO -    - Categoría: Bebidas
2025-04-27 18:41:17,066 - INFO - ➕ Nuevo producto creado: Aceite girasol Gocciolio (ID: 7faffc14-ffd8-480f-ae39-06cadb9a3fa0)
2025-04-27 18:41:17,067 - INFO -    - Precio Loyverse: 275.0 VES
2025-04-27 18:41:17,067 - INFO -    - Tasa aplicada: 95.0
2025-04-27 18:41:17,067 - INFO -    - Precio USD calculado: 2.89 USD
2025-04-27 18:41:17,068 - INFO -    - Tipo tasa: PARALELO
2025-04-27 18:41:17,068 - INFO -    - Categoría: Comida
2025-04-27 18:41:17,159 - INFO - ➕ Nuevo producto creado: Azucar maite (ID: 0767c977-74dd-4046-8a8f-be1217618d17)
2025-04-27 18:41:17,160 - INFO -    - Precio Loyverse: 135.0 VES
2025-04-27 18:41:17,160 - INFO -    - Tasa aplicada: 95.0
2025-04-27 18:41:17,161 - INFO -    - Precio USD calculado: 1.42 USD
2025-04-27 18:41:17,161 - INFO -    - Tipo tasa: PARALELO
2025-04-27 18:41:17,161 - INFO -    - Categoría: Comida
2025-04-27 18:41:17,247 - INFO - ➕ Nuevo producto creado: Aceite soya cristalino 430ml (ID: b8e3ced3-5ee5-4d6f-9bce-e46604735055)
2025-04-27 18:41:17,247 - INFO -    - Precio Loyverse: 135.0 VES
2025-04-27 18:41:17,247 - INFO -    - Tasa aplicada: 95.0
2025-04-27 18:41:17,248 - INFO -    - Precio USD calculado: 1.42 USD
2025-04-27 18:41:17,248 - INFO -    - Tipo tasa: PARALELO
2025-04-27 18:41:17,248 - INFO -    - Categoría: Comida
2025-04-27 18:41:17,330 - INFO - ➕ Nuevo producto creado: Incienso detallado premium (ID: 703d699b-b103-408c-ab8d-29e99ba141cb)
2025-04-27 18:41:17,331 - INFO -    - Precio Loyverse: 5.0 VES
2025-04-27 18:41:17,331 - INFO -    - Tasa aplicada: 95.0
2025-04-27 18:41:17,332 - INFO -    - Precio USD calculado: 0.05 USD
2025-04-27 18:41:17,332 - INFO -    - Tipo tasa: PARALELO
2025-04-27 18:41:17,333 - INFO -    - Categoría: Varios
2025-04-27 18:41:17,414 - INFO - ➕ Nuevo producto creado: Jabon Panela oso blanco (ID: 8d7b1f71-ab9a-439d-932c-7bf3814197dc)
2025-04-27 18:41:17,415 - INFO -    - Precio Loyverse: 70.0 VES
2025-04-27 18:41:17,415 - INFO -    - Tasa aplicada: 95.0
2025-04-27 18:41:17,416 - INFO -    - Precio USD calculado: 0.74 USD
2025-04-27 18:41:17,416 - INFO -    - Tipo tasa: PARALELO
2025-04-27 18:41:17,416 - INFO -    - Categoría: Higiene
2025-04-27 18:41:17,578 - INFO - ➕ Nuevo producto creado: Esponja brillo normal (ID: 47c8124f-3b0b-4a09-802e-9fe6b20b989d)
2025-04-27 18:41:17,579 - INFO -    - Precio Loyverse: 45.0 VES
2025-04-27 18:41:17,579 - INFO -    - Tasa aplicada: 95.0
2025-04-27 18:41:17,579 - INFO -    - Precio USD calculado: 0.47 USD
2025-04-27 18:41:17,579 - INFO -    - Tipo tasa: PARALELO
2025-04-27 18:41:17,580 - INFO -    - Categoría: Varios
2025-04-27 18:41:17,673 - INFO - ➕ Nuevo producto creado: Maizina americana 200g (ID: 0c3f6b6b-ee02-4d6a-a17b-b8b419418061)
2025-04-27 18:41:17,673 - INFO -    - Precio Loyverse: 155.0 VES
2025-04-27 18:41:17,674 - INFO -    - Tasa aplicada: 95.0
2025-04-27 18:41:17,674 - INFO -    - Precio USD calculado: 1.63 USD
2025-04-27 18:41:17,674 - INFO -    - Tipo tasa: PARALELO
2025-04-27 18:41:17,676 - INFO -    - Categoría: Comida
2025-04-27 18:41:17,978 - INFO - ➕ Nuevo producto creado: Choripan (ID: 5f6785c2-64a5-425a-8510-bc6e7dd0c9ab)
2025-04-27 18:41:17,978 - INFO -    - Precio Loyverse: 40.0 VES
2025-04-27 18:41:17,979 - INFO -    - Tasa aplicada: 95.0
2025-04-27 18:41:17,979 - INFO -    - Precio USD calculado: 0.42 USD
2025-04-27 18:41:17,979 - INFO -    - Tipo tasa: PARALELO
2025-04-27 18:41:17,980 - INFO -    - Categoría: Comida
2025-04-27 18:41:18,060 - INFO - ➕ Nuevo producto creado: Queso Arepero (ID: 0b223e84-b829-482b-86a4-0cc72c93dc22)
2025-04-27 18:41:18,061 - INFO -    - Precio Loyverse: 555.0 VES
2025-04-27 18:41:18,062 - INFO -    - Tasa aplicada: 95.0
2025-04-27 18:41:18,062 - INFO -    - Precio USD calculado: 5.84 USD
2025-04-27 18:41:18,063 - INFO -    - Tipo tasa: PARALELO
2025-04-27 18:41:18,063 - INFO -    - Categoría: Charcuteria
2025-04-27 18:41:18,143 - INFO - ➕ Nuevo producto creado: Pago fiado (ID: 48fa992f-6bd1-47ad-b2cc-b9c3d6bf6cd2)
2025-04-27 18:41:18,144 - INFO -    - Precio Loyverse: 0 VES
2025-04-27 18:41:18,144 - INFO -    - Tasa aplicada: 95.0
2025-04-27 18:41:18,145 - INFO -    - Precio USD calculado: 0 USD
2025-04-27 18:41:18,145 - INFO -    - Tipo tasa: PARALELO
2025-04-27 18:41:18,145 - INFO -    - Categoría: Varios
2025-04-27 18:41:18,227 - INFO - ➕ Nuevo producto creado: Pega de uñas (ID: 5fa3373a-a2dc-449d-af73-29e3980e881b)
2025-04-27 18:41:18,228 - INFO -    - Precio Loyverse: 65.0 VES
2025-04-27 18:41:18,228 - INFO -    - Tasa aplicada: 95.0
2025-04-27 18:41:18,229 - INFO -    - Precio USD calculado: 0.68 USD
2025-04-27 18:41:18,229 - INFO -    - Tipo tasa: PARALELO
2025-04-27 18:41:18,230 - INFO -    - Categoría: Varios
2025-04-27 18:41:18,317 - INFO - ➕ Nuevo producto creado: Pega pestañas Ardell (ID: 677fa3d0-f1be-4935-a36a-f6dc07da2965)
2025-04-27 18:41:18,318 - INFO -    - Precio Loyverse: 200.0 VES
2025-04-27 18:41:18,318 - INFO -    - Tasa aplicada: 95.0
2025-04-27 18:41:18,318 - INFO -    - Precio USD calculado: 2.11 USD
2025-04-27 18:41:18,319 - INFO -    - Tipo tasa: PARALELO
2025-04-27 18:41:18,320 - INFO -    - Categoría: Varios
2025-04-27 18:41:18,410 - INFO - ➕ Nuevo producto creado: OKA LOKA NANO MINI PEQUEÑO (ID: 5941b307-7598-4747-ad67-bc96345e2835)
2025-04-27 18:41:18,411 - INFO -    - Precio Loyverse: 15.0 VES
2025-04-27 18:41:18,411 - INFO -    - Tasa aplicada: 95.0
2025-04-27 18:41:18,411 - INFO -    - Precio USD calculado: 0.16 USD
2025-04-27 18:41:18,411 - INFO -    - Tipo tasa: PARALELO
2025-04-27 18:41:18,412 - INFO -    - Categoría: Chucheria
2025-04-27 18:41:18,495 - INFO - ➕ Nuevo producto creado: Carne molida (ID: aa426202-cd77-4fe4-8c9d-39885251d8f1)
2025-04-27 18:41:18,495 - INFO -    - Precio Loyverse: 880.0 VES
2025-04-27 18:41:18,495 - INFO -    - Tasa aplicada: 95.0
2025-04-27 18:41:18,495 - INFO -    - Precio USD calculado: 9.26 USD
2025-04-27 18:41:18,496 - INFO -    - Tipo tasa: PARALELO
2025-04-27 18:41:18,496 - INFO -    - Categoría: Charcuteria
2025-04-27 18:41:18,580 - INFO - ➕ Nuevo producto creado: Suavizante Alive (ID: d6565209-338e-42ea-af87-fd84bedb0770)
2025-04-27 18:41:18,580 - INFO -    - Precio Loyverse: 65.0 VES
2025-04-27 18:41:18,581 - INFO -    - Tasa aplicada: 95.0
2025-04-27 18:41:18,581 - INFO -    - Precio USD calculado: 0.68 USD
2025-04-27 18:41:18,581 - INFO -    - Tipo tasa: PARALELO
2025-04-27 18:41:18,582 - INFO -    - Categoría: Higiene
2025-04-27 18:41:18,661 - INFO - ➕ Nuevo producto creado: Aceite Ideal 500ML (ID: fa8e659d-57ae-4a3a-abe0-e7e5afb9d5d6)
2025-04-27 18:41:18,662 - INFO -    - Precio Loyverse: 140.0 VES
2025-04-27 18:41:18,662 - INFO -    - Tasa aplicada: 95.0
2025-04-27 18:41:18,663 - INFO -    - Precio USD calculado: 1.47 USD
2025-04-27 18:41:18,663 - INFO -    - Tipo tasa: PARALELO
2025-04-27 18:41:18,663 - INFO -    - Categoría: Comida
2025-04-27 18:41:18,743 - INFO - ➕ Nuevo producto creado: Harina Maiz Masantoni (ID: 442483ea-25cd-406d-9b2e-7e198426b84b)
2025-04-27 18:41:18,744 - INFO -    - Precio Loyverse: 70.0 VES
2025-04-27 18:41:18,744 - INFO -    - Tasa aplicada: 95.0
2025-04-27 18:41:18,745 - INFO -    - Precio USD calculado: 0.74 USD
2025-04-27 18:41:18,745 - INFO -    - Tipo tasa: PARALELO
2025-04-27 18:41:18,745 - INFO -    - Categoría: Comida
2025-04-27 18:41:18,864 - INFO - ➕ Nuevo producto creado: Azucar Montalban (ID: 1a89818f-900f-4abe-99b4-16603724a05e)
2025-04-27 18:41:18,865 - INFO -    - Precio Loyverse: 145.0 VES
2025-04-27 18:41:18,865 - INFO -    - Tasa aplicada: 95.0
2025-04-27 18:41:18,865 - INFO -    - Precio USD calculado: 1.53 USD
2025-04-27 18:41:18,866 - INFO -    - Tipo tasa: PARALELO
2025-04-27 18:41:18,866 - INFO -    - Categoría: Comida
2025-04-27 18:41:18,947 - INFO - ➕ Nuevo producto creado: Cloro Kiss (ID: 296eb710-2e67-4b77-82f8-ffa06bc875f3)
2025-04-27 18:41:18,948 - INFO -    - Precio Loyverse: 85.0 VES
2025-04-27 18:41:18,948 - INFO -    - Tasa aplicada: 95.0
2025-04-27 18:41:18,949 - INFO -    - Precio USD calculado: 0.89 USD
2025-04-27 18:41:18,949 - INFO -    - Tipo tasa: PARALELO
2025-04-27 18:41:18,949 - INFO -    - Categoría: Comida
2025-04-27 18:41:19,063 - INFO - ➕ Nuevo producto creado: Yogurt Migurt (ID: 397c6e83-db09-4426-979b-1d0bc11df439)
2025-04-27 18:41:19,064 - INFO -    - Precio Loyverse: 100.0 VES
2025-04-27 18:41:19,064 - INFO -    - Tasa aplicada: 95.0
2025-04-27 18:41:19,064 - INFO -    - Precio USD calculado: 1.05 USD
2025-04-27 18:41:19,065 - INFO -    - Tipo tasa: PARALELO
2025-04-27 18:41:19,065 - INFO -    - Categoría: Chucheria
2025-04-27 18:41:19,158 - INFO - ➕ Nuevo producto creado: Golden Manzana 1.5l (ID: a1ee3884-8e74-4078-ab54-cfe847b05ef9)
2025-04-27 18:41:19,159 - INFO -    - Precio Loyverse: 100.0 VES
2025-04-27 18:41:19,160 - INFO -    - Tasa aplicada: 95.0
2025-04-27 18:41:19,160 - INFO -    - Precio USD calculado: 1.05 USD
2025-04-27 18:41:19,160 - INFO -    - Tipo tasa: PARALELO
2025-04-27 18:41:19,161 - INFO -    - Categoría: Bebidas
2025-04-27 18:41:19,247 - INFO - ➕ Nuevo producto creado: Cremadita Cremadito (ID: 8adb3e9e-8c8b-404a-b84b-16de7383d8d1)
2025-04-27 18:41:19,247 - INFO -    - Precio Loyverse: 20.0 VES
2025-04-27 18:41:19,248 - INFO -    - Tasa aplicada: 95.0
2025-04-27 18:41:19,248 - INFO -    - Precio USD calculado: 0.21 USD
2025-04-27 18:41:19,248 - INFO -    - Tipo tasa: PARALELO
2025-04-27 18:41:19,248 - INFO -    - Categoría: Chucheria
2025-04-27 18:41:19,346 - INFO - ➕ Nuevo producto creado: Crack it trufas (ID: 61fe8ed4-9f30-4849-a191-b42704f49ac6)
2025-04-27 18:41:19,347 - INFO -    - Precio Loyverse: 10.0 VES
2025-04-27 18:41:19,347 - INFO -    - Tasa aplicada: 95.0
2025-04-27 18:41:19,347 - INFO -    - Precio USD calculado: 0.11 USD
2025-04-27 18:41:19,348 - INFO -    - Tipo tasa: PARALELO
2025-04-27 18:41:19,348 - INFO -    - Categoría: Chucheria
2025-04-27 18:41:19,434 - INFO - ➕ Nuevo producto creado: Maiz en lata PAFFIA (ID: 66125331-9b71-4836-a405-a71f1f3d26f6)
2025-04-27 18:41:19,434 - INFO -    - Precio Loyverse: 165.0 VES
2025-04-27 18:41:19,435 - INFO -    - Tasa aplicada: 95.0
2025-04-27 18:41:19,435 - INFO -    - Precio USD calculado: 1.74 USD
2025-04-27 18:41:19,435 - INFO -    - Tipo tasa: PARALELO
2025-04-27 18:41:19,436 - INFO -    - Categoría: Comida
2025-04-27 18:41:19,523 - INFO - ➕ Nuevo producto creado: Rikesa (ID: 5f64d80e-80d2-462e-b7ff-48e15c2cac18)
2025-04-27 18:41:19,524 - INFO -    - Precio Loyverse: 340.0 VES
2025-04-27 18:41:19,524 - INFO -    - Tasa aplicada: 95.0
2025-04-27 18:41:19,525 - INFO -    - Precio USD calculado: 3.58 USD
2025-04-27 18:41:19,526 - INFO -    - Tipo tasa: PARALELO
2025-04-27 18:41:19,526 - INFO -    - Categoría: Chucheria
2025-04-27 18:41:19,610 - INFO - ➕ Nuevo producto creado: Yogurt Tigo (ID: b5ffdc4b-6270-4b15-a669-edab0235e9a8)
2025-04-27 18:41:19,610 - INFO -    - Precio Loyverse: 100.0 VES
2025-04-27 18:41:19,611 - INFO -    - Tasa aplicada: 95.0
2025-04-27 18:41:19,611 - INFO -    - Precio USD calculado: 1.05 USD
2025-04-27 18:41:19,611 - INFO -    - Tipo tasa: PARALELO
2025-04-27 18:41:19,611 - INFO -    - Categoría: Chucheria
2025-04-27 18:41:19,694 - INFO - ➕ Nuevo producto creado: Gelatina Every Night (ID: 60c0baba-7edb-44c5-b8ea-4543ee42f6b2)
2025-04-27 18:41:19,694 - INFO -    - Precio Loyverse: 150.0 VES
2025-04-27 18:41:19,695 - INFO -    - Tasa aplicada: 95.0
2025-04-27 18:41:19,696 - INFO -    - Precio USD calculado: 1.58 USD
2025-04-27 18:41:19,696 - INFO -    - Tipo tasa: PARALELO
2025-04-27 18:41:19,696 - INFO -    - Categoría: Higiene
2025-04-27 18:41:19,777 - INFO - ➕ Nuevo producto creado: Mega Bol Mega Aros (ID: fc92d263-4242-4b8b-bbd3-fd21b78cc0f2)
2025-04-27 18:41:19,777 - INFO -    - Precio Loyverse: 175.0 VES
2025-04-27 18:41:19,778 - INFO -    - Tasa aplicada: 95.0
2025-04-27 18:41:19,778 - INFO -    - Precio USD calculado: 1.84 USD
2025-04-27 18:41:19,779 - INFO -    - Tipo tasa: PARALELO
2025-04-27 18:41:19,779 - INFO -    - Categoría: Chucheria
2025-04-27 18:41:19,896 - INFO - ➕ Nuevo producto creado: Harina Juana (ID: c885b2ad-b3a4-4e6d-9572-02d72a359aea)
2025-04-27 18:41:19,897 - INFO -    - Precio Loyverse: 75.0 VES
2025-04-27 18:41:19,897 - INFO -    - Tasa aplicada: 95.0
2025-04-27 18:41:19,898 - INFO -    - Precio USD calculado: 0.79 USD
2025-04-27 18:41:19,898 - INFO -    - Tipo tasa: PARALELO
2025-04-27 18:41:19,898 - INFO -    - Categoría: Comida
2025-04-27 18:41:19,979 - INFO - ➕ Nuevo producto creado: Plastilina colores (ID: 140ce543-4307-4bd9-8aa6-892ad2b68330)
2025-04-27 18:41:19,979 - INFO -    - Precio Loyverse: 90.0 VES
2025-04-27 18:41:19,979 - INFO -    - Tasa aplicada: 95.0
2025-04-27 18:41:19,981 - INFO -    - Precio USD calculado: 0.95 USD
2025-04-27 18:41:19,981 - INFO -    - Tipo tasa: PARALELO
2025-04-27 18:41:19,981 - INFO -    - Categoría: Varios
2025-04-27 18:41:20,145 - INFO - ➕ Nuevo producto creado: Desodorante con tapa clinical (ID: 853491fa-eb52-4105-856d-01f6f4b87939)
2025-04-27 18:41:20,145 - INFO -    - Precio Loyverse: 125.0 VES
2025-04-27 18:41:20,146 - INFO -    - Tasa aplicada: 95.0
2025-04-27 18:41:20,146 - INFO -    - Precio USD calculado: 1.32 USD
2025-04-27 18:41:20,147 - INFO -    - Tipo tasa: PARALELO
2025-04-27 18:41:20,147 - INFO -    - Categoría: Higiene
2025-04-27 18:41:20,227 - INFO - ➕ Nuevo producto creado: Colgate triple acción (ID: 09927104-ca32-44e0-935b-d7d0d1114472)
2025-04-27 18:41:20,228 - INFO -    - Precio Loyverse: 120.0 VES
2025-04-27 18:41:20,228 - INFO -    - Tasa aplicada: 95.0
2025-04-27 18:41:20,228 - INFO -    - Precio USD calculado: 1.26 USD
2025-04-27 18:41:20,229 - INFO -    - Tipo tasa: PARALELO
2025-04-27 18:41:20,229 - INFO -    - Categoría: Higiene
2025-04-27 18:41:20,311 - INFO - ➕ Nuevo producto creado: Aguacatex (ID: de4d93ff-90c5-4e50-b2af-be31e86836d8)
2025-04-27 18:41:20,312 - INFO -    - Precio Loyverse: 205.0 VES
2025-04-27 18:41:20,312 - INFO -    - Tasa aplicada: 95.0
2025-04-27 18:41:20,313 - INFO -    - Precio USD calculado: 2.16 USD
2025-04-27 18:41:20,313 - INFO -    - Tipo tasa: PARALELO
2025-04-27 18:41:20,313 - INFO -    - Categoría: Coche
2025-04-27 18:41:20,395 - INFO - ➕ Nuevo producto creado: Pasta corta capri 500g (ID: 20d66a2d-e26f-4af3-bf1d-c292a8196545)
2025-04-27 18:41:20,396 - INFO -    - Precio Loyverse: 90.0 VES
2025-04-27 18:41:20,396 - INFO -    - Tasa aplicada: 95.0
2025-04-27 18:41:20,396 - INFO -    - Precio USD calculado: 0.95 USD
2025-04-27 18:41:20,397 - INFO -    - Tipo tasa: PARALELO
2025-04-27 18:41:20,397 - INFO -    - Categoría: Comida
2025-04-27 18:41:20,489 - INFO - ➕ Nuevo producto creado: Pasta Larga Mutlu 1kg (ID: b5ff25e2-ad54-4853-a2fa-cd0647f43b8a)
2025-04-27 18:41:20,490 - INFO -    - Precio Loyverse: 70.0 VES
2025-04-27 18:41:20,490 - INFO -    - Tasa aplicada: 95.0
2025-04-27 18:41:20,491 - INFO -    - Precio USD calculado: 0.74 USD
2025-04-27 18:41:20,491 - INFO -    - Tipo tasa: PARALELO
2025-04-27 18:41:20,492 - INFO -    - Categoría: Comida
2025-04-27 18:41:20,573 - INFO - ➕ Nuevo producto creado: Te limon MR TEA (ID: 189c6674-fc91-4fa8-96a4-2c2b50ed3e50)
2025-04-27 18:41:20,573 - INFO -    - Precio Loyverse: 180.0 VES
2025-04-27 18:41:20,573 - INFO -    - Tasa aplicada: 95.0
2025-04-27 18:41:20,574 - INFO -    - Precio USD calculado: 1.89 USD
2025-04-27 18:41:20,574 - INFO -    - Tipo tasa: PARALELO
2025-04-27 18:41:20,574 - INFO -    - Categoría: Bebidas
2025-04-27 18:41:20,657 - INFO - ➕ Nuevo producto creado: Arroz con Pollo Gut (ID: 70ac0a86-7bfd-46b3-98a2-2b16307300fe)
2025-04-27 18:41:20,658 - INFO -    - Precio Loyverse: 70.0 VES
2025-04-27 18:41:20,658 - INFO -    - Tasa aplicada: 95.0
2025-04-27 18:41:20,658 - INFO -    - Precio USD calculado: 0.74 USD
2025-04-27 18:41:20,659 - INFO -    - Tipo tasa: PARALELO
2025-04-27 18:41:20,659 - INFO -    - Categoría: Comida
2025-04-27 18:41:20,755 - INFO - ➕ Nuevo producto creado: Salsa de tomate Fergos 198G pequeña (ID: e714f674-c352-4fe8-baab-dfd8d47958b2)
2025-04-27 18:41:20,756 - INFO -    - Precio Loyverse: 95.0 VES
2025-04-27 18:41:20,757 - INFO -    - Tasa aplicada: 95.0
2025-04-27 18:41:20,758 - INFO -    - Precio USD calculado: 1.00 USD
2025-04-27 18:41:20,758 - INFO -    - Tipo tasa: PARALELO
2025-04-27 18:41:20,758 - INFO -    - Categoría: Comida
2025-04-27 18:41:20,849 - INFO - ➕ Nuevo producto creado: Salsa de tomate Tomodore (ID: 1b3de176-120e-445f-9dd6-0c90c0928693)
2025-04-27 18:41:20,850 - INFO -    - Precio Loyverse: 110.0 VES
2025-04-27 18:41:20,850 - INFO -    - Tasa aplicada: 95.0
2025-04-27 18:41:20,851 - INFO -    - Precio USD calculado: 1.16 USD
2025-04-27 18:41:20,851 - INFO -    - Tipo tasa: PARALELO
2025-04-27 18:41:20,852 - INFO -    - Categoría: Comida
2025-04-27 18:41:20,935 - INFO - ➕ Nuevo producto creado: Jabon Polvo Hugme (ID: 79a26d72-d305-4739-bb33-cd9e4fef5857)
2025-04-27 18:41:20,935 - INFO -    - Precio Loyverse: 85.0 VES
2025-04-27 18:41:20,935 - INFO -    - Tasa aplicada: 95.0
2025-04-27 18:41:20,936 - INFO -    - Precio USD calculado: 0.89 USD
2025-04-27 18:41:20,936 - INFO -    - Tipo tasa: PARALELO
2025-04-27 18:41:20,936 - INFO -    - Categoría: Higiene
2025-04-27 18:41:21,016 - INFO - ➕ Nuevo producto creado: Patroncito detallado (ID: 60693443-18d4-4625-8f9c-188938c5b9ce)
2025-04-27 18:41:21,017 - INFO -    - Precio Loyverse: 5.0 VES
2025-04-27 18:41:21,017 - INFO -    - Tasa aplicada: 95.0
2025-04-27 18:41:21,017 - INFO -    - Precio USD calculado: 0.05 USD
2025-04-27 18:41:21,018 - INFO -    - Tipo tasa: PARALELO
2025-04-27 18:41:21,018 - INFO -    - Categoría: Cigarros
2025-04-27 18:41:21,101 - INFO - ➕ Nuevo producto creado: Bonucci (ID: 79dc0b4f-8b00-46b4-aaca-7eebeaa92e3a)
2025-04-27 18:41:21,102 - INFO -    - Precio Loyverse: 45.0 VES
2025-04-27 18:41:21,102 - INFO -    - Tasa aplicada: 95.0
2025-04-27 18:41:21,103 - INFO -    - Precio USD calculado: 0.47 USD
2025-04-27 18:41:21,103 - INFO -    - Tipo tasa: PARALELO
2025-04-27 18:41:21,103 - INFO -    - Categoría: Chucheria
2025-04-27 18:41:21,184 - INFO - ➕ Nuevo producto creado: Trululu Aros (ID: f484b1f9-650b-4a77-9b9b-0a397c116a70)
2025-04-27 18:41:21,185 - INFO -    - Precio Loyverse: 5.0 VES
2025-04-27 18:41:21,185 - INFO -    - Tasa aplicada: 95.0
2025-04-27 18:41:21,185 - INFO -    - Precio USD calculado: 0.05 USD
2025-04-27 18:41:21,185 - INFO -    - Tipo tasa: PARALELO
2025-04-27 18:41:21,185 - INFO -    - Categoría: Chucheria
2025-04-27 18:41:21,267 - INFO - ➕ Nuevo producto creado: Condon (ID: c869fc94-60dc-4cb2-a816-f93a8f86212a)
2025-04-27 18:41:21,267 - INFO -    - Precio Loyverse: 55.0 VES
2025-04-27 18:41:21,268 - INFO -    - Tasa aplicada: 95.0
2025-04-27 18:41:21,268 - INFO -    - Precio USD calculado: 0.58 USD
2025-04-27 18:41:21,268 - INFO -    - Tipo tasa: PARALELO
2025-04-27 18:41:21,268 - INFO -    - Categoría: Higiene
2025-04-27 18:41:21,349 - INFO - ➕ Nuevo producto creado: producto prueba BC (ID: e837dd76-419e-4b9d-9529-f65364d5e1b0)
2025-04-27 18:41:21,349 - INFO -    - Precio Loyverse: 5.0 VES
2025-04-27 18:41:21,350 - INFO -    - Tasa aplicada: 95.0
2025-04-27 18:41:21,350 - INFO -    - Precio USD calculado: 0.05 USD
2025-04-27 18:41:21,350 - INFO -    - Tipo tasa: PARALELO
2025-04-27 18:41:21,435 - INFO - ➕ Nuevo producto creado: Bicarbonato Amparito Sobre (ID: e6b370f4-c8a0-4037-97dd-e7f16dc0da2e)
2025-04-27 18:41:21,435 - INFO -    - Precio Loyverse: 50.0 VES
2025-04-27 18:41:21,436 - INFO -    - Tasa aplicada: 95.0
2025-04-27 18:41:21,436 - INFO -    - Precio USD calculado: 0.53 USD
2025-04-27 18:41:21,436 - INFO -    - Tipo tasa: PARALELO
2025-04-27 18:41:21,436 - INFO -    - Categoría: Comida
2025-04-27 18:41:21,518 - INFO - ➕ Nuevo producto creado: Nutiva Jugo (ID: 1be464cc-91cb-49c7-a8be-3b8d89cf757b)
2025-04-27 18:41:21,518 - INFO -    - Precio Loyverse: 30.0 VES
2025-04-27 18:41:21,518 - INFO -    - Tasa aplicada: 95.0
2025-04-27 18:41:21,519 - INFO -    - Precio USD calculado: 0.32 USD
2025-04-27 18:41:21,520 - INFO -    - Tipo tasa: PARALELO
2025-04-27 18:41:21,520 - INFO -    - Categoría: Bebidas
2025-04-27 18:41:21,600 - INFO - ➕ Nuevo producto creado: Cash (ID: 09c080dc-ed7e-41d7-a3cb-d3c750213a62)
2025-04-27 18:41:21,601 - INFO -    - Precio Loyverse: 15.0 VES
2025-04-27 18:41:21,601 - INFO -    - Tasa aplicada: 95.0
2025-04-27 18:41:21,601 - INFO -    - Precio USD calculado: 0.16 USD
2025-04-27 18:41:21,602 - INFO -    - Tipo tasa: PARALELO
2025-04-27 18:41:21,602 - INFO -    - Categoría: Chucheria
2025-04-27 18:41:21,711 - INFO - ➕ Nuevo producto creado: Crema de arroz Primor 450g (ID: e9d0c0c5-4c93-4ea8-9f82-aa818a348b98)
2025-04-27 18:41:21,711 - INFO -    - Precio Loyverse: 120.0 VES
2025-04-27 18:41:21,712 - INFO -    - Tasa aplicada: 95.0
2025-04-27 18:41:21,712 - INFO -    - Precio USD calculado: 1.26 USD
2025-04-27 18:41:21,712 - INFO -    - Tipo tasa: PARALELO
2025-04-27 18:41:21,713 - INFO -    - Categoría: Comida
2025-04-27 18:41:22,017 - INFO - ➕ Nuevo producto creado: Gel Frio Alive Mentol (ID: 6e240d18-633e-458f-a240-ca9ffc9773b5)
2025-04-27 18:41:22,018 - INFO -    - Precio Loyverse: 190.0 VES
2025-04-27 18:41:22,018 - INFO -    - Tasa aplicada: 95.0
2025-04-27 18:41:22,019 - INFO -    - Precio USD calculado: 2.00 USD
2025-04-27 18:41:22,020 - INFO -    - Tipo tasa: PARALELO
2025-04-27 18:41:22,020 - INFO -    - Categoría: Varios
2025-04-27 18:41:22,100 - INFO - ➕ Nuevo producto creado: Liga de Niña Carton pequeño (ID: 4e27a3d6-eede-4c9a-8944-fefd05a28ff9)
2025-04-27 18:41:22,101 - INFO -    - Precio Loyverse: 20.0 VES
2025-04-27 18:41:22,101 - INFO -    - Tasa aplicada: 95.0
2025-04-27 18:41:22,102 - INFO -    - Precio USD calculado: 0.21 USD
2025-04-27 18:41:22,102 - INFO -    - Tipo tasa: PARALELO
2025-04-27 18:41:22,102 - INFO -    - Categoría: Varios
2025-04-27 18:41:22,183 - INFO - ➕ Nuevo producto creado: Jugo Frutea (ID: bc853217-e95e-49d4-a0ad-8da4969c9835)
2025-04-27 18:41:22,184 - INFO -    - Precio Loyverse: 70.0 VES
2025-04-27 18:41:22,184 - INFO -    - Tasa aplicada: 95.0
2025-04-27 18:41:22,184 - INFO -    - Precio USD calculado: 0.74 USD
2025-04-27 18:41:22,184 - INFO -    - Tipo tasa: PARALELO
2025-04-27 18:41:22,185 - INFO -    - Categoría: Bebidas
2025-04-27 18:41:22,309 - INFO - ➕ Nuevo producto creado: Tira afeitadora trio (ID: 0ffca66b-29f4-4e77-bac1-b2eae52fc58b)
2025-04-27 18:41:22,310 - INFO -    - Precio Loyverse: 35.0 VES
2025-04-27 18:41:22,310 - INFO -    - Tasa aplicada: 95.0
2025-04-27 18:41:22,311 - INFO -    - Precio USD calculado: 0.37 USD
2025-04-27 18:41:22,311 - INFO -    - Tipo tasa: PARALELO
2025-04-27 18:41:22,311 - INFO -    - Categoría: Higiene
2025-04-27 18:41:22,395 - INFO - ➕ Nuevo producto creado: Tira afeitadora Duo (ID: f86fba99-0b2f-4bce-9a8a-c76e647142ff)
2025-04-27 18:41:22,396 - INFO -    - Precio Loyverse: 25.0 VES
2025-04-27 18:41:22,397 - INFO -    - Tasa aplicada: 95.0
2025-04-27 18:41:22,397 - INFO -    - Precio USD calculado: 0.26 USD
2025-04-27 18:41:22,397 - INFO -    - Tipo tasa: PARALELO
2025-04-27 18:41:22,398 - INFO -    - Categoría: Higiene
2025-04-27 18:41:22,481 - INFO - ➕ Nuevo producto creado: Vaselina Labial (ID: 86fa23ce-93eb-4611-b035-8bbda3d62051)
2025-04-27 18:41:22,482 - INFO -    - Precio Loyverse: 85.0 VES
2025-04-27 18:41:22,482 - INFO -    - Tasa aplicada: 95.0
2025-04-27 18:41:22,483 - INFO -    - Precio USD calculado: 0.89 USD
2025-04-27 18:41:22,483 - INFO -    - Tipo tasa: PARALELO
2025-04-27 18:41:22,483 - INFO -    - Categoría: Varios
2025-04-27 18:41:22,629 - INFO - ➕ Nuevo producto creado: Jacks Chicharron tira (ID: fd6c0d86-6d20-4b69-b04a-dd2c6607d1ac)
2025-04-27 18:41:22,629 - INFO -    - Precio Loyverse: 105.0 VES
2025-04-27 18:41:22,630 - INFO -    - Tasa aplicada: 95.0
2025-04-27 18:41:22,631 - INFO -    - Precio USD calculado: 1.11 USD
2025-04-27 18:41:22,631 - INFO -    - Tipo tasa: PARALELO
2025-04-27 18:41:22,631 - INFO -    - Categoría: Chucheria
2025-04-27 18:41:22,734 - INFO - ➕ Nuevo producto creado: cereal kellogs pequeño (ID: 1304d308-a19e-4175-bf5b-8cad8ffb62b6)
2025-04-27 18:41:22,734 - INFO -    - Precio Loyverse: 50.0 VES
2025-04-27 18:41:22,735 - INFO -    - Tasa aplicada: 95.0
2025-04-27 18:41:22,735 - INFO -    - Precio USD calculado: 0.53 USD
2025-04-27 18:41:22,735 - INFO -    - Tipo tasa: PARALELO
2025-04-27 18:41:22,735 - INFO -    - Categoría: Chucheria
2025-04-27 18:41:22,821 - INFO - ➕ Nuevo producto creado: Frutimelo (ID: fb604cf2-0521-46cb-87c4-e0b0ebef07fe)
2025-04-27 18:41:22,821 - INFO -    - Precio Loyverse: 45.0 VES
2025-04-27 18:41:22,821 - INFO -    - Tasa aplicada: 95.0
2025-04-27 18:41:22,822 - INFO -    - Precio USD calculado: 0.47 USD
2025-04-27 18:41:22,822 - INFO -    - Tipo tasa: PARALELO
2025-04-27 18:41:22,823 - INFO -    - Categoría: Chucheria
2025-04-27 18:41:22,903 - INFO - ➕ Nuevo producto creado: Arroz Doña Blanca (ID: 6f29bb9b-682c-43ad-bee1-9a3a246769ab)
2025-04-27 18:41:22,903 - INFO -    - Precio Loyverse: 100.0 VES
2025-04-27 18:41:22,905 - INFO -    - Tasa aplicada: 95.0
2025-04-27 18:41:22,905 - INFO -    - Precio USD calculado: 1.05 USD
2025-04-27 18:41:22,905 - INFO -    - Tipo tasa: PARALELO
2025-04-27 18:41:22,906 - INFO -    - Categoría: Comida
2025-04-27 18:41:22,989 - INFO - ➕ Nuevo producto creado: Monte cilantro y cebollin (ID: b08b668b-3928-4c14-b90d-22b0fc6a02fd)
2025-04-27 18:41:22,990 - INFO -    - Precio Loyverse: 45.0 VES
2025-04-27 18:41:22,991 - INFO -    - Tasa aplicada: 95.0
2025-04-27 18:41:22,992 - INFO -    - Precio USD calculado: 0.47 USD
2025-04-27 18:41:22,992 - INFO -    - Tipo tasa: PARALELO
2025-04-27 18:41:22,993 - INFO -    - Categoría: Coche
2025-04-27 18:41:23,077 - INFO - ➕ Nuevo producto creado: Doritos Picante pequeño (ID: a823128c-93bd-4cc6-860d-0548707d07bc)
2025-04-27 18:41:23,077 - INFO -    - Precio Loyverse: 95.0 VES
2025-04-27 18:41:23,078 - INFO -    - Tasa aplicada: 95.0
2025-04-27 18:41:23,078 - INFO -    - Precio USD calculado: 1.00 USD
2025-04-27 18:41:23,079 - INFO -    - Tipo tasa: PARALELO
2025-04-27 18:41:23,079 - INFO -    - Categoría: Chucheria
2025-04-27 18:41:23,162 - INFO - ➕ Nuevo producto creado: charmy individual (ID: fa362f32-0054-4209-beda-56b7e4c9ff5d)
2025-04-27 18:41:23,163 - INFO -    - Precio Loyverse: 20.0 VES
2025-04-27 18:41:23,163 - INFO -    - Tasa aplicada: 95.0
2025-04-27 18:41:23,163 - INFO -    - Precio USD calculado: 0.21 USD
2025-04-27 18:41:23,164 - INFO -    - Tipo tasa: PARALELO
2025-04-27 18:41:23,164 - INFO -    - Categoría: Chucheria
2025-04-27 18:41:23,247 - INFO - ➕ Nuevo producto creado: JyJ (ID: a2e75b73-effd-4183-9a3f-a502a6a614c8)
2025-04-27 18:41:23,247 - INFO -    - Precio Loyverse: 5.0 VES
2025-04-27 18:41:23,248 - INFO -    - Tasa aplicada: 95.0
2025-04-27 18:41:23,248 - INFO -    - Precio USD calculado: 0.05 USD
2025-04-27 18:41:23,248 - INFO -    - Tipo tasa: PARALELO
2025-04-27 18:41:23,248 - INFO -    - Categoría: Cigarros
2025-04-27 18:41:23,341 - INFO - ➕ Nuevo producto creado: pizza (ID: 96a99b33-980a-4e4e-84a9-c50f813949ac)
2025-04-27 18:41:23,342 - INFO -    - Precio Loyverse: 125.0 VES
2025-04-27 18:41:23,342 - INFO -    - Tasa aplicada: 95.0
2025-04-27 18:41:23,343 - INFO -    - Precio USD calculado: 1.32 USD
2025-04-27 18:41:23,343 - INFO -    - Tipo tasa: PARALELO
2025-04-27 18:41:23,343 - INFO -    - Categoría: Comida
2025-04-27 18:41:23,435 - INFO - ➕ Nuevo producto creado: Botecito Once Once (ID: 3c683419-7158-47a6-ac96-cace505e2da8)
2025-04-27 18:41:23,435 - INFO -    - Precio Loyverse: 90.0 VES
2025-04-27 18:41:23,436 - INFO -    - Tasa aplicada: 95.0
2025-04-27 18:41:23,436 - INFO -    - Precio USD calculado: 0.95 USD
2025-04-27 18:41:23,437 - INFO -    - Tipo tasa: PARALELO
2025-04-27 18:41:23,437 - INFO -    - Categoría: Chucheria
2025-04-27 18:41:23,525 - INFO - ➕ Nuevo producto creado: Colador (ID: 281127ac-4e3a-44e5-803a-2e60a23e74ef)
2025-04-27 18:41:23,526 - INFO -    - Precio Loyverse: 60.0 VES
2025-04-27 18:41:23,526 - INFO -    - Tasa aplicada: 95.0
2025-04-27 18:41:23,526 - INFO -    - Precio USD calculado: 0.63 USD
2025-04-27 18:41:23,527 - INFO -    - Tipo tasa: PARALELO
2025-04-27 18:41:23,527 - INFO -    - Categoría: Varios
2025-04-27 18:41:23,617 - INFO - ➕ Nuevo producto creado: Queso Mozzarella (ID: 9a2d3f9b-76c6-40c4-aa17-2cd014845e97)
2025-04-27 18:41:23,617 - INFO -    - Precio Loyverse: 710.0 VES
2025-04-27 18:41:23,618 - INFO -    - Tasa aplicada: 95.0
2025-04-27 18:41:23,618 - INFO -    - Precio USD calculado: 7.47 USD
2025-04-27 18:41:23,619 - INFO -    - Tipo tasa: PARALELO
2025-04-27 18:41:23,619 - INFO -    - Categoría: Charcuteria
2025-04-27 18:41:23,867 - INFO - ➕ Nuevo producto creado: chorizo kilo (ID: eb36c71f-ccb8-4994-bb1c-4c3b5a6ee912)
2025-04-27 18:41:23,867 - INFO -    - Precio Loyverse: 340.0 VES
2025-04-27 18:41:23,867 - INFO -    - Tasa aplicada: 95.0
2025-04-27 18:41:23,868 - INFO -    - Precio USD calculado: 3.58 USD
2025-04-27 18:41:23,868 - INFO -    - Tipo tasa: PARALELO
2025-04-27 18:41:23,868 - INFO -    - Categoría: Charcuteria
2025-04-27 18:41:23,959 - INFO - ➕ Nuevo producto creado: Cadenita (ID: a7ddac64-ad88-4239-8409-f46bfb88db84)
2025-04-27 18:41:23,960 - INFO -    - Precio Loyverse: 280.0 VES
2025-04-27 18:41:23,960 - INFO -    - Tasa aplicada: 95.0
2025-04-27 18:41:23,960 - INFO -    - Precio USD calculado: 2.95 USD
2025-04-27 18:41:23,961 - INFO -    - Tipo tasa: PARALELO
2025-04-27 18:41:24,061 - INFO - ➕ Nuevo producto creado: Tinte AMG Pequeño (ID: 661b4825-8e37-4858-8e8c-f12b1312e93c)
2025-04-27 18:41:24,061 - INFO -    - Precio Loyverse: 90.0 VES
2025-04-27 18:41:24,061 - INFO -    - Tasa aplicada: 95.0
2025-04-27 18:41:24,061 - INFO -    - Precio USD calculado: 0.95 USD
2025-04-27 18:41:24,062 - INFO -    - Tipo tasa: PARALELO
2025-04-27 18:41:24,182 - INFO - ➕ Nuevo producto creado: Jabon Dove (ID: b9bb6437-5a10-4f23-a562-8646f1d20650)
2025-04-27 18:41:24,183 - INFO -    - Precio Loyverse: 135.0 VES
2025-04-27 18:41:24,183 - INFO -    - Tasa aplicada: 95.0
2025-04-27 18:41:24,183 - INFO -    - Precio USD calculado: 1.42 USD
2025-04-27 18:41:24,184 - INFO -    - Tipo tasa: PARALELO
2025-04-27 18:41:24,184 - INFO - 
📊 Resumen de sincronización inicial:
2025-04-27 18:41:24,184 - INFO - - Total productos en Loyverse: 514
2025-04-27 18:41:24,185 - INFO - - Categorías mapeadas: 15
2025-04-27 18:41:24,185 - INFO - - Productos nuevos creados: 514
2025-04-27 18:41:24,185 - INFO - - Errores durante la sincronización: 0
2025-04-27 18:41:24,186 - INFO - - Tasa de cambio utilizada: 95.0
2025-04-27 18:41:24,186 - INFO - - Tipo de tasa configurada: PARALELO
2025-04-27 18:41:24,189 - INFO - ✅ Sincronización inicial completada exitosamente
