[2025-04-29 12:41:03] === INICIO DE ACTUALIZACIÓN DE PRECIOS BASE ===
[2025-04-29 12:41:03] Intentando conectar a bodegaclicktest en ep-withered-heart-a4btm25j-pooler.us-east-1.aws.neon.tech...
[2025-04-29 12:41:03] Conexión exitosa a la base de datos: bodegaclicktest
[2025-04-29 12:41:11] Tasa confirmada: 150
[2025-04-29 12:41:11] Consultando productos con precio_base_usd > 0...
[2025-04-29 12:41:11] ERROR al actualizar precios: column "codigo" does not exist
LINE 2:             SELECT id, codigo, nombre, precio_base_usd, prec...
                               ^

[2025-04-29 12:41:11] Conexión cerrada. Proceso completado.
[2025-04-29 12:41:11] === FIN DE ACTUALIZACIÓN DE PRECIOS BASE ===
[2025-04-29 12:43:04] === INICIO DE ACTUALIZACIÓN DE PRECIOS BASE ===
[2025-04-29 12:43:04] Intentando conectar a bodegaclicktest en ep-withered-heart-a4btm25j-pooler.us-east-1.aws.neon.tech...
[2025-04-29 12:43:05] Conexión exitosa a la base de datos: bodegaclicktest
[2025-04-29 12:43:15] Tasa confirmada: 150
[2025-04-29 12:43:15] Consultando productos con precio_base_usd > 0...
[2025-04-29 12:43:15] Se encontraron 499 productos para revisar
[2025-04-29 12:43:16] Actualizado: Producto ID 3: 300.00 → 450.0000
[2025-04-29 12:43:16] Actualizado: Producto ID 45: 153.00 → 229.5000
[2025-04-29 12:43:16] Actualizado: Producto ID 87: 32.00 → 48.0000
[2025-04-29 12:43:16] Actualizado: Producto ID 108: 100.00 → 150.0000
[2025-04-29 12:43:16] Actualizado: Producto ID 127: 42.00 → 63.0000
[2025-04-29 12:43:16] Actualizado: Producto ID 168: 26.00 → 39.0000
[2025-04-29 12:43:16] Actualizado: Producto ID 209: 184.00 → 276.0000
[2025-04-29 12:43:16] Actualizado: Producto ID 250: 63.00 → 94.5000
[2025-04-29 12:43:16] Actualizado: Producto ID 291: 147.00 → 220.5000
[2025-04-29 12:43:16] Actualizado: Producto ID 294: 58.00 → 87.0000
[2025-04-29 12:43:16] Actualizado: Producto ID 332: 42.00 → 63.0000
[2025-04-29 12:43:17] Actualizado: Producto ID 399: 5.00 → 7.5000
[2025-04-29 12:43:17] Actualizado: Producto ID 376: 32.00 → 48.0000
[2025-04-29 12:43:17] Actualizado: Producto ID 425: 5.00 → 7.5000
[2025-04-29 12:43:17] Actualizado: Producto ID 426: 5.00 → 7.5000
[2025-04-29 12:43:17] Actualizado: Producto ID 447: 5.00 → 7.5000
[2025-04-29 12:43:17] Actualizado: Producto ID 484: 5.00 → 7.5000
[2025-04-29 12:43:17] Actualizado: Producto ID 486: 5.00 → 7.5000
[2025-04-29 12:43:17] Actualizado: Producto ID 488: 5.00 → 7.5000
[2025-04-29 12:43:17] Actualizado: Producto ID 506: 5.00 → 7.5000
[2025-04-29 12:43:17] Actualizado: Producto ID 501: 47.00 → 70.5000
[2025-04-29 12:43:17] Actualizado: Producto ID 4: 100.00 → 150.0000
[2025-04-29 12:43:18] Actualizado: Producto ID 5: 84.00 → 126.0000
[2025-04-29 12:43:18] Actualizado: Producto ID 6: 179.00 → 268.5000
[2025-04-29 12:43:18] Actualizado: Producto ID 7: 11.00 → 16.5000
[2025-04-29 12:43:18] Actualizado: Producto ID 8: 26.00 → 39.0000
[2025-04-29 12:43:18] Actualizado: Producto ID 9: 37.00 → 55.5000
[2025-04-29 12:43:18] Actualizado: Producto ID 10: 142.00 → 213.0000
[2025-04-29 12:43:18] Actualizado: Producto ID 11: 526.00 → 789.0000
[2025-04-29 12:43:18] Actualizado: Producto ID 12: 84.00 → 126.0000
[2025-04-29 12:43:18] Actualizado: Producto ID 13: 95.00 → 142.5000
[2025-04-29 12:43:18] Actualizado: Producto ID 14: 95.00 → 142.5000
[2025-04-29 12:43:19] Actualizado: Producto ID 16: 100.00 → 150.0000
[2025-04-29 12:43:19] Actualizado: Producto ID 17: 111.00 → 166.5000
[2025-04-29 12:43:19] Actualizado: Producto ID 19: 1.00 → 1.5000
[2025-04-29 12:43:19] Actualizado: Producto ID 20: 121.00 → 181.5000
[2025-04-29 12:43:19] Actualizado: Producto ID 21: 132.00 → 198.0000
[2025-04-29 12:43:19] Actualizado: Producto ID 22: 132.00 → 198.0000
[2025-04-29 12:43:19] Actualizado: Producto ID 23: 53.00 → 79.5000
[2025-04-29 12:43:19] Actualizado: Producto ID 24: 79.00 → 118.5000
[2025-04-29 12:43:19] Actualizado: Producto ID 25: 74.00 → 111.0000
[2025-04-29 12:43:19] Actualizado: Producto ID 26: 142.00 → 213.0000
[2025-04-29 12:43:19] Actualizado: Producto ID 27: 137.00 → 205.5000
[2025-04-29 12:43:19] Actualizado: Producto ID 28: 16.00 → 24.0000
[2025-04-29 12:43:19] Actualizado: Producto ID 29: 42.00 → 63.0000
[2025-04-29 12:43:20] Actualizado: Producto ID 30: 26.00 → 39.0000
[2025-04-29 12:43:20] Actualizado: Producto ID 31: 32.00 → 48.0000
[2025-04-29 12:43:20] Actualizado: Producto ID 32: 32.00 → 48.0000
[2025-04-29 12:43:20] Actualizado: Producto ID 33: 37.00 → 55.5000
[2025-04-29 12:43:20] Progreso: 50/499 (10.0%) - Tiempo: 4.40s
[2025-04-29 12:43:20] Actualizado: Producto ID 34: 116.00 → 174.0000
[2025-04-29 12:43:20] Actualizado: Producto ID 35: 126.00 → 189.0000
[2025-04-29 12:43:20] Actualizado: Producto ID 36: 221.00 → 331.5000
[2025-04-29 12:43:20] Actualizado: Producto ID 37: 653.00 → 979.5000
[2025-04-29 12:43:20] Actualizado: Producto ID 38: 211.00 → 316.5000
[2025-04-29 12:43:20] Actualizado: Producto ID 39: 89.00 → 133.5000
[2025-04-29 12:43:20] Actualizado: Producto ID 40: 137.00 → 205.5000
[2025-04-29 12:43:21] Actualizado: Producto ID 41: 63.00 → 94.5000
[2025-04-29 12:43:21] Actualizado: Producto ID 42: 5.00 → 7.5000
[2025-04-29 12:43:21] Actualizado: Producto ID 2: 5.00 → 7.5000
[2025-04-29 12:43:21] Actualizado: Producto ID 46: 32.00 → 48.0000
[2025-04-29 12:43:21] Actualizado: Producto ID 47: 68.00 → 102.0000
[2025-04-29 12:43:21] Actualizado: Producto ID 48: 84.00 → 126.0000
[2025-04-29 12:43:21] Actualizado: Producto ID 49: 105.00 → 157.5000
[2025-04-29 12:43:21] Actualizado: Producto ID 50: 111.00 → 166.5000
[2025-04-29 12:43:21] Actualizado: Producto ID 51: 332.00 → 498.0000
[2025-04-29 12:43:21] Actualizado: Producto ID 52: 263.00 → 394.5000
[2025-04-29 12:43:21] Actualizado: Producto ID 53: 189.00 → 283.5000
[2025-04-29 12:43:22] Actualizado: Producto ID 54: 58.00 → 87.0000
[2025-04-29 12:43:22] Actualizado: Producto ID 55: 37.00 → 55.5000
[2025-04-29 12:43:22] Actualizado: Producto ID 56: 2.00 → 3.0000
[2025-04-29 12:43:22] Actualizado: Producto ID 57: 195.00 → 292.5000
[2025-04-29 12:43:22] Actualizado: Producto ID 58: 89.00 → 133.5000
[2025-04-29 12:43:22] Actualizado: Producto ID 59: 42.00 → 63.0000
[2025-04-29 12:43:22] Actualizado: Producto ID 60: 121.00 → 181.5000
[2025-04-29 12:43:22] Actualizado: Producto ID 61: 11.00 → 16.5000
[2025-04-29 12:43:22] Actualizado: Producto ID 62: 16.00 → 24.0000
[2025-04-29 12:43:22] Actualizado: Producto ID 63: 332.00 → 498.0000
[2025-04-29 12:43:22] Actualizado: Producto ID 64: 95.00 → 142.5000
[2025-04-29 12:43:22] Actualizado: Producto ID 65: 89.00 → 133.5000
[2025-04-29 12:43:23] Actualizado: Producto ID 66: 142.00 → 213.0000
[2025-04-29 12:43:23] Actualizado: Producto ID 67: 132.00 → 198.0000
[2025-04-29 12:43:23] Actualizado: Producto ID 68: 21.00 → 31.5000
[2025-04-29 12:43:23] Actualizado: Producto ID 69: 26.00 → 39.0000
[2025-04-29 12:43:23] Actualizado: Producto ID 70: 95.00 → 142.5000
[2025-04-29 12:43:23] Actualizado: Producto ID 71: 37.00 → 55.5000
[2025-04-29 12:43:23] Actualizado: Producto ID 72: 74.00 → 111.0000
[2025-04-29 12:43:23] Actualizado: Producto ID 73: 11.00 → 16.5000
[2025-04-29 12:43:23] Actualizado: Producto ID 74: 16.00 → 24.0000
[2025-04-29 12:43:24] Actualizado: Producto ID 75: 32.00 → 48.0000
[2025-04-29 12:43:24] Actualizado: Producto ID 77: 111.00 → 166.5000
[2025-04-29 12:43:24] Actualizado: Producto ID 78: 37.00 → 55.5000
[2025-04-29 12:43:24] Actualizado: Producto ID 79: 32.00 → 48.0000
[2025-04-29 12:43:24] Actualizado: Producto ID 80: 16.00 → 24.0000
[2025-04-29 12:43:24] Actualizado: Producto ID 81: 11.00 → 16.5000
[2025-04-29 12:43:24] Actualizado: Producto ID 82: 21.00 → 31.5000
[2025-04-29 12:43:24] Actualizado: Producto ID 83: 337.00 → 505.5000
[2025-04-29 12:43:24] Actualizado: Producto ID 44: 121.00 → 181.5000
[2025-04-29 12:43:24] Actualizado: Producto ID 88: 142.00 → 213.0000
[2025-04-29 12:43:25] Actualizado: Producto ID 89: 84.00 → 126.0000
[2025-04-29 12:43:25] Progreso: 100/499 (20.0%) - Tiempo: 9.05s
[2025-04-29 12:43:25] Actualizado: Producto ID 90: 279.00 → 418.5000
[2025-04-29 12:43:25] Actualizado: Producto ID 91: 42.00 → 63.0000
[2025-04-29 12:43:25] Actualizado: Producto ID 92: 74.00 → 111.0000
[2025-04-29 12:43:25] Actualizado: Producto ID 93: 47.00 → 70.5000
[2025-04-29 12:43:25] Actualizado: Producto ID 94: 205.00 → 307.5000
[2025-04-29 12:43:25] Actualizado: Producto ID 95: 347.00 → 520.5000
[2025-04-29 12:43:25] Actualizado: Producto ID 96: 68.00 → 102.0000
[2025-04-29 12:43:25] Actualizado: Producto ID 97: 37.00 → 55.5000
[2025-04-29 12:43:26] Actualizado: Producto ID 98: 16.00 → 24.0000
[2025-04-29 12:43:26] Actualizado: Producto ID 99: 11.00 → 16.5000
[2025-04-29 12:43:26] Actualizado: Producto ID 101: 21.00 → 31.5000
[2025-04-29 12:43:26] Actualizado: Producto ID 102: 116.00 → 174.0000
[2025-04-29 12:43:26] Actualizado: Producto ID 103: 121.00 → 181.5000
[2025-04-29 12:43:26] Actualizado: Producto ID 104: 195.00 → 292.5000
[2025-04-29 12:43:26] Actualizado: Producto ID 105: 205.00 → 307.5000
[2025-04-29 12:43:26] Actualizado: Producto ID 106: 53.00 → 79.5000
[2025-04-29 12:43:26] Actualizado: Producto ID 107: 42.00 → 63.0000
[2025-04-29 12:43:27] Actualizado: Producto ID 109: 84.00 → 126.0000
[2025-04-29 12:43:27] Actualizado: Producto ID 110: 100.00 → 150.0000
[2025-04-29 12:43:27] Actualizado: Producto ID 111: 84.00 → 126.0000
[2025-04-29 12:43:27] Actualizado: Producto ID 112: 100.00 → 150.0000
[2025-04-29 12:43:27] Actualizado: Producto ID 113: 179.00 → 268.5000
[2025-04-29 12:43:27] Actualizado: Producto ID 114: 111.00 → 166.5000
[2025-04-29 12:43:27] Actualizado: Producto ID 115: 1.00 → 1.5000
[2025-04-29 12:43:27] Actualizado: Producto ID 116: 21.00 → 31.5000
[2025-04-29 12:43:27] Actualizado: Producto ID 117: 37.00 → 55.5000
[2025-04-29 12:43:27] Actualizado: Producto ID 118: 21.00 → 31.5000
[2025-04-29 12:43:27] Actualizado: Producto ID 119: 79.00 → 118.5000
[2025-04-29 12:43:27] Actualizado: Producto ID 121: 26.00 → 39.0000
[2025-04-29 12:43:28] Actualizado: Producto ID 122: 42.00 → 63.0000
[2025-04-29 12:43:28] Actualizado: Producto ID 123: 100.00 → 150.0000
[2025-04-29 12:43:28] Actualizado: Producto ID 124: 68.00 → 102.0000
[2025-04-29 12:43:28] Actualizado: Producto ID 85: 121.00 → 181.5000
[2025-04-29 12:43:28] Actualizado: Producto ID 128: 105.00 → 157.5000
[2025-04-29 12:43:28] Actualizado: Producto ID 129: 95.00 → 142.5000
[2025-04-29 12:43:28] Actualizado: Producto ID 130: 53.00 → 79.5000
[2025-04-29 12:43:28] Actualizado: Producto ID 131: 95.00 → 142.5000
[2025-04-29 12:43:28] Actualizado: Producto ID 132: 79.00 → 118.5000
[2025-04-29 12:43:28] Actualizado: Producto ID 133: 58.00 → 87.0000
[2025-04-29 12:43:28] Actualizado: Producto ID 134: 68.00 → 102.0000
[2025-04-29 12:43:29] Actualizado: Producto ID 135: 37.00 → 55.5000
[2025-04-29 12:43:29] Actualizado: Producto ID 136: 184.00 → 276.0000
[2025-04-29 12:43:29] Actualizado: Producto ID 137: 32.00 → 48.0000
[2025-04-29 12:43:29] Actualizado: Producto ID 138: 137.00 → 205.5000
[2025-04-29 12:43:29] Actualizado: Producto ID 139: 89.00 → 133.5000
[2025-04-29 12:43:29] Actualizado: Producto ID 140: 5.00 → 7.5000
[2025-04-29 12:43:29] Actualizado: Producto ID 141: 37.00 → 55.5000
[2025-04-29 12:43:29] Actualizado: Producto ID 142: 58.00 → 87.0000
[2025-04-29 12:43:29] Actualizado: Producto ID 143: 37.00 → 55.5000
[2025-04-29 12:43:29] Actualizado: Producto ID 144: 16.00 → 24.0000
[2025-04-29 12:43:29] Progreso: 150/499 (30.1%) - Tiempo: 13.92s
[2025-04-29 12:43:29] Actualizado: Producto ID 145: 16.00 → 24.0000
[2025-04-29 12:43:30] Actualizado: Producto ID 146: 116.00 → 174.0000
[2025-04-29 12:43:30] Actualizado: Producto ID 147: 147.00 → 220.5000
[2025-04-29 12:43:30] Actualizado: Producto ID 148: 168.00 → 252.0000
[2025-04-29 12:43:30] Actualizado: Producto ID 149: 121.00 → 181.5000
[2025-04-29 12:43:30] Actualizado: Producto ID 150: 200.00 → 300.0000
[2025-04-29 12:43:30] Actualizado: Producto ID 152: 200.00 → 300.0000
[2025-04-29 12:43:30] Actualizado: Producto ID 153: 216.00 → 324.0000
[2025-04-29 12:43:30] Actualizado: Producto ID 154: 153.00 → 229.5000
[2025-04-29 12:43:30] Actualizado: Producto ID 155: 147.00 → 220.5000
[2025-04-29 12:43:30] Actualizado: Producto ID 156: 168.00 → 252.0000
[2025-04-29 12:43:30] Actualizado: Producto ID 157: 42.00 → 63.0000
[2025-04-29 12:43:31] Actualizado: Producto ID 158: 221.00 → 331.5000
[2025-04-29 12:43:31] Actualizado: Producto ID 159: 16.00 → 24.0000
[2025-04-29 12:43:31] Actualizado: Producto ID 160: 74.00 → 111.0000
[2025-04-29 12:43:31] Actualizado: Producto ID 161: 216.00 → 324.0000
[2025-04-29 12:43:31] Actualizado: Producto ID 162: 58.00 → 87.0000
[2025-04-29 12:43:31] Actualizado: Producto ID 163: 111.00 → 166.5000
[2025-04-29 12:43:31] Actualizado: Producto ID 164: 153.00 → 229.5000
[2025-04-29 12:43:31] Actualizado: Producto ID 165: 268.00 → 402.0000
[2025-04-29 12:43:31] Actualizado: Producto ID 126: 200.00 → 300.0000
[2025-04-29 12:43:31] Actualizado: Producto ID 169: 32.00 → 48.0000
[2025-04-29 12:43:31] Actualizado: Producto ID 170: 11.00 → 16.5000
[2025-04-29 12:43:31] Actualizado: Producto ID 171: 105.00 → 157.5000
[2025-04-29 12:43:32] Actualizado: Producto ID 172: 42.00 → 63.0000
[2025-04-29 12:43:32] Actualizado: Producto ID 173: 153.00 → 229.5000
[2025-04-29 12:43:32] Actualizado: Producto ID 174: 163.00 → 244.5000
[2025-04-29 12:43:32] Actualizado: Producto ID 175: 158.00 → 237.0000
[2025-04-29 12:43:32] Actualizado: Producto ID 176: 347.00 → 520.5000
[2025-04-29 12:43:32] Actualizado: Producto ID 177: 147.00 → 220.5000
[2025-04-29 12:43:32] Actualizado: Producto ID 178: 105.00 → 157.5000
[2025-04-29 12:43:32] Actualizado: Producto ID 179: 168.00 → 252.0000
[2025-04-29 12:43:32] Actualizado: Producto ID 180: 58.00 → 87.0000
[2025-04-29 12:43:32] Actualizado: Producto ID 181: 37.00 → 55.5000
[2025-04-29 12:43:32] Actualizado: Producto ID 182: 5.00 → 7.5000
[2025-04-29 12:43:33] Actualizado: Producto ID 183: 5.00 → 7.5000
[2025-04-29 12:43:33] Actualizado: Producto ID 184: 37.00 → 55.5000
[2025-04-29 12:43:33] Actualizado: Producto ID 185: 16.00 → 24.0000
[2025-04-29 12:43:33] Actualizado: Producto ID 186: 16.00 → 24.0000
[2025-04-29 12:43:33] Actualizado: Producto ID 187: 11.00 → 16.5000
[2025-04-29 12:43:33] Actualizado: Producto ID 188: 84.00 → 126.0000
[2025-04-29 12:43:33] Actualizado: Producto ID 189: 37.00 → 55.5000
[2025-04-29 12:43:33] Actualizado: Producto ID 190: 26.00 → 39.0000
[2025-04-29 12:43:33] Actualizado: Producto ID 191: 168.00 → 252.0000
[2025-04-29 12:43:33] Actualizado: Producto ID 192: 121.00 → 181.5000
[2025-04-29 12:43:33] Actualizado: Producto ID 193: 26.00 → 39.0000
[2025-04-29 12:43:33] Actualizado: Producto ID 194: 53.00 → 79.5000
[2025-04-29 12:43:34] Actualizado: Producto ID 195: 16.00 → 24.0000
[2025-04-29 12:43:34] Actualizado: Producto ID 197: 58.00 → 87.0000
[2025-04-29 12:43:34] Actualizado: Producto ID 198: 42.00 → 63.0000
[2025-04-29 12:43:34] Progreso: 200/499 (40.1%) - Tiempo: 18.18s
[2025-04-29 12:43:34] Actualizado: Producto ID 199: 95.00 → 142.5000
[2025-04-29 12:43:34] Actualizado: Producto ID 200: 111.00 → 166.5000
[2025-04-29 12:43:34] Actualizado: Producto ID 201: 147.00 → 220.5000
[2025-04-29 12:43:34] Actualizado: Producto ID 202: 53.00 → 79.5000
[2025-04-29 12:43:34] Actualizado: Producto ID 203: 32.00 → 48.0000
[2025-04-29 12:43:34] Actualizado: Producto ID 204: 32.00 → 48.0000
[2025-04-29 12:43:34] Actualizado: Producto ID 205: 79.00 → 118.5000
[2025-04-29 12:43:34] Actualizado: Producto ID 206: 68.00 → 102.0000
[2025-04-29 12:43:34] Actualizado: Producto ID 167: 5.00 → 7.5000
[2025-04-29 12:43:34] Actualizado: Producto ID 210: 89.00 → 133.5000
[2025-04-29 12:43:35] Actualizado: Producto ID 211: 26.00 → 39.0000
[2025-04-29 12:43:35] Actualizado: Producto ID 212: 26.00 → 39.0000
[2025-04-29 12:43:35] Actualizado: Producto ID 213: 100.00 → 150.0000
[2025-04-29 12:43:35] Actualizado: Producto ID 214: 37.00 → 55.5000
[2025-04-29 12:43:35] Actualizado: Producto ID 215: 16.00 → 24.0000
[2025-04-29 12:43:35] Actualizado: Producto ID 216: 79.00 → 118.5000
[2025-04-29 12:43:35] Actualizado: Producto ID 217: 32.00 → 48.0000
[2025-04-29 12:43:35] Actualizado: Producto ID 218: 653.00 → 979.5000
[2025-04-29 12:43:35] Actualizado: Producto ID 219: 16.00 → 24.0000
[2025-04-29 12:43:35] Actualizado: Producto ID 220: 16.00 → 24.0000
[2025-04-29 12:43:35] Actualizado: Producto ID 221: 126.00 → 189.0000
[2025-04-29 12:43:36] Actualizado: Producto ID 222: 95.00 → 142.5000
[2025-04-29 12:43:36] Actualizado: Producto ID 223: 137.00 → 205.5000
[2025-04-29 12:43:36] Actualizado: Producto ID 224: 79.00 → 118.5000
[2025-04-29 12:43:36] Actualizado: Producto ID 225: 111.00 → 166.5000
[2025-04-29 12:43:36] Actualizado: Producto ID 226: 42.00 → 63.0000
[2025-04-29 12:43:36] Actualizado: Producto ID 227: 32.00 → 48.0000
[2025-04-29 12:43:36] Actualizado: Producto ID 228: 5.00 → 7.5000
[2025-04-29 12:43:36] Actualizado: Producto ID 229: 63.00 → 94.5000
[2025-04-29 12:43:36] Actualizado: Producto ID 230: 42.00 → 63.0000
[2025-04-29 12:43:36] Actualizado: Producto ID 231: 47.00 → 70.5000
[2025-04-29 12:43:36] Actualizado: Producto ID 233: 137.00 → 205.5000
[2025-04-29 12:43:36] Actualizado: Producto ID 234: 147.00 → 220.5000
[2025-04-29 12:43:37] Actualizado: Producto ID 235: 153.00 → 229.5000
[2025-04-29 12:43:37] Actualizado: Producto ID 236: 200.00 → 300.0000
[2025-04-29 12:43:37] Actualizado: Producto ID 237: 63.00 → 94.5000
[2025-04-29 12:43:37] Actualizado: Producto ID 238: 221.00 → 331.5000
[2025-04-29 12:43:37] Actualizado: Producto ID 239: 37.00 → 55.5000
[2025-04-29 12:43:37] Actualizado: Producto ID 240: 79.00 → 118.5000
[2025-04-29 12:43:37] Actualizado: Producto ID 241: 16.00 → 24.0000
[2025-04-29 12:43:37] Actualizado: Producto ID 242: 47.00 → 70.5000
[2025-04-29 12:43:37] Actualizado: Producto ID 243: 42.00 → 63.0000
[2025-04-29 12:43:37] Actualizado: Producto ID 244: 42.00 → 63.0000
[2025-04-29 12:43:37] Actualizado: Producto ID 245: 32.00 → 48.0000
[2025-04-29 12:43:38] Actualizado: Producto ID 246: 53.00 → 79.5000
[2025-04-29 12:43:38] Actualizado: Producto ID 247: 105.00 → 157.5000
[2025-04-29 12:43:38] Actualizado: Producto ID 208: 21.00 → 31.5000
[2025-04-29 12:43:38] Actualizado: Producto ID 251: 142.00 → 213.0000
[2025-04-29 12:43:38] Actualizado: Producto ID 252: 58.00 → 87.0000
[2025-04-29 12:43:38] Actualizado: Producto ID 253: 11.00 → 16.5000
[2025-04-29 12:43:38] Progreso: 250/499 (50.1%) - Tiempo: 22.50s
[2025-04-29 12:43:38] Actualizado: Producto ID 254: 121.00 → 181.5000
[2025-04-29 12:43:38] Actualizado: Producto ID 255: 63.00 → 94.5000
[2025-04-29 12:43:38] Actualizado: Producto ID 256: 111.00 → 166.5000
[2025-04-29 12:43:38] Actualizado: Producto ID 257: 42.00 → 63.0000
[2025-04-29 12:43:38] Actualizado: Producto ID 258: 163.00 → 244.5000
[2025-04-29 12:43:38] Actualizado: Producto ID 259: 16.00 → 24.0000
[2025-04-29 12:43:39] Actualizado: Producto ID 260: 16.00 → 24.0000
[2025-04-29 12:43:39] Actualizado: Producto ID 261: 89.00 → 133.5000
[2025-04-29 12:43:39] Actualizado: Producto ID 262: 142.00 → 213.0000
[2025-04-29 12:43:39] Actualizado: Producto ID 263: 147.00 → 220.5000
[2025-04-29 12:43:39] Actualizado: Producto ID 264: 37.00 → 55.5000
[2025-04-29 12:43:39] Actualizado: Producto ID 265: 42.00 → 63.0000
[2025-04-29 12:43:39] Actualizado: Producto ID 266: 42.00 → 63.0000
[2025-04-29 12:43:39] Actualizado: Producto ID 267: 26.00 → 39.0000
[2025-04-29 12:43:39] Actualizado: Producto ID 268: 58.00 → 87.0000
[2025-04-29 12:43:40] Actualizado: Producto ID 269: 11.00 → 16.5000
[2025-04-29 12:43:40] Actualizado: Producto ID 270: 132.00 → 198.0000
[2025-04-29 12:43:40] Actualizado: Producto ID 271: 58.00 → 87.0000
[2025-04-29 12:43:40] Actualizado: Producto ID 272: 16.00 → 24.0000
[2025-04-29 12:43:40] Actualizado: Producto ID 273: 37.00 → 55.5000
[2025-04-29 12:43:40] Actualizado: Producto ID 274: 100.00 → 150.0000
[2025-04-29 12:43:40] Actualizado: Producto ID 275: 47.00 → 70.5000
[2025-04-29 12:43:40] Actualizado: Producto ID 276: 63.00 → 94.5000
[2025-04-29 12:43:40] Actualizado: Producto ID 277: 58.00 → 87.0000
[2025-04-29 12:43:40] Actualizado: Producto ID 279: 16.00 → 24.0000
[2025-04-29 12:43:41] Actualizado: Producto ID 280: 63.00 → 94.5000
[2025-04-29 12:43:41] Actualizado: Producto ID 281: 58.00 → 87.0000
[2025-04-29 12:43:41] Actualizado: Producto ID 284: 1505.00 → 2257.5000
[2025-04-29 12:43:41] Actualizado: Producto ID 285: 874.00 → 1311.0000
[2025-04-29 12:43:41] Actualizado: Producto ID 286: 432.00 → 648.0000
[2025-04-29 12:43:41] Actualizado: Producto ID 287: 332.00 → 498.0000
[2025-04-29 12:43:41] Actualizado: Producto ID 288: 405.00 → 607.5000
[2025-04-29 12:43:41] Actualizado: Producto ID 249: 68.00 → 102.0000
[2025-04-29 12:43:42] Actualizado: Producto ID 292: 1016.00 → 1524.0000
[2025-04-29 12:43:42] Actualizado: Producto ID 293: 326.00 → 489.0000
[2025-04-29 12:43:42] Actualizado: Producto ID 290: 779.00 → 1168.5000
[2025-04-29 12:43:42] Actualizado: Producto ID 295: 26.00 → 39.0000
[2025-04-29 12:43:42] Actualizado: Producto ID 296: 195.00 → 292.5000
[2025-04-29 12:43:42] Actualizado: Producto ID 299: 42.00 → 63.0000
[2025-04-29 12:43:42] Actualizado: Producto ID 300: 68.00 → 102.0000
[2025-04-29 12:43:42] Actualizado: Producto ID 301: 53.00 → 79.5000
[2025-04-29 12:43:42] Actualizado: Producto ID 302: 95.00 → 142.5000
[2025-04-29 12:43:42] Actualizado: Producto ID 303: 121.00 → 181.5000
[2025-04-29 12:43:43] Actualizado: Producto ID 304: 116.00 → 174.0000
[2025-04-29 12:43:43] Actualizado: Producto ID 305: 132.00 → 198.0000
[2025-04-29 12:43:43] Actualizado: Producto ID 306: 263.00 → 394.5000
[2025-04-29 12:43:43] Actualizado: Producto ID 307: 137.00 → 205.5000
[2025-04-29 12:43:43] Actualizado: Producto ID 308: 132.00 → 198.0000
[2025-04-29 12:43:43] Actualizado: Producto ID 309: 132.00 → 198.0000
[2025-04-29 12:43:43] Actualizado: Producto ID 310: 116.00 → 174.0000
[2025-04-29 12:43:43] Progreso: 300/499 (60.1%) - Tiempo: 27.60s
[2025-04-29 12:43:43] Actualizado: Producto ID 311: 16.00 → 24.0000
[2025-04-29 12:43:43] Actualizado: Producto ID 312: 53.00 → 79.5000
[2025-04-29 12:43:43] Actualizado: Producto ID 313: 32.00 → 48.0000
[2025-04-29 12:43:43] Actualizado: Producto ID 314: 21.00 → 31.5000
[2025-04-29 12:43:44] Actualizado: Producto ID 315: 32.00 → 48.0000
[2025-04-29 12:43:44] Actualizado: Producto ID 316: 2.00 → 3.0000
[2025-04-29 12:43:44] Actualizado: Producto ID 317: 63.00 → 94.5000
[2025-04-29 12:43:44] Actualizado: Producto ID 318: 63.00 → 94.5000
[2025-04-29 12:43:44] Actualizado: Producto ID 319: 105.00 → 157.5000
[2025-04-29 12:43:44] Actualizado: Producto ID 320: 74.00 → 111.0000
[2025-04-29 12:43:44] Actualizado: Producto ID 321: 68.00 → 102.0000
[2025-04-29 12:43:44] Actualizado: Producto ID 323: 53.00 → 79.5000
[2025-04-29 12:43:44] Actualizado: Producto ID 324: 37.00 → 55.5000
[2025-04-29 12:43:44] Actualizado: Producto ID 325: 26.00 → 39.0000
[2025-04-29 12:43:45] Actualizado: Producto ID 326: 16.00 → 24.0000
[2025-04-29 12:43:45] Actualizado: Producto ID 327: 37.00 → 55.5000
[2025-04-29 12:43:45] Actualizado: Producto ID 328: 132.00 → 198.0000
[2025-04-29 12:43:45] Actualizado: Producto ID 329: 121.00 → 181.5000
[2025-04-29 12:43:45] Actualizado: Producto ID 330: 137.00 → 205.5000
[2025-04-29 12:43:45] Actualizado: Producto ID 333: 37.00 → 55.5000
[2025-04-29 12:43:45] Actualizado: Producto ID 334: 211.00 → 316.5000
[2025-04-29 12:43:45] Actualizado: Producto ID 336: 16.00 → 24.0000
[2025-04-29 12:43:45] Actualizado: Producto ID 337: 137.00 → 205.5000
[2025-04-29 12:43:46] Actualizado: Producto ID 338: 100.00 → 150.0000
[2025-04-29 12:43:46] Actualizado: Producto ID 339: 42.00 → 63.0000
[2025-04-29 12:43:46] Actualizado: Producto ID 340: 126.00 → 189.0000
[2025-04-29 12:43:46] Actualizado: Producto ID 341: 116.00 → 174.0000
[2025-04-29 12:43:46] Actualizado: Producto ID 342: 84.00 → 126.0000
[2025-04-29 12:43:46] Actualizado: Producto ID 343: 89.00 → 133.5000
[2025-04-29 12:43:46] Actualizado: Producto ID 344: 26.00 → 39.0000
[2025-04-29 12:43:46] Actualizado: Producto ID 345: 47.00 → 70.5000
[2025-04-29 12:43:46] Actualizado: Producto ID 346: 32.00 → 48.0000
[2025-04-29 12:43:47] Actualizado: Producto ID 347: 11.00 → 16.5000
[2025-04-29 12:43:47] Actualizado: Producto ID 348: 11.00 → 16.5000
[2025-04-29 12:43:47] Actualizado: Producto ID 349: 5.00 → 7.5000
[2025-04-29 12:43:47] Actualizado: Producto ID 350: 58.00 → 87.0000
[2025-04-29 12:43:47] Actualizado: Producto ID 351: 42.00 → 63.0000
[2025-04-29 12:43:47] Actualizado: Producto ID 352: 16.00 → 24.0000
[2025-04-29 12:43:47] Actualizado: Producto ID 353: 37.00 → 55.5000
[2025-04-29 12:43:47] Actualizado: Producto ID 354: 116.00 → 174.0000
[2025-04-29 12:43:47] Actualizado: Producto ID 355: 11.00 → 16.5000
[2025-04-29 12:43:47] Actualizado: Producto ID 357: 21.00 → 31.5000
[2025-04-29 12:43:47] Actualizado: Producto ID 358: 26.00 → 39.0000
[2025-04-29 12:43:47] Actualizado: Producto ID 359: 68.00 → 102.0000
[2025-04-29 12:43:47] Actualizado: Producto ID 360: 26.00 → 39.0000
[2025-04-29 12:43:48] Actualizado: Producto ID 361: 11.00 → 16.5000
[2025-04-29 12:43:48] Actualizado: Producto ID 362: 68.00 → 102.0000
[2025-04-29 12:43:48] Actualizado: Producto ID 363: 2.00 → 3.0000
[2025-04-29 12:43:48] Actualizado: Producto ID 364: 5.00 → 7.5000
[2025-04-29 12:43:48] Actualizado: Producto ID 366: 42.00 → 63.0000
[2025-04-29 12:43:48] Progreso: 350/499 (70.1%) - Tiempo: 32.41s
[2025-04-29 12:43:48] Actualizado: Producto ID 367: 216.00 → 324.0000
[2025-04-29 12:43:48] Actualizado: Producto ID 368: 84.00 → 126.0000
[2025-04-29 12:43:48] Actualizado: Producto ID 369: 84.00 → 126.0000
[2025-04-29 12:43:48] Actualizado: Producto ID 370: 121.00 → 181.5000
[2025-04-29 12:43:48] Actualizado: Producto ID 371: 89.00 → 133.5000
[2025-04-29 12:43:48] Actualizado: Producto ID 372: 53.00 → 79.5000
[2025-04-29 12:43:49] Actualizado: Producto ID 377: 126.00 → 189.0000
[2025-04-29 12:43:49] Actualizado: Producto ID 378: 126.00 → 189.0000
[2025-04-29 12:43:49] Actualizado: Producto ID 379: 121.00 → 181.5000
[2025-04-29 12:43:49] Actualizado: Producto ID 380: 16.00 → 24.0000
[2025-04-29 12:43:49] Actualizado: Producto ID 381: 47.00 → 70.5000
[2025-04-29 12:43:49] Actualizado: Producto ID 382: 358.00 → 537.0000
[2025-04-29 12:43:49] Actualizado: Producto ID 383: 37.00 → 55.5000
[2025-04-29 12:43:49] Actualizado: Producto ID 384: 32.00 → 48.0000
[2025-04-29 12:43:49] Actualizado: Producto ID 385: 489.00 → 733.5000
[2025-04-29 12:43:49] Actualizado: Producto ID 386: 184.00 → 276.0000
[2025-04-29 12:43:49] Actualizado: Producto ID 387: 63.00 → 94.5000
[2025-04-29 12:43:50] Actualizado: Producto ID 388: 153.00 → 229.5000
[2025-04-29 12:43:50] Actualizado: Producto ID 392: 37.00 → 55.5000
[2025-04-29 12:43:50] Actualizado: Producto ID 393: 63.00 → 94.5000
[2025-04-29 12:43:50] Actualizado: Producto ID 394: 53.00 → 79.5000
[2025-04-29 12:43:50] Actualizado: Producto ID 395: 63.00 → 94.5000
[2025-04-29 12:43:50] Actualizado: Producto ID 396: 11.00 → 16.5000
[2025-04-29 12:43:50] Actualizado: Producto ID 397: 400.00 → 600.0000
[2025-04-29 12:43:50] Actualizado: Producto ID 398: 26.00 → 39.0000
[2025-04-29 12:43:50] Actualizado: Producto ID 400: 53.00 → 79.5000
[2025-04-29 12:43:50] Actualizado: Producto ID 402: 26.00 → 39.0000
[2025-04-29 12:43:50] Actualizado: Producto ID 403: 37.00 → 55.5000
[2025-04-29 12:43:51] Actualizado: Producto ID 404: 26.00 → 39.0000
[2025-04-29 12:43:51] Actualizado: Producto ID 405: 53.00 → 79.5000
[2025-04-29 12:43:51] Actualizado: Producto ID 406: 105.00 → 157.5000
[2025-04-29 12:43:51] Actualizado: Producto ID 407: 42.00 → 63.0000
[2025-04-29 12:43:51] Actualizado: Producto ID 408: 16.00 → 24.0000
[2025-04-29 12:43:51] Actualizado: Producto ID 409: 11.00 → 16.5000
[2025-04-29 12:43:51] Actualizado: Producto ID 374: 100.00 → 150.0000
[2025-04-29 12:43:51] Actualizado: Producto ID 375: 158.00 → 237.0000
[2025-04-29 12:43:51] Actualizado: Producto ID 414: 516.00 → 774.0000
[2025-04-29 12:43:51] Actualizado: Producto ID 415: 368.00 → 552.0000
[2025-04-29 12:43:51] Actualizado: Producto ID 416: 121.00 → 181.5000
[2025-04-29 12:43:51] Actualizado: Producto ID 417: 37.00 → 55.5000
[2025-04-29 12:43:51] Actualizado: Producto ID 418: 116.00 → 174.0000
[2025-04-29 12:43:52] Actualizado: Producto ID 419: 147.00 → 220.5000
[2025-04-29 12:43:52] Actualizado: Producto ID 420: 16.00 → 24.0000
[2025-04-29 12:43:52] Actualizado: Producto ID 421: 16.00 → 24.0000
[2025-04-29 12:43:52] Actualizado: Producto ID 422: 16.00 → 24.0000
[2025-04-29 12:43:52] Actualizado: Producto ID 423: 16.00 → 24.0000
[2025-04-29 12:43:52] Actualizado: Producto ID 424: 53.00 → 79.5000
[2025-04-29 12:43:52] Actualizado: Producto ID 427: 100.00 → 150.0000
[2025-04-29 12:43:52] Actualizado: Producto ID 428: 37.00 → 55.5000
[2025-04-29 12:43:52] Actualizado: Producto ID 429: 105.00 → 157.5000
[2025-04-29 12:43:52] Progreso: 400/499 (80.2%) - Tiempo: 36.77s
[2025-04-29 12:43:52] Actualizado: Producto ID 430: 21.00 → 31.5000
[2025-04-29 12:43:52] Actualizado: Producto ID 431: 63.00 → 94.5000
[2025-04-29 12:43:52] Actualizado: Producto ID 432: 121.00 → 181.5000
[2025-04-29 12:43:53] Actualizado: Producto ID 433: 74.00 → 111.0000
[2025-04-29 12:43:53] Actualizado: Producto ID 434: 89.00 → 133.5000
[2025-04-29 12:43:53] Actualizado: Producto ID 435: 58.00 → 87.0000
[2025-04-29 12:43:53] Actualizado: Producto ID 436: 53.00 → 79.5000
[2025-04-29 12:43:53] Actualizado: Producto ID 437: 147.00 → 220.5000
[2025-04-29 12:43:53] Actualizado: Producto ID 438: 968.00 → 1452.0000
[2025-04-29 12:43:53] Actualizado: Producto ID 439: 505.00 → 757.5000
[2025-04-29 12:43:53] Actualizado: Producto ID 440: 121.00 → 181.5000
[2025-04-29 12:43:53] Actualizado: Producto ID 441: 105.00 → 157.5000
[2025-04-29 12:43:53] Actualizado: Producto ID 442: 53.00 → 79.5000
[2025-04-29 12:43:53] Actualizado: Producto ID 443: 168.00 → 252.0000
[2025-04-29 12:43:53] Actualizado: Producto ID 444: 289.00 → 433.5000
[2025-04-29 12:43:54] Actualizado: Producto ID 445: 142.00 → 213.0000
[2025-04-29 12:43:54] Actualizado: Producto ID 446: 142.00 → 213.0000
[2025-04-29 12:43:54] Actualizado: Producto ID 448: 74.00 → 111.0000
[2025-04-29 12:43:54] Actualizado: Producto ID 449: 47.00 → 70.5000
[2025-04-29 12:43:54] Actualizado: Producto ID 450: 163.00 → 244.5000
[2025-04-29 12:43:54] Actualizado: Producto ID 451: 42.00 → 63.0000
[2025-04-29 12:43:54] Actualizado: Producto ID 452: 584.00 → 876.0000
[2025-04-29 12:43:54] Actualizado: Producto ID 454: 68.00 → 102.0000
[2025-04-29 12:43:54] Actualizado: Producto ID 455: 211.00 → 316.5000
[2025-04-29 12:43:54] Actualizado: Producto ID 456: 16.00 → 24.0000
[2025-04-29 12:43:54] Actualizado: Producto ID 457: 926.00 → 1389.0000
[2025-04-29 12:43:55] Actualizado: Producto ID 458: 68.00 → 102.0000
[2025-04-29 12:43:55] Actualizado: Producto ID 459: 147.00 → 220.5000
[2025-04-29 12:43:55] Actualizado: Producto ID 460: 74.00 → 111.0000
[2025-04-29 12:43:55] Actualizado: Producto ID 461: 153.00 → 229.5000
[2025-04-29 12:43:55] Actualizado: Producto ID 462: 89.00 → 133.5000
[2025-04-29 12:43:55] Actualizado: Producto ID 463: 105.00 → 157.5000
[2025-04-29 12:43:55] Actualizado: Producto ID 464: 105.00 → 157.5000
[2025-04-29 12:43:55] Actualizado: Producto ID 465: 21.00 → 31.5000
[2025-04-29 12:43:55] Actualizado: Producto ID 466: 11.00 → 16.5000
[2025-04-29 12:43:55] Actualizado: Producto ID 467: 174.00 → 261.0000
[2025-04-29 12:43:55] Actualizado: Producto ID 468: 358.00 → 537.0000
[2025-04-29 12:43:55] Actualizado: Producto ID 469: 105.00 → 157.5000
[2025-04-29 12:43:55] Actualizado: Producto ID 470: 158.00 → 237.0000
[2025-04-29 12:43:56] Actualizado: Producto ID 471: 184.00 → 276.0000
[2025-04-29 12:43:56] Actualizado: Producto ID 472: 79.00 → 118.5000
[2025-04-29 12:43:56] Actualizado: Producto ID 473: 95.00 → 142.5000
[2025-04-29 12:43:56] Actualizado: Producto ID 474: 132.00 → 198.0000
[2025-04-29 12:43:56] Actualizado: Producto ID 475: 126.00 → 189.0000
[2025-04-29 12:43:56] Actualizado: Producto ID 476: 216.00 → 324.0000
[2025-04-29 12:43:56] Actualizado: Producto ID 477: 95.00 → 142.5000
[2025-04-29 12:43:56] Actualizado: Producto ID 478: 74.00 → 111.0000
[2025-04-29 12:43:56] Actualizado: Producto ID 479: 189.00 → 283.5000
[2025-04-29 12:43:56] Actualizado: Producto ID 480: 74.00 → 111.0000
[2025-04-29 12:43:56] Actualizado: Producto ID 481: 100.00 → 150.0000
[2025-04-29 12:43:56] Progreso: 450/499 (90.2%) - Tiempo: 40.90s
[2025-04-29 12:43:56] Actualizado: Producto ID 482: 116.00 → 174.0000
[2025-04-29 12:43:57] Actualizado: Producto ID 483: 89.00 → 133.5000
[2025-04-29 12:43:57] Actualizado: Producto ID 485: 47.00 → 70.5000
[2025-04-29 12:43:57] Actualizado: Producto ID 487: 58.00 → 87.0000
[2025-04-29 12:43:57] Actualizado: Producto ID 489: 53.00 → 79.5000
[2025-04-29 12:43:57] Actualizado: Producto ID 490: 32.00 → 48.0000
[2025-04-29 12:43:57] Actualizado: Producto ID 491: 16.00 → 24.0000
[2025-04-29 12:43:57] Actualizado: Producto ID 492: 126.00 → 189.0000
[2025-04-29 12:43:57] Actualizado: Producto ID 493: 200.00 → 300.0000
[2025-04-29 12:43:57] Actualizado: Producto ID 494: 21.00 → 31.5000
[2025-04-29 12:43:57] Actualizado: Producto ID 495: 74.00 → 111.0000
[2025-04-29 12:43:57] Actualizado: Producto ID 496: 37.00 → 55.5000
[2025-04-29 12:43:58] Actualizado: Producto ID 497: 26.00 → 39.0000
[2025-04-29 12:43:58] Actualizado: Producto ID 498: 89.00 → 133.5000
[2025-04-29 12:43:58] Actualizado: Producto ID 499: 111.00 → 166.5000
[2025-04-29 12:43:58] Actualizado: Producto ID 500: 53.00 → 79.5000
[2025-04-29 12:43:58] Actualizado: Producto ID 502: 105.00 → 157.5000
[2025-04-29 12:43:58] Actualizado: Producto ID 503: 47.00 → 70.5000
[2025-04-29 12:43:58] Actualizado: Producto ID 504: 100.00 → 150.0000
[2025-04-29 12:43:58] Actualizado: Producto ID 505: 21.00 → 31.5000
[2025-04-29 12:43:58] Actualizado: Producto ID 507: 132.00 → 198.0000
[2025-04-29 12:43:58] Actualizado: Producto ID 508: 95.00 → 142.5000
[2025-04-29 12:43:58] Actualizado: Producto ID 509: 63.00 → 94.5000
[2025-04-29 12:43:58] Actualizado: Producto ID 510: 747.00 → 1120.5000
[2025-04-29 12:43:59] Actualizado: Producto ID 511: 358.00 → 537.0000
[2025-04-29 12:43:59] Actualizado: Producto ID 512: 295.00 → 442.5000
[2025-04-29 12:43:59] Actualizado: Producto ID 513: 95.00 → 142.5000
[2025-04-29 12:43:59] Actualizado: Producto ID 514: 142.00 → 213.0000
[2025-04-29 12:43:59] Actualizado: Producto ID 1: 41.00 → 61.5000
[2025-04-29 12:43:59] Actualizado: Producto ID 18: 163.00 → 244.5000
[2025-04-29 12:43:59] Actualizado: Producto ID 43: 137.00 → 205.5000
[2025-04-29 12:43:59] Actualizado: Producto ID 76: 11.00 → 16.5000
[2025-04-29 12:43:59] Actualizado: Producto ID 84: 37.00 → 55.5000
[2025-04-29 12:43:59] Actualizado: Producto ID 100: 26.00 → 39.0000
[2025-04-29 12:43:59] Actualizado: Producto ID 125: 63.00 → 94.5000
[2025-04-29 12:44:00] Actualizado: Producto ID 151: 184.00 → 276.0000
[2025-04-29 12:44:00] Actualizado: Producto ID 166: 121.00 → 181.5000
[2025-04-29 12:44:00] Actualizado: Producto ID 196: 163.00 → 244.5000
[2025-04-29 12:44:00] Actualizado: Producto ID 207: 79.00 → 118.5000
[2025-04-29 12:44:00] Actualizado: Producto ID 232: 221.00 → 331.5000
[2025-04-29 12:44:00] Actualizado: Producto ID 248: 58.00 → 87.0000
[2025-04-29 12:44:00] Actualizado: Producto ID 278: 53.00 → 79.5000
[2025-04-29 12:44:00] Actualizado: Producto ID 289: 468.00 → 702.0000
[2025-04-29 12:44:00] Actualizado: Producto ID 297: 95.00 → 142.5000
[2025-04-29 12:44:00] Actualizado: Producto ID 331: 42.00 → 63.0000
[2025-04-29 12:44:01] Actualizado: Producto ID 335: 47.00 → 70.5000
[2025-04-29 12:44:01] Actualizado: Producto ID 373: 95.00 → 142.5000
[2025-04-29 12:44:01] Actualizado: Producto ID 298: 179.00 → 268.5000
[2025-04-29 12:44:01] Actualizado: Producto ID 15: 116.00 → 174.0000
[2025-04-29 12:44:01] Progreso: 499/499 (100.0%) - Tiempo: 45.39s
[2025-04-29 12:44:01] Actualizado: Producto ID 86: 42.00 → 63.0000
[2025-04-29 12:44:01] ==== RESUMEN DE ACTUALIZACIÓN ====
[2025-04-29 12:44:01] Total productos revisados: 499
[2025-04-29 12:44:01] Productos actualizados: 499
[2025-04-29 12:44:01] Productos sin cambios: 0
[2025-04-29 12:44:01] Tasa aplicada: 150
[2025-04-29 12:44:01] Tiempo total: 45.53 segundos
[2025-04-29 12:44:01] Velocidad: 10.96 productos/segundo
[2025-04-29 12:44:01] Conexión cerrada. Proceso completado.
[2025-04-29 12:44:01] === FIN DE ACTUALIZACIÓN DE PRECIOS BASE ===
[2025-04-29 12:54:10] === INICIO DE ACTUALIZACIÓN DE PRECIOS BASE ===
[2025-04-29 12:54:10] Intentando conectar a bodegaclicktest en ep-withered-heart-a4btm25j-pooler.us-east-1.aws.neon.tech...
[2025-04-29 12:54:13] Conexión exitosa a la base de datos: bodegaclicktest
[2025-04-29 12:54:17] Tasa confirmada: 120
[2025-04-29 12:54:17] Consultando productos con precio_base_usd > 0...
[2025-04-29 12:54:17] Se encontraron 499 productos para revisar
[2025-04-29 12:54:17] Actualizado: Producto ID 3: 450.00 → 360.0
[2025-04-29 12:54:17] Actualizado: Producto ID 4: 150.00 → 120.0
[2025-04-29 12:54:18] Actualizado: Producto ID 5: 126.00 → 100.0
[2025-04-29 12:54:18] Actualizado: Producto ID 6: 268.50 → 215.0
[2025-04-29 12:54:18] Actualizado: Producto ID 7: 16.50 → 15.0
[2025-04-29 12:54:18] Actualizado: Producto ID 8: 39.00 → 35.0
[2025-04-29 12:54:18] Actualizado: Producto ID 9: 55.50 → 45.0
[2025-04-29 12:54:18] Actualizado: Producto ID 10: 213.00 → 170.0
[2025-04-29 12:54:18] Actualizado: Producto ID 11: 789.00 → 635.0
[2025-04-29 12:54:18] Actualizado: Producto ID 12: 126.00 → 100.0
[2025-04-29 12:54:18] Actualizado: Producto ID 13: 142.50 → 115.0
[2025-04-29 12:54:18] Actualizado: Producto ID 14: 142.50 → 115.0
[2025-04-29 12:54:19] Actualizado: Producto ID 16: 150.00 → 120.0
[2025-04-29 12:54:19] Actualizado: Producto ID 17: 166.50 → 135.0
[2025-04-29 12:54:19] Actualizado: Producto ID 19: 1.50 → 1.0
[2025-04-29 12:54:19] Actualizado: Producto ID 20: 181.50 → 145.0
[2025-04-29 12:54:19] Actualizado: Producto ID 21: 198.00 → 160.0
[2025-04-29 12:54:19] Actualizado: Producto ID 22: 198.00 → 160.0
[2025-04-29 12:54:19] Actualizado: Producto ID 23: 79.50 → 65.0
[2025-04-29 12:54:19] Actualizado: Producto ID 24: 118.50 → 95.0
[2025-04-29 12:54:19] Actualizado: Producto ID 25: 111.00 → 90.0
[2025-04-29 12:54:19] Actualizado: Producto ID 26: 213.00 → 170.0
[2025-04-29 12:54:19] Actualizado: Producto ID 27: 205.50 → 165.0
[2025-04-29 12:54:20] Actualizado: Producto ID 28: 24.00 → 20.0
[2025-04-29 12:54:20] Actualizado: Producto ID 29: 63.00 → 50.0
[2025-04-29 12:54:20] Actualizado: Producto ID 30: 39.00 → 35.0
[2025-04-29 12:54:20] Actualizado: Producto ID 31: 48.00 → 40.0
[2025-04-29 12:54:20] Actualizado: Producto ID 32: 48.00 → 40.0
[2025-04-29 12:54:20] Actualizado: Producto ID 33: 55.50 → 45.0
[2025-04-29 12:54:20] Actualizado: Producto ID 34: 174.00 → 140.0
[2025-04-29 12:54:20] Actualizado: Producto ID 35: 189.00 → 155.0
[2025-04-29 12:54:20] Actualizado: Producto ID 36: 331.50 → 265.0
[2025-04-29 12:54:20] Actualizado: Producto ID 37: 979.50 → 785.0
[2025-04-29 12:54:20] Actualizado: Producto ID 38: 316.50 → 255.0
[2025-04-29 12:54:20] Actualizado: Producto ID 39: 133.50 → 110.0
[2025-04-29 12:54:21] Actualizado: Producto ID 40: 205.50 → 165.0
[2025-04-29 12:54:21] Actualizado: Producto ID 41: 94.50 → 75.0
[2025-04-29 12:54:21] Actualizado: Producto ID 42: 7.50 → 10.0
[2025-04-29 12:54:21] Actualizado: Producto ID 2: 7.50 → 10.0
[2025-04-29 12:54:21] Actualizado: Producto ID 46: 48.00 → 40.0
[2025-04-29 12:54:21] Actualizado: Producto ID 45: 229.50 → 185.0
[2025-04-29 12:54:21] Actualizado: Producto ID 47: 102.00 → 85.0
[2025-04-29 12:54:21] Actualizado: Producto ID 48: 126.00 → 100.0
[2025-04-29 12:54:21] Actualizado: Producto ID 49: 157.50 → 130.0
[2025-04-29 12:54:21] Actualizado: Producto ID 50: 166.50 → 135.0
[2025-04-29 12:54:21] Actualizado: Producto ID 51: 498.00 → 400.0
[2025-04-29 12:54:22] Actualizado: Producto ID 52: 394.50 → 315.0
[2025-04-29 12:54:22] Actualizado: Producto ID 53: 283.50 → 230.0
[2025-04-29 12:54:22] Actualizado: Producto ID 54: 87.00 → 70.0
[2025-04-29 12:54:22] Progreso: 50/499 (10.0%) - Tiempo: 4.62s
[2025-04-29 12:54:22] Actualizado: Producto ID 55: 55.50 → 45.0
[2025-04-29 12:54:22] Actualizado: Producto ID 56: 3.00 → 2.0
[2025-04-29 12:54:22] Actualizado: Producto ID 57: 292.50 → 235.0
[2025-04-29 12:54:22] Actualizado: Producto ID 58: 133.50 → 110.0
[2025-04-29 12:54:22] Actualizado: Producto ID 59: 63.00 → 50.0
[2025-04-29 12:54:22] Actualizado: Producto ID 60: 181.50 → 145.0
[2025-04-29 12:54:22] Actualizado: Producto ID 61: 16.50 → 15.0
[2025-04-29 12:54:23] Actualizado: Producto ID 62: 24.00 → 20.0
[2025-04-29 12:54:23] Actualizado: Producto ID 63: 498.00 → 400.0
[2025-04-29 12:54:23] Actualizado: Producto ID 64: 142.50 → 115.0
[2025-04-29 12:54:23] Actualizado: Producto ID 65: 133.50 → 110.0
[2025-04-29 12:54:23] Actualizado: Producto ID 66: 213.00 → 170.0
[2025-04-29 12:54:23] Actualizado: Producto ID 67: 198.00 → 160.0
[2025-04-29 12:54:23] Actualizado: Producto ID 68: 31.50 → 25.0
[2025-04-29 12:54:23] Actualizado: Producto ID 69: 39.00 → 35.0
[2025-04-29 12:54:23] Actualizado: Producto ID 70: 142.50 → 115.0
[2025-04-29 12:54:23] Actualizado: Producto ID 71: 55.50 → 45.0
[2025-04-29 12:54:23] Actualizado: Producto ID 72: 111.00 → 90.0
[2025-04-29 12:54:24] Actualizado: Producto ID 73: 16.50 → 15.0
[2025-04-29 12:54:24] Actualizado: Producto ID 74: 24.00 → 20.0
[2025-04-29 12:54:24] Actualizado: Producto ID 75: 48.00 → 40.0
[2025-04-29 12:54:24] Actualizado: Producto ID 77: 166.50 → 135.0
[2025-04-29 12:54:24] Actualizado: Producto ID 78: 55.50 → 45.0
[2025-04-29 12:54:24] Actualizado: Producto ID 79: 48.00 → 40.0
[2025-04-29 12:54:24] Actualizado: Producto ID 80: 24.00 → 20.0
[2025-04-29 12:54:24] Actualizado: Producto ID 81: 16.50 → 15.0
[2025-04-29 12:54:24] Actualizado: Producto ID 82: 31.50 → 25.0
[2025-04-29 12:54:24] Actualizado: Producto ID 83: 505.50 → 405.0
[2025-04-29 12:54:24] Actualizado: Producto ID 44: 181.50 → 145.0
[2025-04-29 12:54:25] Actualizado: Producto ID 88: 213.00 → 170.0
[2025-04-29 12:54:25] Actualizado: Producto ID 87: 48.00 → 40.0
[2025-04-29 12:54:25] Actualizado: Producto ID 108: 150.00 → 120.0
[2025-04-29 12:54:25] Actualizado: Producto ID 89: 126.00 → 100.0
[2025-04-29 12:54:25] Actualizado: Producto ID 90: 418.50 → 335.0
[2025-04-29 12:54:25] Actualizado: Producto ID 91: 63.00 → 50.0
[2025-04-29 12:54:25] Actualizado: Producto ID 92: 111.00 → 90.0
[2025-04-29 12:54:25] Actualizado: Producto ID 93: 70.50 → 60.0
[2025-04-29 12:54:25] Actualizado: Producto ID 94: 307.50 → 250.0
[2025-04-29 12:54:25] Actualizado: Producto ID 95: 520.50 → 420.0
[2025-04-29 12:54:25] Actualizado: Producto ID 96: 102.00 → 85.0
[2025-04-29 12:54:25] Actualizado: Producto ID 97: 55.50 → 45.0
[2025-04-29 12:54:25] Actualizado: Producto ID 98: 24.00 → 20.0
[2025-04-29 12:54:26] Actualizado: Producto ID 99: 16.50 → 15.0
[2025-04-29 12:54:26] Actualizado: Producto ID 101: 31.50 → 25.0
[2025-04-29 12:54:26] Actualizado: Producto ID 102: 174.00 → 140.0
[2025-04-29 12:54:26] Actualizado: Producto ID 103: 181.50 → 145.0
[2025-04-29 12:54:26] Actualizado: Producto ID 104: 292.50 → 235.0
[2025-04-29 12:54:26] Actualizado: Producto ID 105: 307.50 → 250.0
[2025-04-29 12:54:26] Actualizado: Producto ID 106: 79.50 → 65.0
[2025-04-29 12:54:26] Actualizado: Producto ID 107: 63.00 → 50.0
[2025-04-29 12:54:26] Progreso: 100/499 (20.0%) - Tiempo: 9.06s
[2025-04-29 12:54:26] Actualizado: Producto ID 109: 126.00 → 100.0
[2025-04-29 12:54:26] Actualizado: Producto ID 110: 150.00 → 120.0
[2025-04-29 12:54:27] Actualizado: Producto ID 111: 126.00 → 100.0
[2025-04-29 12:54:27] Actualizado: Producto ID 112: 150.00 → 120.0
[2025-04-29 12:54:27] Actualizado: Producto ID 113: 268.50 → 215.0
[2025-04-29 12:54:27] Actualizado: Producto ID 114: 166.50 → 135.0
[2025-04-29 12:54:27] Actualizado: Producto ID 115: 1.50 → 1.0
[2025-04-29 12:54:27] Actualizado: Producto ID 116: 31.50 → 25.0
[2025-04-29 12:54:27] Actualizado: Producto ID 117: 55.50 → 45.0
[2025-04-29 12:54:27] Actualizado: Producto ID 118: 31.50 → 25.0
[2025-04-29 12:54:28] Actualizado: Producto ID 119: 118.50 → 95.0
[2025-04-29 12:54:28] Actualizado: Producto ID 121: 39.00 → 35.0
[2025-04-29 12:54:28] Actualizado: Producto ID 122: 63.00 → 50.0
[2025-04-29 12:54:28] Actualizado: Producto ID 123: 150.00 → 120.0
[2025-04-29 12:54:28] Actualizado: Producto ID 124: 102.00 → 85.0
[2025-04-29 12:54:28] Actualizado: Producto ID 85: 181.50 → 145.0
[2025-04-29 12:54:28] Actualizado: Producto ID 128: 157.50 → 130.0
[2025-04-29 12:54:28] Actualizado: Producto ID 127: 63.00 → 50.0
[2025-04-29 12:54:28] Actualizado: Producto ID 129: 142.50 → 115.0
[2025-04-29 12:54:28] Actualizado: Producto ID 130: 79.50 → 65.0
[2025-04-29 12:54:28] Actualizado: Producto ID 131: 142.50 → 115.0
[2025-04-29 12:54:28] Actualizado: Producto ID 132: 118.50 → 95.0
[2025-04-29 12:54:29] Actualizado: Producto ID 133: 87.00 → 70.0
[2025-04-29 12:54:29] Actualizado: Producto ID 134: 102.00 → 85.0
[2025-04-29 12:54:29] Actualizado: Producto ID 135: 55.50 → 45.0
[2025-04-29 12:54:29] Actualizado: Producto ID 136: 276.00 → 220.0
[2025-04-29 12:54:29] Actualizado: Producto ID 137: 48.00 → 40.0
[2025-04-29 12:54:29] Actualizado: Producto ID 138: 205.50 → 165.0
[2025-04-29 12:54:29] Actualizado: Producto ID 139: 133.50 → 110.0
[2025-04-29 12:54:29] Actualizado: Producto ID 140: 7.50 → 10.0
[2025-04-29 12:54:29] Actualizado: Producto ID 141: 55.50 → 45.0
[2025-04-29 12:54:30] Actualizado: Producto ID 142: 87.00 → 70.0
[2025-04-29 12:54:30] Actualizado: Producto ID 143: 55.50 → 45.0
[2025-04-29 12:54:30] Actualizado: Producto ID 144: 24.00 → 20.0
[2025-04-29 12:54:30] Actualizado: Producto ID 145: 24.00 → 20.0
[2025-04-29 12:54:30] Actualizado: Producto ID 146: 174.00 → 140.0
[2025-04-29 12:54:30] Actualizado: Producto ID 147: 220.50 → 180.0
[2025-04-29 12:54:30] Actualizado: Producto ID 148: 252.00 → 205.0
[2025-04-29 12:54:30] Actualizado: Producto ID 149: 181.50 → 145.0
[2025-04-29 12:54:30] Actualizado: Producto ID 150: 300.00 → 240.0
[2025-04-29 12:54:30] Actualizado: Producto ID 152: 300.00 → 240.0
[2025-04-29 12:54:30] Actualizado: Producto ID 153: 324.00 → 260.0
[2025-04-29 12:54:31] Actualizado: Producto ID 154: 229.50 → 185.0
[2025-04-29 12:54:31] Actualizado: Producto ID 155: 220.50 → 180.0
[2025-04-29 12:54:31] Actualizado: Producto ID 156: 252.00 → 205.0
[2025-04-29 12:54:31] Actualizado: Producto ID 157: 63.00 → 50.0
[2025-04-29 12:54:31] Actualizado: Producto ID 158: 331.50 → 265.0
[2025-04-29 12:54:31] Actualizado: Producto ID 159: 24.00 → 20.0
[2025-04-29 12:54:31] Actualizado: Producto ID 160: 111.00 → 90.0
[2025-04-29 12:54:31] Actualizado: Producto ID 161: 324.00 → 260.0
[2025-04-29 12:54:31] Progreso: 150/499 (30.1%) - Tiempo: 14.07s
[2025-04-29 12:54:31] Actualizado: Producto ID 162: 87.00 → 70.0
[2025-04-29 12:54:31] Actualizado: Producto ID 163: 166.50 → 135.0
[2025-04-29 12:54:31] Actualizado: Producto ID 164: 229.50 → 185.0
[2025-04-29 12:54:32] Actualizado: Producto ID 165: 402.00 → 325.0
[2025-04-29 12:54:32] Actualizado: Producto ID 126: 300.00 → 240.0
[2025-04-29 12:54:32] Actualizado: Producto ID 169: 48.00 → 40.0
[2025-04-29 12:54:32] Actualizado: Producto ID 168: 39.00 → 35.0
[2025-04-29 12:54:32] Actualizado: Producto ID 170: 16.50 → 15.0
[2025-04-29 12:54:32] Actualizado: Producto ID 171: 157.50 → 130.0
[2025-04-29 12:54:32] Actualizado: Producto ID 172: 63.00 → 50.0
[2025-04-29 12:54:32] Actualizado: Producto ID 173: 229.50 → 185.0
[2025-04-29 12:54:32] Actualizado: Producto ID 174: 244.50 → 195.0
[2025-04-29 12:54:32] Actualizado: Producto ID 175: 237.00 → 190.0
[2025-04-29 12:54:32] Actualizado: Producto ID 176: 520.50 → 420.0
[2025-04-29 12:54:33] Actualizado: Producto ID 177: 220.50 → 180.0
[2025-04-29 12:54:33] Actualizado: Producto ID 178: 157.50 → 130.0
[2025-04-29 12:54:33] Actualizado: Producto ID 179: 252.00 → 205.0
[2025-04-29 12:54:33] Actualizado: Producto ID 180: 87.00 → 70.0
[2025-04-29 12:54:33] Actualizado: Producto ID 181: 55.50 → 45.0
[2025-04-29 12:54:33] Actualizado: Producto ID 182: 7.50 → 10.0
[2025-04-29 12:54:33] Actualizado: Producto ID 183: 7.50 → 10.0
[2025-04-29 12:54:33] Actualizado: Producto ID 184: 55.50 → 45.0
[2025-04-29 12:54:33] Actualizado: Producto ID 185: 24.00 → 20.0
[2025-04-29 12:54:33] Actualizado: Producto ID 186: 24.00 → 20.0
[2025-04-29 12:54:33] Actualizado: Producto ID 187: 16.50 → 15.0
[2025-04-29 12:54:33] Actualizado: Producto ID 188: 126.00 → 100.0
[2025-04-29 12:54:33] Actualizado: Producto ID 189: 55.50 → 45.0
[2025-04-29 12:54:34] Actualizado: Producto ID 190: 39.00 → 35.0
[2025-04-29 12:54:34] Actualizado: Producto ID 191: 252.00 → 205.0
[2025-04-29 12:54:34] Actualizado: Producto ID 192: 181.50 → 145.0
[2025-04-29 12:54:34] Actualizado: Producto ID 193: 39.00 → 35.0
[2025-04-29 12:54:34] Actualizado: Producto ID 194: 79.50 → 65.0
[2025-04-29 12:54:34] Actualizado: Producto ID 195: 24.00 → 20.0
[2025-04-29 12:54:34] Actualizado: Producto ID 197: 87.00 → 70.0
[2025-04-29 12:54:34] Actualizado: Producto ID 198: 63.00 → 50.0
[2025-04-29 12:54:34] Actualizado: Producto ID 199: 142.50 → 115.0
[2025-04-29 12:54:34] Actualizado: Producto ID 200: 166.50 → 135.0
[2025-04-29 12:54:34] Actualizado: Producto ID 201: 220.50 → 180.0
[2025-04-29 12:54:35] Actualizado: Producto ID 202: 79.50 → 65.0
[2025-04-29 12:54:35] Actualizado: Producto ID 203: 48.00 → 40.0
[2025-04-29 12:54:35] Actualizado: Producto ID 204: 48.00 → 40.0
[2025-04-29 12:54:35] Actualizado: Producto ID 205: 118.50 → 95.0
[2025-04-29 12:54:35] Actualizado: Producto ID 206: 102.00 → 85.0
[2025-04-29 12:54:35] Actualizado: Producto ID 167: 7.50 → 10.0
[2025-04-29 12:54:35] Actualizado: Producto ID 210: 133.50 → 110.0
[2025-04-29 12:54:35] Actualizado: Producto ID 209: 276.00 → 220.0
[2025-04-29 12:54:35] Actualizado: Producto ID 211: 39.00 → 35.0
[2025-04-29 12:54:35] Actualizado: Producto ID 212: 39.00 → 35.0
[2025-04-29 12:54:35] Actualizado: Producto ID 213: 150.00 → 120.0
[2025-04-29 12:54:35] Actualizado: Producto ID 214: 55.50 → 45.0
[2025-04-29 12:54:35] Progreso: 200/499 (40.1%) - Tiempo: 18.28s
[2025-04-29 12:54:36] Actualizado: Producto ID 215: 24.00 → 20.0
[2025-04-29 12:54:36] Actualizado: Producto ID 216: 118.50 → 95.0
[2025-04-29 12:54:36] Actualizado: Producto ID 217: 48.00 → 40.0
[2025-04-29 12:54:36] Actualizado: Producto ID 218: 979.50 → 785.0
[2025-04-29 12:54:36] Actualizado: Producto ID 219: 24.00 → 20.0
[2025-04-29 12:54:36] Actualizado: Producto ID 220: 24.00 → 20.0
[2025-04-29 12:54:36] Actualizado: Producto ID 221: 189.00 → 155.0
[2025-04-29 12:54:36] Actualizado: Producto ID 222: 142.50 → 115.0
[2025-04-29 12:54:36] Actualizado: Producto ID 223: 205.50 → 165.0
[2025-04-29 12:54:36] Actualizado: Producto ID 224: 118.50 → 95.0
[2025-04-29 12:54:36] Actualizado: Producto ID 225: 166.50 → 135.0
[2025-04-29 12:54:36] Actualizado: Producto ID 226: 63.00 → 50.0
[2025-04-29 12:54:37] Actualizado: Producto ID 227: 48.00 → 40.0
[2025-04-29 12:54:37] Actualizado: Producto ID 228: 7.50 → 10.0
[2025-04-29 12:54:37] Actualizado: Producto ID 229: 94.50 → 75.0
[2025-04-29 12:54:37] Actualizado: Producto ID 230: 63.00 → 50.0
[2025-04-29 12:54:37] Actualizado: Producto ID 231: 70.50 → 60.0
[2025-04-29 12:54:37] Actualizado: Producto ID 233: 205.50 → 165.0
[2025-04-29 12:54:37] Actualizado: Producto ID 234: 220.50 → 180.0
[2025-04-29 12:54:37] Actualizado: Producto ID 235: 229.50 → 185.0
[2025-04-29 12:54:37] Actualizado: Producto ID 236: 300.00 → 240.0
[2025-04-29 12:54:37] Actualizado: Producto ID 237: 94.50 → 75.0
[2025-04-29 12:54:37] Actualizado: Producto ID 238: 331.50 → 265.0
[2025-04-29 12:54:37] Actualizado: Producto ID 239: 55.50 → 45.0
[2025-04-29 12:54:38] Actualizado: Producto ID 240: 118.50 → 95.0
[2025-04-29 12:54:38] Actualizado: Producto ID 241: 24.00 → 20.0
[2025-04-29 12:54:38] Actualizado: Producto ID 242: 70.50 → 60.0
[2025-04-29 12:54:38] Actualizado: Producto ID 243: 63.00 → 50.0
[2025-04-29 12:54:38] Actualizado: Producto ID 244: 63.00 → 50.0
[2025-04-29 12:54:38] Actualizado: Producto ID 245: 48.00 → 40.0
[2025-04-29 12:54:38] Actualizado: Producto ID 246: 79.50 → 65.0
[2025-04-29 12:54:38] Actualizado: Producto ID 247: 157.50 → 130.0
[2025-04-29 12:54:38] Actualizado: Producto ID 208: 31.50 → 25.0
[2025-04-29 12:54:38] Actualizado: Producto ID 251: 213.00 → 170.0
[2025-04-29 12:54:39] Actualizado: Producto ID 250: 94.50 → 75.0
[2025-04-29 12:54:39] Actualizado: Producto ID 252: 87.00 → 70.0
[2025-04-29 12:54:39] Actualizado: Producto ID 253: 16.50 → 15.0
[2025-04-29 12:54:39] Actualizado: Producto ID 254: 181.50 → 145.0
[2025-04-29 12:54:39] Actualizado: Producto ID 255: 94.50 → 75.0
[2025-04-29 12:54:39] Actualizado: Producto ID 256: 166.50 → 135.0
[2025-04-29 12:54:39] Actualizado: Producto ID 257: 63.00 → 50.0
[2025-04-29 12:54:39] Actualizado: Producto ID 258: 244.50 → 195.0
[2025-04-29 12:54:39] Actualizado: Producto ID 259: 24.00 → 20.0
[2025-04-29 12:54:39] Actualizado: Producto ID 260: 24.00 → 20.0
[2025-04-29 12:54:39] Actualizado: Producto ID 261: 133.50 → 110.0
[2025-04-29 12:54:40] Actualizado: Producto ID 262: 213.00 → 170.0
[2025-04-29 12:54:40] Actualizado: Producto ID 263: 220.50 → 180.0
[2025-04-29 12:54:40] Actualizado: Producto ID 264: 55.50 → 45.0
[2025-04-29 12:54:40] Actualizado: Producto ID 265: 63.00 → 50.0
[2025-04-29 12:54:40] Actualizado: Producto ID 266: 63.00 → 50.0
[2025-04-29 12:54:40] Progreso: 250/499 (50.1%) - Tiempo: 22.78s
[2025-04-29 12:54:40] Actualizado: Producto ID 267: 39.00 → 35.0
[2025-04-29 12:54:40] Actualizado: Producto ID 268: 87.00 → 70.0
[2025-04-29 12:54:40] Actualizado: Producto ID 269: 16.50 → 15.0
[2025-04-29 12:54:40] Actualizado: Producto ID 270: 198.00 → 160.0
[2025-04-29 12:54:41] Actualizado: Producto ID 271: 87.00 → 70.0
[2025-04-29 12:54:41] Actualizado: Producto ID 272: 24.00 → 20.0
[2025-04-29 12:54:41] Actualizado: Producto ID 273: 55.50 → 45.0
[2025-04-29 12:54:41] Actualizado: Producto ID 274: 150.00 → 120.0
[2025-04-29 12:54:41] Actualizado: Producto ID 275: 70.50 → 60.0
[2025-04-29 12:54:41] Actualizado: Producto ID 276: 94.50 → 75.0
[2025-04-29 12:54:41] Actualizado: Producto ID 277: 87.00 → 70.0
[2025-04-29 12:54:41] Actualizado: Producto ID 279: 24.00 → 20.0
[2025-04-29 12:54:41] Actualizado: Producto ID 280: 94.50 → 75.0
[2025-04-29 12:54:41] Actualizado: Producto ID 281: 87.00 → 70.0
[2025-04-29 12:54:41] Actualizado: Producto ID 284: 2257.50 → 1810.0
[2025-04-29 12:54:41] Actualizado: Producto ID 285: 1311.00 → 1050.0
[2025-04-29 12:54:41] Actualizado: Producto ID 286: 648.00 → 520.0
[2025-04-29 12:54:42] Actualizado: Producto ID 287: 498.00 → 400.0
[2025-04-29 12:54:42] Actualizado: Producto ID 288: 607.50 → 490.0
[2025-04-29 12:54:42] Actualizado: Producto ID 249: 102.00 → 85.0
[2025-04-29 12:54:42] Actualizado: Producto ID 292: 1524.00 → 1220.0
[2025-04-29 12:54:42] Actualizado: Producto ID 291: 220.50 → 180.0
[2025-04-29 12:54:42] Actualizado: Producto ID 294: 87.00 → 70.0
[2025-04-29 12:54:42] Actualizado: Producto ID 293: 489.00 → 395.0
[2025-04-29 12:54:42] Actualizado: Producto ID 290: 1168.50 → 935.0
[2025-04-29 12:54:43] Actualizado: Producto ID 295: 39.00 → 35.0
[2025-04-29 12:54:43] Actualizado: Producto ID 296: 292.50 → 235.0
[2025-04-29 12:54:43] Actualizado: Producto ID 299: 63.00 → 50.0
[2025-04-29 12:54:43] Actualizado: Producto ID 300: 102.00 → 85.0
[2025-04-29 12:54:44] Actualizado: Producto ID 301: 79.50 → 65.0
[2025-04-29 12:54:44] Actualizado: Producto ID 302: 142.50 → 115.0
[2025-04-29 12:54:44] Actualizado: Producto ID 303: 181.50 → 145.0
[2025-04-29 12:54:44] Actualizado: Producto ID 304: 174.00 → 140.0
[2025-04-29 12:54:44] Actualizado: Producto ID 305: 198.00 → 160.0
[2025-04-29 12:54:44] Actualizado: Producto ID 306: 394.50 → 315.0
[2025-04-29 12:54:44] Actualizado: Producto ID 307: 205.50 → 165.0
[2025-04-29 12:54:45] Actualizado: Producto ID 308: 198.00 → 160.0
[2025-04-29 12:54:45] Actualizado: Producto ID 309: 198.00 → 160.0
[2025-04-29 12:54:45] Actualizado: Producto ID 310: 174.00 → 140.0
[2025-04-29 12:54:45] Actualizado: Producto ID 311: 24.00 → 20.0
[2025-04-29 12:54:46] Actualizado: Producto ID 312: 79.50 → 65.0
[2025-04-29 12:54:46] Actualizado: Producto ID 313: 48.00 → 40.0
[2025-04-29 12:54:46] Actualizado: Producto ID 314: 31.50 → 25.0
[2025-04-29 12:54:46] Actualizado: Producto ID 315: 48.00 → 40.0
[2025-04-29 12:54:46] Actualizado: Producto ID 316: 3.00 → 2.0
[2025-04-29 12:54:46] Actualizado: Producto ID 317: 94.50 → 75.0
[2025-04-29 12:54:46] Actualizado: Producto ID 318: 94.50 → 75.0
[2025-04-29 12:54:47] Actualizado: Producto ID 319: 157.50 → 130.0
[2025-04-29 12:54:47] Actualizado: Producto ID 320: 111.00 → 90.0
[2025-04-29 12:54:47] Actualizado: Producto ID 321: 102.00 → 85.0
[2025-04-29 12:54:47] Progreso: 300/499 (60.1%) - Tiempo: 29.66s
[2025-04-29 12:54:47] Actualizado: Producto ID 323: 79.50 → 65.0
[2025-04-29 12:54:47] Actualizado: Producto ID 324: 55.50 → 45.0
[2025-04-29 12:54:47] Actualizado: Producto ID 325: 39.00 → 35.0
[2025-04-29 12:54:47] Actualizado: Producto ID 326: 24.00 → 20.0
[2025-04-29 12:54:48] Actualizado: Producto ID 327: 55.50 → 45.0
[2025-04-29 12:54:48] Actualizado: Producto ID 328: 198.00 → 160.0
[2025-04-29 12:54:48] Actualizado: Producto ID 329: 181.50 → 145.0
[2025-04-29 12:54:48] Actualizado: Producto ID 330: 205.50 → 165.0
[2025-04-29 12:54:48] Actualizado: Producto ID 333: 55.50 → 45.0
[2025-04-29 12:54:48] Actualizado: Producto ID 332: 63.00 → 50.0
[2025-04-29 12:54:49] Actualizado: Producto ID 334: 316.50 → 255.0
[2025-04-29 12:54:49] Actualizado: Producto ID 336: 24.00 → 20.0
[2025-04-29 12:54:49] Actualizado: Producto ID 337: 205.50 → 165.0
[2025-04-29 12:54:49] Actualizado: Producto ID 338: 150.00 → 120.0
[2025-04-29 12:54:49] Actualizado: Producto ID 339: 63.00 → 50.0
[2025-04-29 12:54:49] Actualizado: Producto ID 340: 189.00 → 155.0
[2025-04-29 12:54:49] Actualizado: Producto ID 341: 174.00 → 140.0
[2025-04-29 12:54:50] Actualizado: Producto ID 342: 126.00 → 100.0
[2025-04-29 12:54:50] Actualizado: Producto ID 343: 133.50 → 110.0
[2025-04-29 12:54:50] Actualizado: Producto ID 344: 39.00 → 35.0
[2025-04-29 12:54:50] Actualizado: Producto ID 345: 70.50 → 60.0
[2025-04-29 12:54:50] Actualizado: Producto ID 346: 48.00 → 40.0
[2025-04-29 12:54:51] Actualizado: Producto ID 347: 16.50 → 15.0
[2025-04-29 12:54:51] Actualizado: Producto ID 348: 16.50 → 15.0
[2025-04-29 12:54:51] Actualizado: Producto ID 349: 7.50 → 10.0
[2025-04-29 12:54:51] Actualizado: Producto ID 350: 87.00 → 70.0
[2025-04-29 12:54:51] Actualizado: Producto ID 351: 63.00 → 50.0
[2025-04-29 12:54:51] Actualizado: Producto ID 352: 24.00 → 20.0
[2025-04-29 12:54:51] Actualizado: Producto ID 353: 55.50 → 45.0
[2025-04-29 12:54:51] Actualizado: Producto ID 354: 174.00 → 140.0
[2025-04-29 12:54:51] Actualizado: Producto ID 355: 16.50 → 15.0
[2025-04-29 12:54:51] Actualizado: Producto ID 357: 31.50 → 25.0
[2025-04-29 12:54:51] Actualizado: Producto ID 358: 39.00 → 35.0
[2025-04-29 12:54:52] Actualizado: Producto ID 359: 102.00 → 85.0
[2025-04-29 12:54:52] Actualizado: Producto ID 360: 39.00 → 35.0
[2025-04-29 12:54:52] Actualizado: Producto ID 361: 16.50 → 15.0
[2025-04-29 12:54:52] Actualizado: Producto ID 362: 102.00 → 85.0
[2025-04-29 12:54:52] Actualizado: Producto ID 363: 3.00 → 2.0
[2025-04-29 12:54:52] Actualizado: Producto ID 364: 7.50 → 10.0
[2025-04-29 12:54:52] Actualizado: Producto ID 366: 63.00 → 50.0
[2025-04-29 12:54:52] Actualizado: Producto ID 367: 324.00 → 260.0
[2025-04-29 12:54:52] Actualizado: Producto ID 368: 126.00 → 100.0
[2025-04-29 12:54:52] Actualizado: Producto ID 369: 126.00 → 100.0
[2025-04-29 12:54:52] Actualizado: Producto ID 370: 181.50 → 145.0
[2025-04-29 12:54:52] Actualizado: Producto ID 371: 133.50 → 110.0
[2025-04-29 12:54:53] Actualizado: Producto ID 372: 79.50 → 65.0
[2025-04-29 12:54:53] Actualizado: Producto ID 377: 189.00 → 155.0
[2025-04-29 12:54:53] Actualizado: Producto ID 399: 7.50 → 10.0
[2025-04-29 12:54:53] Actualizado: Producto ID 376: 48.00 → 40.0
[2025-04-29 12:54:53] Actualizado: Producto ID 378: 189.00 → 155.0
[2025-04-29 12:54:53] Progreso: 350/499 (70.1%) - Tiempo: 35.63s
[2025-04-29 12:54:53] Actualizado: Producto ID 379: 181.50 → 145.0
[2025-04-29 12:54:53] Actualizado: Producto ID 380: 24.00 → 20.0
[2025-04-29 12:54:53] Actualizado: Producto ID 381: 70.50 → 60.0
[2025-04-29 12:54:53] Actualizado: Producto ID 382: 537.00 → 430.0
[2025-04-29 12:54:53] Actualizado: Producto ID 383: 55.50 → 45.0
[2025-04-29 12:54:53] Actualizado: Producto ID 384: 48.00 → 40.0
[2025-04-29 12:54:54] Actualizado: Producto ID 385: 733.50 → 590.0
[2025-04-29 12:54:54] Actualizado: Producto ID 386: 276.00 → 220.0
[2025-04-29 12:54:54] Actualizado: Producto ID 387: 94.50 → 75.0
[2025-04-29 12:54:54] Actualizado: Producto ID 388: 229.50 → 185.0
[2025-04-29 12:54:54] Actualizado: Producto ID 392: 55.50 → 45.0
[2025-04-29 12:54:54] Actualizado: Producto ID 393: 94.50 → 75.0
[2025-04-29 12:54:54] Actualizado: Producto ID 394: 79.50 → 65.0
[2025-04-29 12:54:54] Actualizado: Producto ID 395: 94.50 → 75.0
[2025-04-29 12:54:55] Actualizado: Producto ID 396: 16.50 → 15.0
[2025-04-29 12:54:55] Actualizado: Producto ID 397: 600.00 → 480.0
[2025-04-29 12:54:55] Actualizado: Producto ID 398: 39.00 → 35.0
[2025-04-29 12:54:55] Actualizado: Producto ID 400: 79.50 → 65.0
[2025-04-29 12:54:55] Actualizado: Producto ID 402: 39.00 → 35.0
[2025-04-29 12:54:55] Actualizado: Producto ID 403: 55.50 → 45.0
[2025-04-29 12:54:55] Actualizado: Producto ID 404: 39.00 → 35.0
[2025-04-29 12:54:55] Actualizado: Producto ID 405: 79.50 → 65.0
[2025-04-29 12:54:55] Actualizado: Producto ID 406: 157.50 → 130.0
[2025-04-29 12:54:55] Actualizado: Producto ID 407: 63.00 → 50.0
[2025-04-29 12:54:55] Actualizado: Producto ID 408: 24.00 → 20.0
[2025-04-29 12:54:55] Actualizado: Producto ID 409: 16.50 → 15.0
[2025-04-29 12:54:56] Actualizado: Producto ID 374: 150.00 → 120.0
[2025-04-29 12:54:56] Actualizado: Producto ID 375: 237.00 → 190.0
[2025-04-29 12:54:56] Actualizado: Producto ID 425: 7.50 → 10.0
[2025-04-29 12:54:56] Actualizado: Producto ID 426: 7.50 → 10.0
[2025-04-29 12:54:56] Actualizado: Producto ID 447: 7.50 → 10.0
[2025-04-29 12:54:56] Actualizado: Producto ID 414: 774.00 → 620.0
[2025-04-29 12:54:56] Actualizado: Producto ID 415: 552.00 → 445.0
[2025-04-29 12:54:56] Actualizado: Producto ID 416: 181.50 → 145.0
[2025-04-29 12:54:56] Actualizado: Producto ID 417: 55.50 → 45.0
[2025-04-29 12:54:56] Actualizado: Producto ID 418: 174.00 → 140.0
[2025-04-29 12:54:56] Actualizado: Producto ID 419: 220.50 → 180.0
[2025-04-29 12:54:57] Actualizado: Producto ID 420: 24.00 → 20.0
[2025-04-29 12:54:57] Actualizado: Producto ID 421: 24.00 → 20.0
[2025-04-29 12:54:57] Actualizado: Producto ID 422: 24.00 → 20.0
[2025-04-29 12:54:57] Actualizado: Producto ID 423: 24.00 → 20.0
[2025-04-29 12:54:57] Actualizado: Producto ID 424: 79.50 → 65.0
[2025-04-29 12:54:57] Actualizado: Producto ID 427: 150.00 → 120.0
[2025-04-29 12:54:57] Actualizado: Producto ID 428: 55.50 → 45.0
[2025-04-29 12:54:57] Actualizado: Producto ID 429: 157.50 → 130.0
[2025-04-29 12:54:57] Actualizado: Producto ID 430: 31.50 → 25.0
[2025-04-29 12:54:57] Actualizado: Producto ID 431: 94.50 → 75.0
[2025-04-29 12:54:57] Actualizado: Producto ID 432: 181.50 → 145.0
[2025-04-29 12:54:57] Actualizado: Producto ID 433: 111.00 → 90.0
[2025-04-29 12:54:58] Actualizado: Producto ID 434: 133.50 → 110.0
[2025-04-29 12:54:58] Progreso: 400/499 (80.2%) - Tiempo: 40.37s
[2025-04-29 12:54:58] Actualizado: Producto ID 435: 87.00 → 70.0
[2025-04-29 12:54:58] Actualizado: Producto ID 436: 79.50 → 65.0
[2025-04-29 12:54:58] Actualizado: Producto ID 437: 220.50 → 180.0
[2025-04-29 12:54:58] Actualizado: Producto ID 438: 1452.00 → 1165.0
[2025-04-29 12:54:58] Actualizado: Producto ID 439: 757.50 → 610.0
[2025-04-29 12:54:58] Actualizado: Producto ID 440: 181.50 → 145.0
[2025-04-29 12:54:58] Actualizado: Producto ID 441: 157.50 → 130.0
[2025-04-29 12:54:58] Actualizado: Producto ID 442: 79.50 → 65.0
[2025-04-29 12:54:58] Actualizado: Producto ID 443: 252.00 → 205.0
[2025-04-29 12:54:59] Actualizado: Producto ID 444: 433.50 → 350.0
[2025-04-29 12:54:59] Actualizado: Producto ID 445: 213.00 → 170.0
[2025-04-29 12:54:59] Actualizado: Producto ID 446: 213.00 → 170.0
[2025-04-29 12:54:59] Actualizado: Producto ID 448: 111.00 → 90.0
[2025-04-29 12:54:59] Actualizado: Producto ID 449: 70.50 → 60.0
[2025-04-29 12:54:59] Actualizado: Producto ID 450: 244.50 → 195.0
[2025-04-29 12:54:59] Actualizado: Producto ID 484: 7.50 → 10.0
[2025-04-29 12:54:59] Actualizado: Producto ID 486: 7.50 → 10.0
[2025-04-29 12:54:59] Actualizado: Producto ID 488: 7.50 → 10.0
[2025-04-29 12:54:59] Actualizado: Producto ID 451: 63.00 → 50.0
[2025-04-29 12:54:59] Actualizado: Producto ID 452: 876.00 → 700.0
[2025-04-29 12:54:59] Actualizado: Producto ID 454: 102.00 → 85.0
[2025-04-29 12:55:00] Actualizado: Producto ID 455: 316.50 → 255.0
[2025-04-29 12:55:00] Actualizado: Producto ID 456: 24.00 → 20.0
[2025-04-29 12:55:00] Actualizado: Producto ID 457: 1389.00 → 1115.0
[2025-04-29 12:55:00] Actualizado: Producto ID 458: 102.00 → 85.0
[2025-04-29 12:55:00] Actualizado: Producto ID 459: 220.50 → 180.0
[2025-04-29 12:55:00] Actualizado: Producto ID 460: 111.00 → 90.0
[2025-04-29 12:55:00] Actualizado: Producto ID 461: 229.50 → 185.0
[2025-04-29 12:55:00] Actualizado: Producto ID 462: 133.50 → 110.0
[2025-04-29 12:55:00] Actualizado: Producto ID 463: 157.50 → 130.0
[2025-04-29 12:55:00] Actualizado: Producto ID 464: 157.50 → 130.0
[2025-04-29 12:55:00] Actualizado: Producto ID 465: 31.50 → 25.0
[2025-04-29 12:55:01] Actualizado: Producto ID 466: 16.50 → 15.0
[2025-04-29 12:55:01] Actualizado: Producto ID 467: 261.00 → 210.0
[2025-04-29 12:55:01] Actualizado: Producto ID 468: 537.00 → 430.0
[2025-04-29 12:55:01] Actualizado: Producto ID 469: 157.50 → 130.0
[2025-04-29 12:55:01] Actualizado: Producto ID 470: 237.00 → 190.0
[2025-04-29 12:55:01] Actualizado: Producto ID 471: 276.00 → 220.0
[2025-04-29 12:55:01] Actualizado: Producto ID 472: 118.50 → 95.0
[2025-04-29 12:55:01] Actualizado: Producto ID 473: 142.50 → 115.0
[2025-04-29 12:55:01] Actualizado: Producto ID 474: 198.00 → 160.0
[2025-04-29 12:55:01] Actualizado: Producto ID 475: 189.00 → 155.0
[2025-04-29 12:55:01] Actualizado: Producto ID 476: 324.00 → 260.0
[2025-04-29 12:55:02] Actualizado: Producto ID 477: 142.50 → 115.0
[2025-04-29 12:55:03] Actualizado: Producto ID 478: 111.00 → 90.0
[2025-04-29 12:55:03] Actualizado: Producto ID 479: 283.50 → 230.0
[2025-04-29 12:55:03] Actualizado: Producto ID 480: 111.00 → 90.0
[2025-04-29 12:55:03] Actualizado: Producto ID 481: 150.00 → 120.0
[2025-04-29 12:55:03] Actualizado: Producto ID 482: 174.00 → 140.0
[2025-04-29 12:55:03] Actualizado: Producto ID 483: 133.50 → 110.0
[2025-04-29 12:55:03] Progreso: 450/499 (90.2%) - Tiempo: 45.95s
[2025-04-29 12:55:03] Actualizado: Producto ID 485: 70.50 → 60.0
[2025-04-29 12:55:03] Actualizado: Producto ID 487: 87.00 → 70.0
[2025-04-29 12:55:03] Actualizado: Producto ID 489: 79.50 → 65.0
[2025-04-29 12:55:03] Actualizado: Producto ID 506: 7.50 → 10.0
[2025-04-29 12:55:04] Actualizado: Producto ID 501: 70.50 → 60.0
[2025-04-29 12:55:04] Actualizado: Producto ID 490: 48.00 → 40.0
[2025-04-29 12:55:04] Actualizado: Producto ID 491: 24.00 → 20.0
[2025-04-29 12:55:04] Actualizado: Producto ID 492: 189.00 → 155.0
[2025-04-29 12:55:04] Actualizado: Producto ID 493: 300.00 → 240.0
[2025-04-29 12:55:04] Actualizado: Producto ID 494: 31.50 → 25.0
[2025-04-29 12:55:05] Actualizado: Producto ID 495: 111.00 → 90.0
[2025-04-29 12:55:05] Actualizado: Producto ID 496: 55.50 → 45.0
[2025-04-29 12:55:05] Actualizado: Producto ID 497: 39.00 → 35.0
[2025-04-29 12:55:05] Actualizado: Producto ID 498: 133.50 → 110.0
[2025-04-29 12:55:05] Actualizado: Producto ID 499: 166.50 → 135.0
[2025-04-29 12:55:05] Actualizado: Producto ID 500: 79.50 → 65.0
[2025-04-29 12:55:05] Actualizado: Producto ID 502: 157.50 → 130.0
[2025-04-29 12:55:05] Actualizado: Producto ID 503: 70.50 → 60.0
[2025-04-29 12:55:05] Actualizado: Producto ID 504: 150.00 → 120.0
[2025-04-29 12:55:05] Actualizado: Producto ID 505: 31.50 → 25.0
[2025-04-29 12:55:06] Actualizado: Producto ID 507: 198.00 → 160.0
[2025-04-29 12:55:06] Actualizado: Producto ID 508: 142.50 → 115.0
[2025-04-29 12:55:06] Actualizado: Producto ID 509: 94.50 → 75.0
[2025-04-29 12:55:06] Actualizado: Producto ID 510: 1120.50 → 900.0
[2025-04-29 12:55:06] Actualizado: Producto ID 511: 537.00 → 430.0
[2025-04-29 12:55:06] Actualizado: Producto ID 512: 442.50 → 355.0
[2025-04-29 12:55:06] Actualizado: Producto ID 513: 142.50 → 115.0
[2025-04-29 12:55:06] Actualizado: Producto ID 331: 63.00 → 50.0
[2025-04-29 12:55:06] Actualizado: Producto ID 335: 70.50 → 60.0
[2025-04-29 12:55:07] Actualizado: Producto ID 373: 142.50 → 115.0
[2025-04-29 12:55:07] Actualizado: Producto ID 298: 268.50 → 215.0
[2025-04-29 12:55:07] Actualizado: Producto ID 15: 174.00 → 140.0
[2025-04-29 12:55:07] Actualizado: Producto ID 86: 63.00 → 50.0
[2025-04-29 12:55:07] Actualizado: Producto ID 514: 213.00 → 170.0
[2025-04-29 12:55:07] Actualizado: Producto ID 1: 61.50 → 50.0
[2025-04-29 12:55:07] Actualizado: Producto ID 18: 244.50 → 195.0
[2025-04-29 12:55:07] Actualizado: Producto ID 43: 205.50 → 165.0
[2025-04-29 12:55:07] Actualizado: Producto ID 76: 16.50 → 15.0
[2025-04-29 12:55:07] Actualizado: Producto ID 84: 55.50 → 45.0
[2025-04-29 12:55:07] Actualizado: Producto ID 100: 39.00 → 35.0
[2025-04-29 12:55:08] Actualizado: Producto ID 125: 94.50 → 75.0
[2025-04-29 12:55:08] Actualizado: Producto ID 151: 276.00 → 220.0
[2025-04-29 12:55:08] Actualizado: Producto ID 166: 181.50 → 145.0
[2025-04-29 12:55:08] Actualizado: Producto ID 196: 244.50 → 195.0
[2025-04-29 12:55:08] Actualizado: Producto ID 207: 118.50 → 95.0
[2025-04-29 12:55:08] Actualizado: Producto ID 232: 331.50 → 265.0
[2025-04-29 12:55:08] Actualizado: Producto ID 248: 87.00 → 70.0
[2025-04-29 12:55:08] Actualizado: Producto ID 278: 79.50 → 65.0
[2025-04-29 12:55:08] Actualizado: Producto ID 289: 702.00 → 565.0
[2025-04-29 12:55:08] Progreso: 499/499 (100.0%) - Tiempo: 51.24s
[2025-04-29 12:55:09] Actualizado: Producto ID 297: 142.50 → 115.0
[2025-04-29 12:55:09] ==== RESUMEN DE ACTUALIZACIÓN ====
[2025-04-29 12:55:09] Total productos revisados: 499
[2025-04-29 12:55:09] Productos actualizados: 499
[2025-04-29 12:55:09] Productos sin cambios: 0
[2025-04-29 12:55:09] Tasa aplicada: 120
[2025-04-29 12:55:09] Tiempo total: 51.41 segundos
[2025-04-29 12:55:09] Velocidad: 9.71 productos/segundo
[2025-04-29 12:55:09] Conexión cerrada. Proceso completado.
[2025-04-29 12:55:09] === FIN DE ACTUALIZACIÓN DE PRECIOS BASE ===
[2025-04-29 12:56:28] === INICIO DE ACTUALIZACIÓN DE PRECIOS BASE ===
[2025-04-29 12:56:28] Intentando conectar a bodegaclicktest en ep-withered-heart-a4btm25j-pooler.us-east-1.aws.neon.tech...
[2025-04-29 12:56:29] Conexión exitosa a la base de datos: bodegaclicktest
[2025-04-29 12:56:32] Tasa confirmada: 100
[2025-04-29 12:56:32] Consultando productos con precio_base_usd > 0...
[2025-04-29 12:56:32] Se encontraron 499 productos para revisar
[2025-04-29 12:56:32] Actualizado: Producto ID 3: 360.00 → 300.0
[2025-04-29 12:56:32] Actualizado: Producto ID 4: 120.00 → 100.0
[2025-04-29 12:56:32] Actualizado: Producto ID 5: 100.00 → 85.0
[2025-04-29 12:56:32] Actualizado: Producto ID 6: 215.00 → 180.0
[2025-04-29 12:56:32] Actualizado: Producto ID 7: 15.00 → 10.0
[2025-04-29 12:56:33] Actualizado: Producto ID 8: 35.00 → 30.0
[2025-04-29 12:56:33] Actualizado: Producto ID 9: 45.00 → 40.0
[2025-04-29 12:56:33] Actualizado: Producto ID 10: 170.00 → 145.0
[2025-04-29 12:56:33] Actualizado: Producto ID 11: 635.00 → 530.0
[2025-04-29 12:56:33] Actualizado: Producto ID 12: 100.00 → 85.0
[2025-04-29 12:56:33] Actualizado: Producto ID 13: 115.00 → 95.0
[2025-04-29 12:56:33] Actualizado: Producto ID 14: 115.00 → 95.0
[2025-04-29 12:56:33] Actualizado: Producto ID 16: 120.00 → 100.0
[2025-04-29 12:56:33] Actualizado: Producto ID 17: 135.00 → 115.0
[2025-04-29 12:56:34] Actualizado: Producto ID 20: 145.00 → 125.0
[2025-04-29 12:56:34] Actualizado: Producto ID 21: 160.00 → 135.0
[2025-04-29 12:56:34] Actualizado: Producto ID 22: 160.00 → 135.0
[2025-04-29 12:56:34] Actualizado: Producto ID 23: 65.00 → 55.0
[2025-04-29 12:56:34] Actualizado: Producto ID 24: 95.00 → 80.0
[2025-04-29 12:56:34] Actualizado: Producto ID 25: 90.00 → 75.0
[2025-04-29 12:56:34] Actualizado: Producto ID 26: 170.00 → 145.0
[2025-04-29 12:56:34] Actualizado: Producto ID 27: 165.00 → 140.0
[2025-04-29 12:56:34] Actualizado: Producto ID 28: 20.00 → 15.0
[2025-04-29 12:56:34] Actualizado: Producto ID 29: 50.00 → 45.0
[2025-04-29 12:56:35] Actualizado: Producto ID 30: 35.00 → 30.0
[2025-04-29 12:56:35] Actualizado: Producto ID 31: 40.00 → 35.0
[2025-04-29 12:56:35] Actualizado: Producto ID 32: 40.00 → 35.0
[2025-04-29 12:56:35] Actualizado: Producto ID 33: 45.00 → 40.0
[2025-04-29 12:56:35] Actualizado: Producto ID 34: 140.00 → 120.0
[2025-04-29 12:56:35] Actualizado: Producto ID 35: 155.00 → 130.0
[2025-04-29 12:56:35] Actualizado: Producto ID 36: 265.00 → 225.0
[2025-04-29 12:56:35] Actualizado: Producto ID 37: 785.00 → 655.0
[2025-04-29 12:56:36] Actualizado: Producto ID 38: 255.00 → 215.0
[2025-04-29 12:56:36] Actualizado: Producto ID 39: 110.00 → 90.0
[2025-04-29 12:56:36] Actualizado: Producto ID 40: 165.00 → 140.0
[2025-04-29 12:56:36] Actualizado: Producto ID 41: 75.00 → 65.0
[2025-04-29 12:56:36] Actualizado: Producto ID 42: 10.00 → 5.0
[2025-04-29 12:56:36] Actualizado: Producto ID 2: 10.00 → 5.0
[2025-04-29 12:56:36] Actualizado: Producto ID 46: 40.00 → 35.0
[2025-04-29 12:56:36] Actualizado: Producto ID 45: 185.00 → 155.0
[2025-04-29 12:56:36] Actualizado: Producto ID 47: 85.00 → 70.0
[2025-04-29 12:56:36] Actualizado: Producto ID 48: 100.00 → 85.0
[2025-04-29 12:56:37] Actualizado: Producto ID 49: 130.00 → 105.0
[2025-04-29 12:56:37] Actualizado: Producto ID 50: 135.00 → 115.0
[2025-04-29 12:56:37] Actualizado: Producto ID 51: 400.00 → 335.0
[2025-04-29 12:56:37] Actualizado: Producto ID 52: 315.00 → 265.0
[2025-04-29 12:56:37] Actualizado: Producto ID 53: 230.00 → 190.0
[2025-04-29 12:56:37] Actualizado: Producto ID 54: 70.00 → 60.0
[2025-04-29 12:56:37] Progreso: 50/499 (10.0%) - Tiempo: 4.96s
[2025-04-29 12:56:37] Actualizado: Producto ID 55: 45.00 → 40.0
[2025-04-29 12:56:37] Actualizado: Producto ID 57: 235.00 → 195.0
[2025-04-29 12:56:37] Actualizado: Producto ID 58: 110.00 → 90.0
[2025-04-29 12:56:37] Actualizado: Producto ID 59: 50.00 → 45.0
[2025-04-29 12:56:37] Actualizado: Producto ID 60: 145.00 → 125.0
[2025-04-29 12:56:38] Actualizado: Producto ID 61: 15.00 → 10.0
[2025-04-29 12:56:38] Actualizado: Producto ID 62: 20.00 → 15.0
[2025-04-29 12:56:38] Actualizado: Producto ID 63: 400.00 → 335.0
[2025-04-29 12:56:38] Actualizado: Producto ID 64: 115.00 → 95.0
[2025-04-29 12:56:38] Actualizado: Producto ID 65: 110.00 → 90.0
[2025-04-29 12:56:38] Actualizado: Producto ID 66: 170.00 → 145.0
[2025-04-29 12:56:38] Actualizado: Producto ID 67: 160.00 → 135.0
[2025-04-29 12:56:38] Actualizado: Producto ID 69: 35.00 → 30.0
[2025-04-29 12:56:38] Actualizado: Producto ID 70: 115.00 → 95.0
[2025-04-29 12:56:38] Actualizado: Producto ID 71: 45.00 → 40.0
[2025-04-29 12:56:38] Actualizado: Producto ID 72: 90.00 → 75.0
[2025-04-29 12:56:39] Actualizado: Producto ID 73: 15.00 → 10.0
[2025-04-29 12:56:39] Actualizado: Producto ID 74: 20.00 → 15.0
[2025-04-29 12:56:39] Actualizado: Producto ID 75: 40.00 → 35.0
[2025-04-29 12:56:39] Actualizado: Producto ID 77: 135.00 → 115.0
[2025-04-29 12:56:39] Actualizado: Producto ID 78: 45.00 → 40.0
[2025-04-29 12:56:39] Actualizado: Producto ID 79: 40.00 → 35.0
[2025-04-29 12:56:39] Actualizado: Producto ID 80: 20.00 → 15.0
[2025-04-29 12:56:39] Actualizado: Producto ID 81: 15.00 → 10.0
[2025-04-29 12:56:39] Actualizado: Producto ID 83: 405.00 → 340.0
[2025-04-29 12:56:39] Actualizado: Producto ID 44: 145.00 → 125.0
[2025-04-29 12:56:39] Actualizado: Producto ID 88: 170.00 → 145.0
[2025-04-29 12:56:40] Actualizado: Producto ID 87: 40.00 → 35.0
[2025-04-29 12:56:40] Actualizado: Producto ID 108: 120.00 → 100.0
[2025-04-29 12:56:40] Actualizado: Producto ID 89: 100.00 → 85.0
[2025-04-29 12:56:40] Actualizado: Producto ID 90: 335.00 → 280.0
[2025-04-29 12:56:40] Actualizado: Producto ID 91: 50.00 → 45.0
[2025-04-29 12:56:40] Actualizado: Producto ID 92: 90.00 → 75.0
[2025-04-29 12:56:40] Actualizado: Producto ID 93: 60.00 → 50.0
[2025-04-29 12:56:40] Actualizado: Producto ID 94: 250.00 → 205.0
[2025-04-29 12:56:40] Actualizado: Producto ID 95: 420.00 → 350.0
[2025-04-29 12:56:40] Actualizado: Producto ID 96: 85.00 → 70.0
[2025-04-29 12:56:40] Actualizado: Producto ID 97: 45.00 → 40.0
[2025-04-29 12:56:40] Actualizado: Producto ID 98: 20.00 → 15.0
[2025-04-29 12:56:41] Actualizado: Producto ID 99: 15.00 → 10.0
[2025-04-29 12:56:41] Actualizado: Producto ID 102: 140.00 → 120.0
[2025-04-29 12:56:41] Actualizado: Producto ID 103: 145.00 → 125.0
[2025-04-29 12:56:41] Actualizado: Producto ID 104: 235.00 → 195.0
[2025-04-29 12:56:41] Actualizado: Producto ID 105: 250.00 → 205.0
[2025-04-29 12:56:41] Actualizado: Producto ID 106: 65.00 → 55.0
[2025-04-29 12:56:41] Actualizado: Producto ID 107: 50.00 → 45.0
[2025-04-29 12:56:41] Progreso: 100/499 (20.0%) - Tiempo: 9.11s
[2025-04-29 12:56:41] Actualizado: Producto ID 109: 100.00 → 85.0
[2025-04-29 12:56:41] Actualizado: Producto ID 110: 120.00 → 100.0
[2025-04-29 12:56:41] Actualizado: Producto ID 111: 100.00 → 85.0
[2025-04-29 12:56:42] Actualizado: Producto ID 112: 120.00 → 100.0
[2025-04-29 12:56:42] Actualizado: Producto ID 113: 215.00 → 180.0
[2025-04-29 12:56:42] Actualizado: Producto ID 114: 135.00 → 115.0
[2025-04-29 12:56:42] Actualizado: Producto ID 117: 45.00 → 40.0
[2025-04-29 12:56:42] Actualizado: Producto ID 119: 95.00 → 80.0
[2025-04-29 12:56:42] Actualizado: Producto ID 121: 35.00 → 30.0
[2025-04-29 12:56:42] Actualizado: Producto ID 122: 50.00 → 45.0
[2025-04-29 12:56:42] Actualizado: Producto ID 123: 120.00 → 100.0
[2025-04-29 12:56:42] Actualizado: Producto ID 124: 85.00 → 70.0
[2025-04-29 12:56:42] Actualizado: Producto ID 85: 145.00 → 125.0
[2025-04-29 12:56:42] Actualizado: Producto ID 128: 130.00 → 105.0
[2025-04-29 12:56:43] Actualizado: Producto ID 127: 50.00 → 45.0
[2025-04-29 12:56:43] Actualizado: Producto ID 129: 115.00 → 95.0
[2025-04-29 12:56:43] Actualizado: Producto ID 130: 65.00 → 55.0
[2025-04-29 12:56:43] Actualizado: Producto ID 131: 115.00 → 95.0
[2025-04-29 12:56:43] Actualizado: Producto ID 132: 95.00 → 80.0
[2025-04-29 12:56:43] Actualizado: Producto ID 133: 70.00 → 60.0
[2025-04-29 12:56:43] Actualizado: Producto ID 134: 85.00 → 70.0
[2025-04-29 12:56:43] Actualizado: Producto ID 135: 45.00 → 40.0
[2025-04-29 12:56:43] Actualizado: Producto ID 136: 220.00 → 185.0
[2025-04-29 12:56:43] Actualizado: Producto ID 137: 40.00 → 35.0
[2025-04-29 12:56:43] Actualizado: Producto ID 138: 165.00 → 140.0
[2025-04-29 12:56:44] Actualizado: Producto ID 139: 110.00 → 90.0
[2025-04-29 12:56:44] Actualizado: Producto ID 140: 10.00 → 5.0
[2025-04-29 12:56:44] Actualizado: Producto ID 141: 45.00 → 40.0
[2025-04-29 12:56:44] Actualizado: Producto ID 142: 70.00 → 60.0
[2025-04-29 12:56:44] Actualizado: Producto ID 143: 45.00 → 40.0
[2025-04-29 12:56:44] Actualizado: Producto ID 144: 20.00 → 15.0
[2025-04-29 12:56:44] Actualizado: Producto ID 145: 20.00 → 15.0
[2025-04-29 12:56:44] Actualizado: Producto ID 146: 140.00 → 120.0
[2025-04-29 12:56:44] Actualizado: Producto ID 147: 180.00 → 150.0
[2025-04-29 12:56:44] Actualizado: Producto ID 148: 205.00 → 170.0
[2025-04-29 12:56:45] Actualizado: Producto ID 149: 145.00 → 125.0
[2025-04-29 12:56:45] Actualizado: Producto ID 150: 240.00 → 200.0
[2025-04-29 12:56:45] Actualizado: Producto ID 152: 240.00 → 200.0
[2025-04-29 12:56:45] Actualizado: Producto ID 153: 260.00 → 220.0
[2025-04-29 12:56:45] Actualizado: Producto ID 154: 185.00 → 155.0
[2025-04-29 12:56:45] Actualizado: Producto ID 155: 180.00 → 150.0
[2025-04-29 12:56:45] Actualizado: Producto ID 156: 205.00 → 170.0
[2025-04-29 12:56:45] Actualizado: Producto ID 157: 50.00 → 45.0
[2025-04-29 12:56:45] Actualizado: Producto ID 158: 265.00 → 225.0
[2025-04-29 12:56:45] Actualizado: Producto ID 159: 20.00 → 15.0
[2025-04-29 12:56:45] Actualizado: Producto ID 160: 90.00 → 75.0
[2025-04-29 12:56:45] Actualizado: Producto ID 161: 260.00 → 220.0
[2025-04-29 12:56:45] Progreso: 150/499 (30.1%) - Tiempo: 13.32s
[2025-04-29 12:56:45] Actualizado: Producto ID 162: 70.00 → 60.0
[2025-04-29 12:56:46] Actualizado: Producto ID 163: 135.00 → 115.0
[2025-04-29 12:56:46] Actualizado: Producto ID 164: 185.00 → 155.0
[2025-04-29 12:56:46] Actualizado: Producto ID 165: 325.00 → 270.0
[2025-04-29 12:56:46] Actualizado: Producto ID 126: 240.00 → 200.0
[2025-04-29 12:56:46] Actualizado: Producto ID 169: 40.00 → 35.0
[2025-04-29 12:56:46] Actualizado: Producto ID 168: 35.00 → 30.0
[2025-04-29 12:56:46] Actualizado: Producto ID 170: 15.00 → 10.0
[2025-04-29 12:56:46] Actualizado: Producto ID 171: 130.00 → 105.0
[2025-04-29 12:56:46] Actualizado: Producto ID 172: 50.00 → 45.0
[2025-04-29 12:56:47] Actualizado: Producto ID 173: 185.00 → 155.0
[2025-04-29 12:56:47] Actualizado: Producto ID 174: 195.00 → 165.0
[2025-04-29 12:56:47] Actualizado: Producto ID 175: 190.00 → 160.0
[2025-04-29 12:56:47] Actualizado: Producto ID 176: 420.00 → 350.0
[2025-04-29 12:56:47] Actualizado: Producto ID 177: 180.00 → 150.0
[2025-04-29 12:56:47] Actualizado: Producto ID 178: 130.00 → 105.0
[2025-04-29 12:56:47] Actualizado: Producto ID 179: 205.00 → 170.0
[2025-04-29 12:56:47] Actualizado: Producto ID 180: 70.00 → 60.0
[2025-04-29 12:56:47] Actualizado: Producto ID 181: 45.00 → 40.0
[2025-04-29 12:56:47] Actualizado: Producto ID 182: 10.00 → 5.0
[2025-04-29 12:56:47] Actualizado: Producto ID 183: 10.00 → 5.0
[2025-04-29 12:56:48] Actualizado: Producto ID 184: 45.00 → 40.0
[2025-04-29 12:56:48] Actualizado: Producto ID 185: 20.00 → 15.0
[2025-04-29 12:56:48] Actualizado: Producto ID 186: 20.00 → 15.0
[2025-04-29 12:56:48] Actualizado: Producto ID 187: 15.00 → 10.0
[2025-04-29 12:56:48] Actualizado: Producto ID 188: 100.00 → 85.0
[2025-04-29 12:56:48] Actualizado: Producto ID 189: 45.00 → 40.0
[2025-04-29 12:56:48] Actualizado: Producto ID 190: 35.00 → 30.0
[2025-04-29 12:56:48] Actualizado: Producto ID 191: 205.00 → 170.0
[2025-04-29 12:56:48] Actualizado: Producto ID 192: 145.00 → 125.0
[2025-04-29 12:56:48] Actualizado: Producto ID 193: 35.00 → 30.0
[2025-04-29 12:56:48] Actualizado: Producto ID 194: 65.00 → 55.0
[2025-04-29 12:56:49] Actualizado: Producto ID 195: 20.00 → 15.0
[2025-04-29 12:56:49] Actualizado: Producto ID 197: 70.00 → 60.0
[2025-04-29 12:56:49] Actualizado: Producto ID 198: 50.00 → 45.0
[2025-04-29 12:56:49] Actualizado: Producto ID 199: 115.00 → 95.0
[2025-04-29 12:56:49] Actualizado: Producto ID 200: 135.00 → 115.0
[2025-04-29 12:56:49] Actualizado: Producto ID 201: 180.00 → 150.0
[2025-04-29 12:56:49] Actualizado: Producto ID 202: 65.00 → 55.0
[2025-04-29 12:56:49] Actualizado: Producto ID 203: 40.00 → 35.0
[2025-04-29 12:56:49] Actualizado: Producto ID 204: 40.00 → 35.0
[2025-04-29 12:56:49] Actualizado: Producto ID 205: 95.00 → 80.0
[2025-04-29 12:56:49] Actualizado: Producto ID 206: 85.00 → 70.0
[2025-04-29 12:56:50] Actualizado: Producto ID 167: 10.00 → 5.0
[2025-04-29 12:56:50] Actualizado: Producto ID 210: 110.00 → 90.0
[2025-04-29 12:56:50] Actualizado: Producto ID 209: 220.00 → 185.0
[2025-04-29 12:56:50] Actualizado: Producto ID 211: 35.00 → 30.0
[2025-04-29 12:56:50] Actualizado: Producto ID 212: 35.00 → 30.0
[2025-04-29 12:56:50] Actualizado: Producto ID 213: 120.00 → 100.0
[2025-04-29 12:56:50] Actualizado: Producto ID 214: 45.00 → 40.0
[2025-04-29 12:56:50] Progreso: 200/499 (40.1%) - Tiempo: 18.06s
[2025-04-29 12:56:50] Actualizado: Producto ID 215: 20.00 → 15.0
[2025-04-29 12:56:50] Actualizado: Producto ID 216: 95.00 → 80.0
[2025-04-29 12:56:50] Actualizado: Producto ID 217: 40.00 → 35.0
[2025-04-29 12:56:50] Actualizado: Producto ID 218: 785.00 → 655.0
[2025-04-29 12:56:51] Actualizado: Producto ID 219: 20.00 → 15.0
[2025-04-29 12:56:51] Actualizado: Producto ID 220: 20.00 → 15.0
[2025-04-29 12:56:51] Actualizado: Producto ID 221: 155.00 → 130.0
[2025-04-29 12:56:51] Actualizado: Producto ID 222: 115.00 → 95.0
[2025-04-29 12:56:51] Actualizado: Producto ID 223: 165.00 → 140.0
[2025-04-29 12:56:51] Actualizado: Producto ID 224: 95.00 → 80.0
[2025-04-29 12:56:51] Actualizado: Producto ID 225: 135.00 → 115.0
[2025-04-29 12:56:51] Actualizado: Producto ID 226: 50.00 → 45.0
[2025-04-29 12:56:51] Actualizado: Producto ID 227: 40.00 → 35.0
[2025-04-29 12:56:51] Actualizado: Producto ID 228: 10.00 → 5.0
[2025-04-29 12:56:51] Actualizado: Producto ID 229: 75.00 → 65.0
[2025-04-29 12:56:52] Actualizado: Producto ID 230: 50.00 → 45.0
[2025-04-29 12:56:52] Actualizado: Producto ID 231: 60.00 → 50.0
[2025-04-29 12:56:52] Actualizado: Producto ID 233: 165.00 → 140.0
[2025-04-29 12:56:52] Actualizado: Producto ID 234: 180.00 → 150.0
[2025-04-29 12:56:52] Actualizado: Producto ID 235: 185.00 → 155.0
[2025-04-29 12:56:52] Actualizado: Producto ID 236: 240.00 → 200.0
[2025-04-29 12:56:52] Actualizado: Producto ID 237: 75.00 → 65.0
[2025-04-29 12:56:52] Actualizado: Producto ID 238: 265.00 → 225.0
[2025-04-29 12:56:52] Actualizado: Producto ID 239: 45.00 → 40.0
[2025-04-29 12:56:52] Actualizado: Producto ID 240: 95.00 → 80.0
[2025-04-29 12:56:52] Actualizado: Producto ID 241: 20.00 → 15.0
[2025-04-29 12:56:53] Actualizado: Producto ID 242: 60.00 → 50.0
[2025-04-29 12:56:53] Actualizado: Producto ID 243: 50.00 → 45.0
[2025-04-29 12:56:53] Actualizado: Producto ID 244: 50.00 → 45.0
[2025-04-29 12:56:53] Actualizado: Producto ID 245: 40.00 → 35.0
[2025-04-29 12:56:53] Actualizado: Producto ID 246: 65.00 → 55.0
[2025-04-29 12:56:53] Actualizado: Producto ID 247: 130.00 → 105.0
[2025-04-29 12:56:53] Actualizado: Producto ID 251: 170.00 → 145.0
[2025-04-29 12:56:53] Actualizado: Producto ID 250: 75.00 → 65.0
[2025-04-29 12:56:53] Actualizado: Producto ID 252: 70.00 → 60.0
[2025-04-29 12:56:53] Actualizado: Producto ID 253: 15.00 → 10.0
[2025-04-29 12:56:53] Actualizado: Producto ID 254: 145.00 → 125.0
[2025-04-29 12:56:53] Actualizado: Producto ID 255: 75.00 → 65.0
[2025-04-29 12:56:54] Actualizado: Producto ID 256: 135.00 → 115.0
[2025-04-29 12:56:54] Actualizado: Producto ID 257: 50.00 → 45.0
[2025-04-29 12:56:54] Actualizado: Producto ID 258: 195.00 → 165.0
[2025-04-29 12:56:54] Actualizado: Producto ID 259: 20.00 → 15.0
[2025-04-29 12:56:54] Actualizado: Producto ID 260: 20.00 → 15.0
[2025-04-29 12:56:54] Actualizado: Producto ID 261: 110.00 → 90.0
[2025-04-29 12:56:54] Actualizado: Producto ID 262: 170.00 → 145.0
[2025-04-29 12:56:54] Actualizado: Producto ID 263: 180.00 → 150.0
[2025-04-29 12:56:54] Actualizado: Producto ID 264: 45.00 → 40.0
[2025-04-29 12:56:55] Actualizado: Producto ID 265: 50.00 → 45.0
[2025-04-29 12:56:55] Actualizado: Producto ID 266: 50.00 → 45.0
[2025-04-29 12:56:55] Progreso: 250/499 (50.1%) - Tiempo: 22.64s
[2025-04-29 12:56:55] Actualizado: Producto ID 267: 35.00 → 30.0
[2025-04-29 12:56:55] Actualizado: Producto ID 268: 70.00 → 60.0
[2025-04-29 12:56:55] Actualizado: Producto ID 269: 15.00 → 10.0
[2025-04-29 12:56:55] Actualizado: Producto ID 270: 160.00 → 135.0
[2025-04-29 12:56:55] Actualizado: Producto ID 271: 70.00 → 60.0
[2025-04-29 12:56:55] Actualizado: Producto ID 272: 20.00 → 15.0
[2025-04-29 12:56:55] Actualizado: Producto ID 273: 45.00 → 40.0
[2025-04-29 12:56:55] Actualizado: Producto ID 274: 120.00 → 100.0
[2025-04-29 12:56:55] Actualizado: Producto ID 275: 60.00 → 50.0
[2025-04-29 12:56:55] Actualizado: Producto ID 276: 75.00 → 65.0
[2025-04-29 12:56:56] Actualizado: Producto ID 277: 70.00 → 60.0
[2025-04-29 12:56:56] Actualizado: Producto ID 279: 20.00 → 15.0
[2025-04-29 12:56:56] Actualizado: Producto ID 280: 75.00 → 65.0
[2025-04-29 12:56:56] Actualizado: Producto ID 281: 70.00 → 60.0
[2025-04-29 12:56:56] Actualizado: Producto ID 284: 1810.00 → 1505.0
[2025-04-29 12:56:56] Actualizado: Producto ID 285: 1050.00 → 875.0
[2025-04-29 12:56:56] Actualizado: Producto ID 286: 520.00 → 435.0
[2025-04-29 12:56:56] Actualizado: Producto ID 287: 400.00 → 335.0
[2025-04-29 12:56:56] Actualizado: Producto ID 288: 490.00 → 405.0
[2025-04-29 12:56:56] Actualizado: Producto ID 249: 85.00 → 70.0
[2025-04-29 12:56:56] Actualizado: Producto ID 292: 1220.00 → 1020.0
[2025-04-29 12:56:57] Actualizado: Producto ID 291: 180.00 → 150.0
[2025-04-29 12:56:57] Actualizado: Producto ID 294: 70.00 → 60.0
[2025-04-29 12:56:57] Actualizado: Producto ID 293: 395.00 → 330.0
[2025-04-29 12:56:57] Actualizado: Producto ID 290: 935.00 → 780.0
[2025-04-29 12:56:57] Actualizado: Producto ID 295: 35.00 → 30.0
[2025-04-29 12:56:57] Actualizado: Producto ID 296: 235.00 → 195.0
[2025-04-29 12:56:57] Actualizado: Producto ID 299: 50.00 → 45.0
[2025-04-29 12:56:57] Actualizado: Producto ID 300: 85.00 → 70.0
[2025-04-29 12:56:57] Actualizado: Producto ID 301: 65.00 → 55.0
[2025-04-29 12:56:58] Actualizado: Producto ID 302: 115.00 → 95.0
[2025-04-29 12:56:58] Actualizado: Producto ID 303: 145.00 → 125.0
[2025-04-29 12:56:58] Actualizado: Producto ID 304: 140.00 → 120.0
[2025-04-29 12:56:58] Actualizado: Producto ID 305: 160.00 → 135.0
[2025-04-29 12:56:58] Actualizado: Producto ID 306: 315.00 → 265.0
[2025-04-29 12:56:58] Actualizado: Producto ID 307: 165.00 → 140.0
[2025-04-29 12:56:58] Actualizado: Producto ID 308: 160.00 → 135.0
[2025-04-29 12:56:58] Actualizado: Producto ID 309: 160.00 → 135.0
[2025-04-29 12:56:58] Actualizado: Producto ID 310: 140.00 → 120.0
[2025-04-29 12:56:59] Actualizado: Producto ID 311: 20.00 → 15.0
[2025-04-29 12:56:59] Actualizado: Producto ID 312: 65.00 → 55.0
[2025-04-29 12:56:59] Actualizado: Producto ID 313: 40.00 → 35.0
[2025-04-29 12:56:59] Actualizado: Producto ID 315: 40.00 → 35.0
[2025-04-29 12:56:59] Actualizado: Producto ID 317: 75.00 → 65.0
[2025-04-29 12:56:59] Actualizado: Producto ID 318: 75.00 → 65.0
[2025-04-29 12:56:59] Actualizado: Producto ID 319: 130.00 → 105.0
[2025-04-29 12:56:59] Actualizado: Producto ID 320: 90.00 → 75.0
[2025-04-29 12:56:59] Actualizado: Producto ID 321: 85.00 → 70.0
[2025-04-29 12:56:59] Progreso: 300/499 (60.1%) - Tiempo: 27.11s
[2025-04-29 12:56:59] Actualizado: Producto ID 323: 65.00 → 55.0
[2025-04-29 12:56:59] Actualizado: Producto ID 324: 45.00 → 40.0
[2025-04-29 12:56:59] Actualizado: Producto ID 325: 35.00 → 30.0
[2025-04-29 12:57:00] Actualizado: Producto ID 326: 20.00 → 15.0
[2025-04-29 12:57:00] Actualizado: Producto ID 327: 45.00 → 40.0
[2025-04-29 12:57:00] Actualizado: Producto ID 328: 160.00 → 135.0
[2025-04-29 12:57:00] Actualizado: Producto ID 329: 145.00 → 125.0
[2025-04-29 12:57:00] Actualizado: Producto ID 330: 165.00 → 140.0
[2025-04-29 12:57:00] Actualizado: Producto ID 333: 45.00 → 40.0
[2025-04-29 12:57:00] Actualizado: Producto ID 332: 50.00 → 45.0
[2025-04-29 12:57:00] Actualizado: Producto ID 334: 255.00 → 215.0
[2025-04-29 12:57:00] Actualizado: Producto ID 336: 20.00 → 15.0
[2025-04-29 12:57:00] Actualizado: Producto ID 337: 165.00 → 140.0
[2025-04-29 12:57:01] Actualizado: Producto ID 338: 120.00 → 100.0
[2025-04-29 12:57:01] Actualizado: Producto ID 339: 50.00 → 45.0
[2025-04-29 12:57:01] Actualizado: Producto ID 340: 155.00 → 130.0
[2025-04-29 12:57:01] Actualizado: Producto ID 341: 140.00 → 120.0
[2025-04-29 12:57:01] Actualizado: Producto ID 342: 100.00 → 85.0
[2025-04-29 12:57:01] Actualizado: Producto ID 343: 110.00 → 90.0
[2025-04-29 12:57:01] Actualizado: Producto ID 344: 35.00 → 30.0
[2025-04-29 12:57:01] Actualizado: Producto ID 345: 60.00 → 50.0
[2025-04-29 12:57:01] Actualizado: Producto ID 346: 40.00 → 35.0
[2025-04-29 12:57:01] Actualizado: Producto ID 347: 15.00 → 10.0
[2025-04-29 12:57:01] Actualizado: Producto ID 348: 15.00 → 10.0
[2025-04-29 12:57:02] Actualizado: Producto ID 349: 10.00 → 5.0
[2025-04-29 12:57:02] Actualizado: Producto ID 350: 70.00 → 60.0
[2025-04-29 12:57:02] Actualizado: Producto ID 351: 50.00 → 45.0
[2025-04-29 12:57:02] Actualizado: Producto ID 352: 20.00 → 15.0
[2025-04-29 12:57:02] Actualizado: Producto ID 353: 45.00 → 40.0
[2025-04-29 12:57:02] Actualizado: Producto ID 354: 140.00 → 120.0
[2025-04-29 12:57:02] Actualizado: Producto ID 355: 15.00 → 10.0
[2025-04-29 12:57:02] Actualizado: Producto ID 358: 35.00 → 30.0
[2025-04-29 12:57:02] Actualizado: Producto ID 359: 85.00 → 70.0
[2025-04-29 12:57:02] Actualizado: Producto ID 360: 35.00 → 30.0
[2025-04-29 12:57:02] Actualizado: Producto ID 361: 15.00 → 10.0
[2025-04-29 12:57:02] Actualizado: Producto ID 362: 85.00 → 70.0
[2025-04-29 12:57:02] Actualizado: Producto ID 364: 10.00 → 5.0
[2025-04-29 12:57:03] Actualizado: Producto ID 366: 50.00 → 45.0
[2025-04-29 12:57:03] Actualizado: Producto ID 367: 260.00 → 220.0
[2025-04-29 12:57:03] Actualizado: Producto ID 368: 100.00 → 85.0
[2025-04-29 12:57:03] Actualizado: Producto ID 369: 100.00 → 85.0
[2025-04-29 12:57:03] Actualizado: Producto ID 370: 145.00 → 125.0
[2025-04-29 12:57:03] Actualizado: Producto ID 371: 110.00 → 90.0
[2025-04-29 12:57:03] Actualizado: Producto ID 372: 65.00 → 55.0
[2025-04-29 12:57:03] Actualizado: Producto ID 377: 155.00 → 130.0
[2025-04-29 12:57:03] Actualizado: Producto ID 399: 10.00 → 5.0
[2025-04-29 12:57:03] Actualizado: Producto ID 376: 40.00 → 35.0
[2025-04-29 12:57:03] Actualizado: Producto ID 378: 155.00 → 130.0
[2025-04-29 12:57:03] Progreso: 350/499 (70.1%) - Tiempo: 31.36s
[2025-04-29 12:57:03] Actualizado: Producto ID 379: 145.00 → 125.0
[2025-04-29 12:57:04] Actualizado: Producto ID 380: 20.00 → 15.0
[2025-04-29 12:57:04] Actualizado: Producto ID 381: 60.00 → 50.0
[2025-04-29 12:57:04] Actualizado: Producto ID 382: 430.00 → 360.0
[2025-04-29 12:57:04] Actualizado: Producto ID 383: 45.00 → 40.0
[2025-04-29 12:57:04] Actualizado: Producto ID 384: 40.00 → 35.0
[2025-04-29 12:57:04] Actualizado: Producto ID 385: 590.00 → 490.0
[2025-04-29 12:57:04] Actualizado: Producto ID 386: 220.00 → 185.0
[2025-04-29 12:57:04] Actualizado: Producto ID 387: 75.00 → 65.0
[2025-04-29 12:57:05] Actualizado: Producto ID 388: 185.00 → 155.0
[2025-04-29 12:57:05] Actualizado: Producto ID 392: 45.00 → 40.0
[2025-04-29 12:57:05] Actualizado: Producto ID 393: 75.00 → 65.0
[2025-04-29 12:57:05] Actualizado: Producto ID 394: 65.00 → 55.0
[2025-04-29 12:57:05] Actualizado: Producto ID 395: 75.00 → 65.0
[2025-04-29 12:57:05] Actualizado: Producto ID 396: 15.00 → 10.0
[2025-04-29 12:57:05] Actualizado: Producto ID 397: 480.00 → 400.0
[2025-04-29 12:57:05] Actualizado: Producto ID 398: 35.00 → 30.0
[2025-04-29 12:57:05] Actualizado: Producto ID 400: 65.00 → 55.0
[2025-04-29 12:57:05] Actualizado: Producto ID 402: 35.00 → 30.0
[2025-04-29 12:57:05] Actualizado: Producto ID 403: 45.00 → 40.0
[2025-04-29 12:57:05] Actualizado: Producto ID 404: 35.00 → 30.0
[2025-04-29 12:57:05] Actualizado: Producto ID 405: 65.00 → 55.0
[2025-04-29 12:57:06] Actualizado: Producto ID 406: 130.00 → 105.0
[2025-04-29 12:57:06] Actualizado: Producto ID 407: 50.00 → 45.0
[2025-04-29 12:57:06] Actualizado: Producto ID 408: 20.00 → 15.0
[2025-04-29 12:57:06] Actualizado: Producto ID 409: 15.00 → 10.0
[2025-04-29 12:57:06] Actualizado: Producto ID 374: 120.00 → 100.0
[2025-04-29 12:57:06] Actualizado: Producto ID 375: 190.00 → 160.0
[2025-04-29 12:57:06] Actualizado: Producto ID 425: 10.00 → 5.0
[2025-04-29 12:57:06] Actualizado: Producto ID 426: 10.00 → 5.0
[2025-04-29 12:57:06] Actualizado: Producto ID 447: 10.00 → 5.0
[2025-04-29 12:57:06] Actualizado: Producto ID 414: 620.00 → 520.0
[2025-04-29 12:57:07] Actualizado: Producto ID 415: 445.00 → 370.0
[2025-04-29 12:57:07] Actualizado: Producto ID 416: 145.00 → 125.0
[2025-04-29 12:57:07] Actualizado: Producto ID 417: 45.00 → 40.0
[2025-04-29 12:57:07] Actualizado: Producto ID 418: 140.00 → 120.0
[2025-04-29 12:57:07] Actualizado: Producto ID 419: 180.00 → 150.0
[2025-04-29 12:57:07] Actualizado: Producto ID 420: 20.00 → 15.0
[2025-04-29 12:57:07] Actualizado: Producto ID 421: 20.00 → 15.0
[2025-04-29 12:57:07] Actualizado: Producto ID 422: 20.00 → 15.0
[2025-04-29 12:57:07] Actualizado: Producto ID 423: 20.00 → 15.0
[2025-04-29 12:57:07] Actualizado: Producto ID 424: 65.00 → 55.0
[2025-04-29 12:57:07] Actualizado: Producto ID 427: 120.00 → 100.0
[2025-04-29 12:57:07] Actualizado: Producto ID 428: 45.00 → 40.0
[2025-04-29 12:57:08] Actualizado: Producto ID 429: 130.00 → 105.0
[2025-04-29 12:57:08] Actualizado: Producto ID 431: 75.00 → 65.0
[2025-04-29 12:57:08] Actualizado: Producto ID 432: 145.00 → 125.0
[2025-04-29 12:57:08] Actualizado: Producto ID 433: 90.00 → 75.0
[2025-04-29 12:57:08] Actualizado: Producto ID 434: 110.00 → 90.0
[2025-04-29 12:57:08] Progreso: 400/499 (80.2%) - Tiempo: 35.91s
[2025-04-29 12:57:08] Actualizado: Producto ID 435: 70.00 → 60.0
[2025-04-29 12:57:08] Actualizado: Producto ID 436: 65.00 → 55.0
[2025-04-29 12:57:08] Actualizado: Producto ID 437: 180.00 → 150.0
[2025-04-29 12:57:08] Actualizado: Producto ID 438: 1165.00 → 970.0
[2025-04-29 12:57:08] Actualizado: Producto ID 439: 610.00 → 505.0
[2025-04-29 12:57:08] Actualizado: Producto ID 440: 145.00 → 125.0
[2025-04-29 12:57:09] Actualizado: Producto ID 441: 130.00 → 105.0
[2025-04-29 12:57:09] Actualizado: Producto ID 442: 65.00 → 55.0
[2025-04-29 12:57:09] Actualizado: Producto ID 443: 205.00 → 170.0
[2025-04-29 12:57:09] Actualizado: Producto ID 444: 350.00 → 290.0
[2025-04-29 12:57:09] Actualizado: Producto ID 445: 170.00 → 145.0
[2025-04-29 12:57:09] Actualizado: Producto ID 446: 170.00 → 145.0
[2025-04-29 12:57:09] Actualizado: Producto ID 448: 90.00 → 75.0
[2025-04-29 12:57:09] Actualizado: Producto ID 449: 60.00 → 50.0
[2025-04-29 12:57:09] Actualizado: Producto ID 450: 195.00 → 165.0
[2025-04-29 12:57:09] Actualizado: Producto ID 484: 10.00 → 5.0
[2025-04-29 12:57:09] Actualizado: Producto ID 486: 10.00 → 5.0
[2025-04-29 12:57:09] Actualizado: Producto ID 488: 10.00 → 5.0
[2025-04-29 12:57:09] Actualizado: Producto ID 451: 50.00 → 45.0
[2025-04-29 12:57:10] Actualizado: Producto ID 452: 700.00 → 585.0
[2025-04-29 12:57:10] Actualizado: Producto ID 454: 85.00 → 70.0
[2025-04-29 12:57:10] Actualizado: Producto ID 455: 255.00 → 215.0
[2025-04-29 12:57:10] Actualizado: Producto ID 456: 20.00 → 15.0
[2025-04-29 12:57:10] Actualizado: Producto ID 457: 1115.00 → 930.0
[2025-04-29 12:57:10] Actualizado: Producto ID 458: 85.00 → 70.0
[2025-04-29 12:57:10] Actualizado: Producto ID 459: 180.00 → 150.0
[2025-04-29 12:57:10] Actualizado: Producto ID 460: 90.00 → 75.0
[2025-04-29 12:57:10] Actualizado: Producto ID 461: 185.00 → 155.0
[2025-04-29 12:57:10] Actualizado: Producto ID 462: 110.00 → 90.0
[2025-04-29 12:57:10] Actualizado: Producto ID 463: 130.00 → 105.0
[2025-04-29 12:57:11] Actualizado: Producto ID 464: 130.00 → 105.0
[2025-04-29 12:57:11] Actualizado: Producto ID 466: 15.00 → 10.0
[2025-04-29 12:57:11] Actualizado: Producto ID 467: 210.00 → 175.0
[2025-04-29 12:57:11] Actualizado: Producto ID 468: 430.00 → 360.0
[2025-04-29 12:57:11] Actualizado: Producto ID 469: 130.00 → 105.0
[2025-04-29 12:57:11] Actualizado: Producto ID 470: 190.00 → 160.0
[2025-04-29 12:57:11] Actualizado: Producto ID 471: 220.00 → 185.0
[2025-04-29 12:57:11] Actualizado: Producto ID 472: 95.00 → 80.0
[2025-04-29 12:57:11] Actualizado: Producto ID 473: 115.00 → 95.0
[2025-04-29 12:57:11] Actualizado: Producto ID 474: 160.00 → 135.0
[2025-04-29 12:57:11] Actualizado: Producto ID 475: 155.00 → 130.0
[2025-04-29 12:57:11] Actualizado: Producto ID 476: 260.00 → 220.0
[2025-04-29 12:57:12] Actualizado: Producto ID 477: 115.00 → 95.0
[2025-04-29 12:57:12] Actualizado: Producto ID 478: 90.00 → 75.0
[2025-04-29 12:57:12] Actualizado: Producto ID 479: 230.00 → 190.0
[2025-04-29 12:57:12] Actualizado: Producto ID 480: 90.00 → 75.0
[2025-04-29 12:57:12] Actualizado: Producto ID 481: 120.00 → 100.0
[2025-04-29 12:57:12] Actualizado: Producto ID 482: 140.00 → 120.0
[2025-04-29 12:57:12] Actualizado: Producto ID 483: 110.00 → 90.0
[2025-04-29 12:57:12] Progreso: 450/499 (90.2%) - Tiempo: 39.94s
[2025-04-29 12:57:12] Actualizado: Producto ID 485: 60.00 → 50.0
[2025-04-29 12:57:12] Actualizado: Producto ID 487: 70.00 → 60.0
[2025-04-29 12:57:12] Actualizado: Producto ID 489: 65.00 → 55.0
[2025-04-29 12:57:13] Actualizado: Producto ID 506: 10.00 → 5.0
[2025-04-29 12:57:13] Actualizado: Producto ID 501: 60.00 → 50.0
[2025-04-29 12:57:13] Actualizado: Producto ID 490: 40.00 → 35.0
[2025-04-29 12:57:13] Actualizado: Producto ID 491: 20.00 → 15.0
[2025-04-29 12:57:13] Actualizado: Producto ID 492: 155.00 → 130.0
[2025-04-29 12:57:13] Actualizado: Producto ID 493: 240.00 → 200.0
[2025-04-29 12:57:13] Actualizado: Producto ID 495: 90.00 → 75.0
[2025-04-29 12:57:13] Actualizado: Producto ID 496: 45.00 → 40.0
[2025-04-29 12:57:13] Actualizado: Producto ID 497: 35.00 → 30.0
[2025-04-29 12:57:14] Actualizado: Producto ID 498: 110.00 → 90.0
[2025-04-29 12:57:14] Actualizado: Producto ID 499: 135.00 → 115.0
[2025-04-29 12:57:14] Actualizado: Producto ID 500: 65.00 → 55.0
[2025-04-29 12:57:14] Actualizado: Producto ID 502: 130.00 → 105.0
[2025-04-29 12:57:14] Actualizado: Producto ID 503: 60.00 → 50.0
[2025-04-29 12:57:14] Actualizado: Producto ID 504: 120.00 → 100.0
[2025-04-29 12:57:14] Actualizado: Producto ID 507: 160.00 → 135.0
[2025-04-29 12:57:14] Actualizado: Producto ID 508: 115.00 → 95.0
[2025-04-29 12:57:14] Actualizado: Producto ID 509: 75.00 → 65.0
[2025-04-29 12:57:14] Actualizado: Producto ID 510: 900.00 → 750.0
[2025-04-29 12:57:14] Actualizado: Producto ID 511: 430.00 → 360.0
[2025-04-29 12:57:14] Actualizado: Producto ID 512: 355.00 → 295.0
[2025-04-29 12:57:14] Actualizado: Producto ID 513: 115.00 → 95.0
[2025-04-29 12:57:15] Actualizado: Producto ID 331: 50.00 → 45.0
[2025-04-29 12:57:15] Actualizado: Producto ID 335: 60.00 → 50.0
[2025-04-29 12:57:15] Actualizado: Producto ID 373: 115.00 → 95.0
[2025-04-29 12:57:15] Actualizado: Producto ID 298: 215.00 → 180.0
[2025-04-29 12:57:15] Actualizado: Producto ID 15: 140.00 → 120.0
[2025-04-29 12:57:15] Actualizado: Producto ID 86: 50.00 → 45.0
[2025-04-29 12:57:15] Actualizado: Producto ID 514: 170.00 → 145.0
[2025-04-29 12:57:15] Actualizado: Producto ID 1: 50.00 → 45.0
[2025-04-29 12:57:15] Actualizado: Producto ID 18: 195.00 → 165.0
[2025-04-29 12:57:15] Actualizado: Producto ID 43: 165.00 → 140.0
[2025-04-29 12:57:16] Actualizado: Producto ID 76: 15.00 → 10.0
[2025-04-29 12:57:16] Actualizado: Producto ID 84: 45.00 → 40.0
[2025-04-29 12:57:16] Actualizado: Producto ID 100: 35.00 → 30.0
[2025-04-29 12:57:16] Actualizado: Producto ID 125: 75.00 → 65.0
[2025-04-29 12:57:16] Actualizado: Producto ID 151: 220.00 → 185.0
[2025-04-29 12:57:16] Actualizado: Producto ID 166: 145.00 → 125.0
[2025-04-29 12:57:16] Actualizado: Producto ID 196: 195.00 → 165.0
[2025-04-29 12:57:16] Actualizado: Producto ID 207: 95.00 → 80.0
[2025-04-29 12:57:16] Actualizado: Producto ID 232: 265.00 → 225.0
[2025-04-29 12:57:16] Actualizado: Producto ID 248: 70.00 → 60.0
[2025-04-29 12:57:16] Actualizado: Producto ID 278: 65.00 → 55.0
[2025-04-29 12:57:16] Actualizado: Producto ID 289: 565.00 → 470.0
[2025-04-29 12:57:16] Progreso: 499/499 (100.0%) - Tiempo: 44.41s
[2025-04-29 12:57:17] Actualizado: Producto ID 297: 115.00 → 95.0
[2025-04-29 12:57:17] ==== RESUMEN DE ACTUALIZACIÓN ====
[2025-04-29 12:57:17] Total productos revisados: 499
[2025-04-29 12:57:17] Productos actualizados: 482
[2025-04-29 12:57:17] Productos sin cambios: 17
[2025-04-29 12:57:17] Tasa aplicada: 100
[2025-04-29 12:57:17] Tiempo total: 44.63 segundos
[2025-04-29 12:57:17] Velocidad: 11.18 productos/segundo
[2025-04-29 12:57:17] Conexión cerrada. Proceso completado.
[2025-04-29 12:57:17] === FIN DE ACTUALIZACIÓN DE PRECIOS BASE ===
[2025-04-29 17:04:45] === INICIO DE ACTUALIZACIÓN DE PRECIOS BASE ===
[2025-04-29 17:04:45] Intentando conectar a bodegaclicktest en ep-withered-heart-a4btm25j-pooler.us-east-1.aws.neon.tech...
[2025-04-29 17:04:47] Conexión exitosa a la base de datos: bodegaclicktest
[2025-04-29 17:04:47] ADVERTENCIA: No se encontró la tasa BCV en la base de datos.
[2025-04-29 17:04:47] Tasas actuales: BCV = 0.0, PARALELO = 120.00
[2025-04-29 17:05:00] Tasas a utilizar: BCV = 90, PARALELO = 100
[2025-04-29 17:05:03] Tasa BCV actualizada a 90
[2025-04-29 17:05:03] Tasa PARALELO actualizada a 100
[2025-04-29 17:05:03] Consultando productos con precio_base_usd > 0...
[2025-04-29 17:05:04] Se encontraron 499 productos para revisar
[2025-04-29 17:05:04] Actualizado: Producto ID 3 (Tasa: BCV): 300.00 → 270.0
[2025-04-29 17:05:04] Progreso: 50/499 (10.0%) - Tiempo: 0.39s
[2025-04-29 17:05:04] Progreso: 100/499 (20.0%) - Tiempo: 0.39s
[2025-04-29 17:05:04] Progreso: 150/499 (30.1%) - Tiempo: 0.39s
[2025-04-29 17:05:04] Progreso: 200/499 (40.1%) - Tiempo: 0.39s
[2025-04-29 17:05:04] Progreso: 250/499 (50.1%) - Tiempo: 0.39s
[2025-04-29 17:05:04] Progreso: 300/499 (60.1%) - Tiempo: 0.39s
[2025-04-29 17:05:04] Progreso: 350/499 (70.1%) - Tiempo: 0.39s
[2025-04-29 17:05:04] Progreso: 400/499 (80.2%) - Tiempo: 0.40s
[2025-04-29 17:05:04] Progreso: 450/499 (90.2%) - Tiempo: 0.40s
[2025-04-29 17:05:04] Progreso: 499/499 (100.0%) - Tiempo: 0.40s
[2025-04-29 17:05:05] ==== RESUMEN DE ACTUALIZACIÓN ====
[2025-04-29 17:05:05] Total productos revisados: 499
[2025-04-29 17:05:05] Productos actualizados: 1
[2025-04-29 17:05:05] Productos sin cambios: 498
[2025-04-29 17:05:05] Tasas aplicadas: BCV = 90, PARALELO = 100
[2025-04-29 17:05:05] Productos por tipo de tasa: BCV = 1, PARALELO = 498, DESCONOCIDO = 0
[2025-04-29 17:05:05] Tiempo total: 1.02 segundos
[2025-04-29 17:05:05] Velocidad: 491.32 productos/segundo
[2025-04-29 17:05:05] Conexión cerrada. Proceso completado.
[2025-04-29 17:05:05] === FIN DE ACTUALIZACIÓN DE PRECIOS BASE ===
[2025-04-29 17:10:11] === INICIO DE ACTUALIZACIÓN DE PRECIOS BASE ===
[2025-04-29 17:10:11] Intentando conectar a bodegaclicktest en ep-floral-surf-a4m7e3ws-pooler.us-east-1.aws.neon.tech...
[2025-04-29 17:10:12] Conexión exitosa a la base de datos: bodegaclicktest
[2025-04-29 17:10:12] Tasas actuales: BCV = 90.00, PARALELO = 100.00
[2025-04-29 17:10:21] Tasas a utilizar: BCV = 90, PARALELO = 100
[2025-04-29 17:10:28] Tasa BCV actualizada a 90
[2025-04-29 17:10:28] Tasa PARALELO actualizada a 100
[2025-04-29 17:10:28] Consultando productos con precio_base_usd > 0...
[2025-04-29 17:10:29] Se encontraron 537 productos para revisar
[2025-04-29 17:10:29] Actualizado: Producto ID 191 (Tasa: BCV): 905.00 → 1020.0
[2025-04-29 17:10:29] Actualizado: Producto ID 568 (Tasa: PARALELO): 5.00 → 10.0
[2025-04-29 17:10:29] Actualizado: Producto ID 196 (Tasa: BCV): 295.00 → 335.0
[2025-04-29 17:10:29] Actualizado: Producto ID 69 (Tasa: PARALELO): 45.00 → 50.0
[2025-04-29 17:10:29] Actualizado: Producto ID 577 (Tasa: PARALELO): 70.00 → 75.0
[2025-04-29 17:10:29] Actualizado: Producto ID 239 (Tasa: BCV): 40.00 → 55.0
[2025-04-29 17:10:29] Actualizado: Producto ID 94 (Tasa: PARALELO): 40.00 → 45.0
[2025-04-29 17:10:29] Actualizado: Producto ID 192 (Tasa: BCV): 115.00 → 150.0
[2025-04-29 17:10:29] Actualizado: Producto ID 566 (Tasa: PARALELO): 40.00 → 45.0
[2025-04-29 17:10:29] Actualizado: Producto ID 182 (Tasa: BCV): 55.00 → 70.0
[2025-04-29 17:10:29] Actualizado: Producto ID 569 (Tasa: PARALELO): 80.00 → 90.0
[2025-04-29 17:10:30] Actualizado: Producto ID 208 (Tasa: PARALELO): 45.00 → 50.0
[2025-04-29 17:10:30] Actualizado: Producto ID 117 (Tasa: BCV): 20.00 → 30.0
[2025-04-29 17:10:30] Actualizado: Producto ID 22 (Tasa: PARALELO): 40.00 → 45.0
[2025-04-29 17:10:30] Actualizado: Producto ID 186 (Tasa: PARALELO): 175.00 → 195.0
[2025-04-29 17:10:30] Actualizado: Producto ID 71 (Tasa: PARALELO): 35.00 → 40.0
[2025-04-29 17:10:30] Actualizado: Producto ID 231 (Tasa: BCV): 35.00 → 45.0
[2025-04-29 17:10:30] Actualizado: Producto ID 174 (Tasa: PARALELO): 120.00 → 135.0
[2025-04-29 17:10:30] Actualizado: Producto ID 352 (Tasa: PARALELO): 160.00 → 185.0
[2025-04-29 17:10:30] Actualizado: Producto ID 466 (Tasa: PARALELO): 210.00 → 220.0
[2025-04-29 17:10:30] Actualizado: Producto ID 12 (Tasa: PARALELO): 150.00 → 155.0
[2025-04-29 17:10:30] Actualizado: Producto ID 240 (Tasa: BCV): 25.00 → 30.0
[2025-04-29 17:10:30] Actualizado: Producto ID 55 (Tasa: PARALELO): 125.00 → 145.0
[2025-04-29 17:10:30] Actualizado: Producto ID 308 (Tasa: BCV): 130.00 → 170.0
[2025-04-29 17:10:31] Actualizado: Producto ID 344 (Tasa: BCV): 15.00 → 20.0
[2025-04-29 17:10:31] Actualizado: Producto ID 332 (Tasa: PARALELO): 150.00 → 165.0
[2025-04-29 17:10:31] Actualizado: Producto ID 309 (Tasa: BCV): 85.00 → 105.0
[2025-04-29 17:10:31] Actualizado: Producto ID 572 (Tasa: PARALELO): 65.00 → 75.0
[2025-04-29 17:10:31] Actualizado: Producto ID 99 (Tasa: PARALELO): 30.00 → 35.0
[2025-04-29 17:10:31] Actualizado: Producto ID 19 (Tasa: PARALELO): 55.00 → 65.0
[2025-04-29 17:10:31] Actualizado: Producto ID 40 (Tasa: PARALELO): 75.00 → 90.0
[2025-04-29 17:10:31] Actualizado: Producto ID 159 (Tasa: PARALELO): 2340.00 → 2600.0
[2025-04-29 17:10:31] Actualizado: Producto ID 316 (Tasa: PARALELO): 90.00 → 100.0
[2025-04-29 17:10:31] Actualizado: Producto ID 331 (Tasa: PARALELO): 35.00 → 40.0
[2025-04-29 17:10:31] Actualizado: Producto ID 58 (Tasa: PARALELO): 105.00 → 125.0
[2025-04-29 17:10:31] Actualizado: Producto ID 229 (Tasa: PARALELO): 55.00 → 65.0
[2025-04-29 17:10:31] Actualizado: Producto ID 573 (Tasa: PARALELO): 170.00 → 190.0
[2025-04-29 17:10:31] Progreso: 50/537 (9.3%) - Tiempo: 2.72s
[2025-04-29 17:10:31] Actualizado: Producto ID 424 (Tasa: PARALELO): 115.00 → 135.0
[2025-04-29 17:10:32] Actualizado: Producto ID 357 (Tasa: PARALELO): 85.00 → 95.0
[2025-04-29 17:10:32] Actualizado: Producto ID 281 (Tasa: BCV): 25.00 → 30.0
[2025-04-29 17:10:32] Actualizado: Producto ID 355 (Tasa: BCV): 45.00 → 60.0
[2025-04-29 17:10:32] Actualizado: Producto ID 356 (Tasa: PARALELO): 70.00 → 75.0
[2025-04-29 17:10:32] Actualizado: Producto ID 68 (Tasa: PARALELO): 90.00 → 105.0
[2025-04-29 17:10:32] Actualizado: Producto ID 236 (Tasa: PARALELO): 60.00 → 65.0
[2025-04-29 17:10:32] Actualizado: Producto ID 213 (Tasa: PARALELO): 120.00 → 130.0
[2025-04-29 17:10:32] Actualizado: Producto ID 243 (Tasa: PARALELO): 40.00 → 45.0
[2025-04-29 17:10:32] Actualizado: Producto ID 437 (Tasa: PARALELO): 30.00 → 35.0
[2025-04-29 17:10:32] Actualizado: Producto ID 319 (Tasa: BCV): 20.00 → 30.0
[2025-04-29 17:10:32] Actualizado: Producto ID 489 (Tasa: PARALELO): 5.00 → 10.0
[2025-04-29 17:10:33] Actualizado: Producto ID 254 (Tasa: PARALELO): 40.00 → 45.0
[2025-04-29 17:10:33] Actualizado: Producto ID 228 (Tasa: BCV): 85.00 → 110.0
[2025-04-29 17:10:33] Actualizado: Producto ID 405 (Tasa: PARALELO): 110.00 → 125.0
[2025-04-29 17:10:33] Actualizado: Producto ID 271 (Tasa: BCV): 30.00 → 35.0
[2025-04-29 17:10:33] Actualizado: Producto ID 575 (Tasa: PARALELO): 85.00 → 95.0
[2025-04-29 17:10:33] Actualizado: Producto ID 436 (Tasa: PARALELO): 5.00 → 10.0
[2025-04-29 17:10:33] Actualizado: Producto ID 342 (Tasa: BCV): 90.00 → 115.0
[2025-04-29 17:10:33] Actualizado: Producto ID 205 (Tasa: PARALELO): 45.00 → 55.0
[2025-04-29 17:10:33] Actualizado: Producto ID 210 (Tasa: PARALELO): 30.00 → 35.0
[2025-04-29 17:10:33] Actualizado: Producto ID 482 (Tasa: PARALELO): 80.00 → 95.0
[2025-04-29 17:10:33] Actualizado: Producto ID 483 (Tasa: PARALELO): 80.00 → 95.0
[2025-04-29 17:10:33] Actualizado: Producto ID 184 (Tasa: PARALELO): 160.00 → 180.0
[2025-04-29 17:10:34] Actualizado: Producto ID 420 (Tasa: PARALELO): 35.00 → 40.0
[2025-04-29 17:10:34] Actualizado: Producto ID 491 (Tasa: PARALELO): 75.00 → 85.0
[2025-04-29 17:10:34] Actualizado: Producto ID 155 (Tasa: PARALELO): 35.00 → 40.0
[2025-04-29 17:10:34] Actualizado: Producto ID 133 (Tasa: PARALELO): 25.00 → 30.0
[2025-04-29 17:10:34] Actualizado: Producto ID 426 (Tasa: BCV): 70.00 → 90.0
[2025-04-29 17:10:34] Actualizado: Producto ID 136 (Tasa: PARALELO): 80.00 → 90.0
[2025-04-29 17:10:34] Actualizado: Producto ID 60 (Tasa: BCV): 405.00 → 520.0
[2025-04-29 17:10:34] Actualizado: Producto ID 449 (Tasa: PARALELO): 115.00 → 135.0
[2025-04-29 17:10:34] Actualizado: Producto ID 282 (Tasa: PARALELO): 25.00 → 30.0
[2025-04-29 17:10:34] Actualizado: Producto ID 108 (Tasa: PARALELO): 195.00 → 215.0
[2025-04-29 17:10:34] Actualizado: Producto ID 385 (Tasa: BCV): 155.00 → 195.0
[2025-04-29 17:10:34] Actualizado: Producto ID 607 (Tasa: PARALELO): 0.00 → 130.0
[2025-04-29 17:10:34] Actualizado: Producto ID 283 (Tasa: BCV): 40.00 → 55.0
[2025-04-29 17:10:35] Actualizado: Producto ID 188 (Tasa: PARALELO): 55.00 → 60.0
[2025-04-29 17:10:35] Progreso: 100/537 (18.6%) - Tiempo: 5.84s
[2025-04-29 17:10:35] Actualizado: Producto ID 330 (Tasa: PARALELO): 185.00 → 205.0
[2025-04-29 17:10:35] Actualizado: Producto ID 484 (Tasa: PARALELO): 75.00 → 85.0
[2025-04-29 17:10:35] Actualizado: Producto ID 602 (Tasa: PARALELO): 40.00 → 45.0
[2025-04-29 17:10:35] Actualizado: Producto ID 470 (Tasa: PARALELO): 65.00 → 75.0
[2025-04-29 17:10:35] Actualizado: Producto ID 387 (Tasa: PARALELO): 100.00 → 120.0
[2025-04-29 17:10:35] Actualizado: Producto ID 478 (Tasa: PARALELO): 85.00 → 105.0
[2025-04-29 17:10:35] Actualizado: Producto ID 275 (Tasa: BCV): 70.00 → 90.0
[2025-04-29 17:10:35] Actualizado: Producto ID 294 (Tasa: BCV): 95.00 → 120.0
[2025-04-29 17:10:35] Actualizado: Producto ID 264 (Tasa: BCV): 100.00 → 125.0
[2025-04-29 17:10:35] Actualizado: Producto ID 446 (Tasa: BCV): 25.00 → 30.0
[2025-04-29 17:10:35] Actualizado: Producto ID 479 (Tasa: PARALELO): 90.00 → 110.0
[2025-04-29 17:10:35] Actualizado: Producto ID 608 (Tasa: BCV): 340.00 → 360.0
[2025-04-29 17:10:35] Actualizado: Producto ID 365 (Tasa: BCV): 80.00 → 100.0
[2025-04-29 17:10:36] Actualizado: Producto ID 336 (Tasa: PARALELO): 180.00 → 200.0
[2025-04-29 17:10:36] Actualizado: Producto ID 492 (Tasa: PARALELO): 85.00 → 100.0
[2025-04-29 17:10:36] Actualizado: Producto ID 358 (Tasa: BCV): 40.00 → 55.0
[2025-04-29 17:10:36] Actualizado: Producto ID 13 (Tasa: PARALELO): 65.00 → 75.0
[2025-04-29 17:10:36] Actualizado: Producto ID 126 (Tasa: BCV): 30.00 → 35.0
[2025-04-29 17:10:36] Actualizado: Producto ID 156 (Tasa: PARALELO): 50.00 → 55.0
[2025-04-29 17:10:36] Actualizado: Producto ID 138 (Tasa: PARALELO): 105.00 → 115.0
[2025-04-29 17:10:36] Actualizado: Producto ID 161 (Tasa: PARALELO): 95.00 → 105.0
[2025-04-29 17:10:36] Actualizado: Producto ID 83 (Tasa: PARALELO): 0.00 → 15.0
[2025-04-29 17:10:36] Actualizado: Producto ID 445 (Tasa: BCV): 55.00 → 70.0
[2025-04-29 17:10:36] Actualizado: Producto ID 180 (Tasa: PARALELO): 85.00 → 95.0
[2025-04-29 17:10:36] Actualizado: Producto ID 158 (Tasa: PARALELO): 60.00 → 65.0
[2025-04-29 17:10:36] Actualizado: Producto ID 368 (Tasa: PARALELO): 75.00 → 85.0
[2025-04-29 17:10:36] Actualizado: Producto ID 354 (Tasa: BCV): 55.00 → 70.0
[2025-04-29 17:10:37] Actualizado: Producto ID 181 (Tasa: PARALELO): 45.00 → 55.0
[2025-04-29 17:10:37] Actualizado: Producto ID 468 (Tasa: PARALELO): 125.00 → 140.0
[2025-04-29 17:10:37] Actualizado: Producto ID 150 (Tasa: PARALELO): 105.00 → 120.0
[2025-04-29 17:10:37] Actualizado: Producto ID 139 (Tasa: BCV): 95.00 → 125.0
[2025-04-29 17:10:37] Actualizado: Producto ID 451 (Tasa: PARALELO): 240.00 → 255.0
[2025-04-29 17:10:37] Actualizado: Producto ID 195 (Tasa: BCV): 385.00 → 405.0
[2025-04-29 17:10:37] Actualizado: Producto ID 439 (Tasa: PARALELO): 160.00 → 190.0
[2025-04-29 17:10:37] Actualizado: Producto ID 165 (Tasa: PARALELO): 40.00 → 45.0
[2025-04-29 17:10:37] Actualizado: Producto ID 149 (Tasa: PARALELO): 120.00 → 135.0
[2025-04-29 17:10:37] Progreso: 150/537 (27.9%) - Tiempo: 8.43s
[2025-04-29 17:10:37] Actualizado: Producto ID 252 (Tasa: PARALELO): 120.00 → 135.0
[2025-04-29 17:10:37] Actualizado: Producto ID 106 (Tasa: PARALELO): 60.00 → 65.0
[2025-04-29 17:10:37] Actualizado: Producto ID 85 (Tasa: PARALELO): 0.00 → 60.0
[2025-04-29 17:10:37] Actualizado: Producto ID 490 (Tasa: PARALELO): 150.00 → 175.0
[2025-04-29 17:10:38] Actualizado: Producto ID 197 (Tasa: PARALELO): 305.00 → 340.0
[2025-04-29 17:10:38] Actualizado: Producto ID 251 (Tasa: PARALELO): 125.00 → 145.0
[2025-04-29 17:10:38] Actualizado: Producto ID 372 (Tasa: PARALELO): 30.00 → 35.0
[2025-04-29 17:10:38] Actualizado: Producto ID 310 (Tasa: PARALELO): 135.00 → 150.0
[2025-04-29 17:10:38] Actualizado: Producto ID 77 (Tasa: PARALELO): 360.00 → 405.0
[2025-04-29 17:10:38] Actualizado: Producto ID 495 (Tasa: PARALELO): 50.00 → 55.0
[2025-04-29 17:10:38] Actualizado: Producto ID 227 (Tasa: PARALELO): 40.00 → 45.0
[2025-04-29 17:10:38] Actualizado: Producto ID 24 (Tasa: BCV): 30.00 → 40.0
[2025-04-29 17:10:38] Actualizado: Producto ID 238 (Tasa: PARALELO): 95.00 → 105.0
[2025-04-29 17:10:38] Actualizado: Producto ID 340 (Tasa: PARALELO): 150.00 → 170.0
[2025-04-29 17:10:38] Actualizado: Producto ID 422 (Tasa: PARALELO): 20.00 → 25.0
[2025-04-29 17:10:38] Actualizado: Producto ID 41 (Tasa: PARALELO): 65.00 → 75.0
[2025-04-29 17:10:38] Actualizado: Producto ID 5 (Tasa: BCV): 280.00 → 360.0
[2025-04-29 17:10:39] Actualizado: Producto ID 48 (Tasa: PARALELO): 5.00 → 10.0
[2025-04-29 17:10:39] Actualizado: Producto ID 53 (Tasa: BCV): 10.00 → 15.0
[2025-04-29 17:10:39] Actualizado: Producto ID 463 (Tasa: PARALELO): 25.00 → 30.0
[2025-04-29 17:10:39] Actualizado: Producto ID 92 (Tasa: PARALELO): 115.00 → 130.0
[2025-04-29 17:10:39] Actualizado: Producto ID 338 (Tasa: PARALELO): 155.00 → 200.0
[2025-04-29 17:10:39] Actualizado: Producto ID 278 (Tasa: PARALELO): 70.00 → 75.0
[2025-04-29 17:10:39] Actualizado: Producto ID 4 (Tasa: BCV): 80.00 → 105.0
[2025-04-29 17:10:39] Actualizado: Producto ID 145 (Tasa: BCV): 165.00 → 210.0
[2025-04-29 17:10:39] Actualizado: Producto ID 285 (Tasa: PARALELO): 100.00 → 110.0
[2025-04-29 17:10:39] Actualizado: Producto ID 21 (Tasa: BCV): 460.00 → 590.0
[2025-04-29 17:10:40] Actualizado: Producto ID 38 (Tasa: PARALELO): 45.00 → 55.0
[2025-04-29 17:10:40] Actualizado: Producto ID 31 (Tasa: PARALELO): 145.00 → 170.0
[2025-04-29 17:10:40] Actualizado: Producto ID 3 (Tasa: BCV): 125.00 → 155.0
[2025-04-29 17:10:40] Actualizado: Producto ID 6 (Tasa: PARALELO): 150.00 → 175.0
[2025-04-29 17:10:40] Actualizado: Producto ID 16 (Tasa: BCV): 725.00 → 935.0
[2025-04-29 17:10:40] Actualizado: Producto ID 45 (Tasa: PARALELO): 95.00 → 105.0
[2025-04-29 17:10:40] Actualizado: Producto ID 209 (Tasa: PARALELO): 90.00 → 100.0
[2025-04-29 17:10:40] Actualizado: Producto ID 226 (Tasa: PARALELO): 145.00 → 165.0
[2025-04-29 17:10:40] Actualizado: Producto ID 382 (Tasa: PARALELO): 35.00 → 40.0
[2025-04-29 17:10:40] Actualizado: Producto ID 460 (Tasa: BCV): 30.00 → 35.0
[2025-04-29 17:10:40] Actualizado: Producto ID 185 (Tasa: PARALELO): 85.00 → 95.0
[2025-04-29 17:10:40] Actualizado: Producto ID 179 (Tasa: PARALELO): 110.00 → 120.0
[2025-04-29 17:10:40] Actualizado: Producto ID 467 (Tasa: PARALELO): 125.00 → 135.0
[2025-04-29 17:10:40] Actualizado: Producto ID 346 (Tasa: PARALELO): 50.00 → 55.0
[2025-04-29 17:10:40] Progreso: 200/537 (37.2%) - Tiempo: 11.75s
[2025-04-29 17:10:41] Actualizado: Producto ID 9 (Tasa: BCV): 80.00 → 105.0
[2025-04-29 17:10:41] Actualizado: Producto ID 258 (Tasa: PARALELO): 30.00 → 35.0
[2025-04-29 17:10:41] Actualizado: Producto ID 454 (Tasa: PARALELO): 85.00 → 90.0
[2025-04-29 17:10:41] Actualizado: Producto ID 87 (Tasa: PARALELO): 55.00 → 60.0
[2025-04-29 17:10:41] Actualizado: Producto ID 172 (Tasa: PARALELO): 105.00 → 115.0
[2025-04-29 17:10:41] Actualizado: Producto ID 80 (Tasa: PARALELO): 45.00 → 50.0
[2025-04-29 17:10:41] Actualizado: Producto ID 81 (Tasa: PARALELO): 55.00 → 60.0
[2025-04-29 17:10:41] Actualizado: Producto ID 320 (Tasa: BCV): 70.00 → 75.0
[2025-04-29 17:10:41] Actualizado: Producto ID 473 (Tasa: PARALELO): 115.00 → 130.0
[2025-04-29 17:10:41] Actualizado: Producto ID 339 (Tasa: PARALELO): 105.00 → 120.0
[2025-04-29 17:10:42] Actualizado: Producto ID 89 (Tasa: PARALELO): 415.00 → 490.0
[2025-04-29 17:10:42] Actualizado: Producto ID 97 (Tasa: BCV): 100.00 → 130.0
[2025-04-29 17:10:42] Actualizado: Producto ID 100 (Tasa: PARALELO): 135.00 → 160.0
[2025-04-29 17:10:42] Actualizado: Producto ID 104 (Tasa: PARALELO): 80.00 → 90.0
[2025-04-29 17:10:42] Actualizado: Producto ID 79 (Tasa: BCV): 50.00 → 65.0
[2025-04-29 17:10:42] Actualizado: Producto ID 75 (Tasa: PARALELO): 5.00 → 10.0
[2025-04-29 17:10:42] Actualizado: Producto ID 70 (Tasa: PARALELO): 20.00 → 25.0
[2025-04-29 17:10:42] Actualizado: Producto ID 137 (Tasa: PARALELO): 75.00 → 85.0
[2025-04-29 17:10:42] Actualizado: Producto ID 88 (Tasa: BCV): 145.00 → 190.0
[2025-04-29 17:10:42] Actualizado: Producto ID 86 (Tasa: BCV): 120.00 → 155.0
[2025-04-29 17:10:42] Actualizado: Producto ID 25 (Tasa: PARALELO): 65.00 → 75.0
[2025-04-29 17:10:42] Actualizado: Producto ID 474 (Tasa: PARALELO): 110.00 → 120.0
[2025-04-29 17:10:43] Actualizado: Producto ID 105 (Tasa: PARALELO): 105.00 → 120.0
[2025-04-29 17:10:43] Actualizado: Producto ID 34 (Tasa: PARALELO): 105.00 → 120.0
[2025-04-29 17:10:43] Actualizado: Producto ID 107 (Tasa: PARALELO): 70.00 → 85.0
[2025-04-29 17:10:43] Actualizado: Producto ID 102 (Tasa: PARALELO): 70.00 → 80.0
[2025-04-29 17:10:43] Actualizado: Producto ID 67 (Tasa: PARALELO): 35.00 → 45.0
[2025-04-29 17:10:43] Actualizado: Producto ID 429 (Tasa: PARALELO): 10.00 → 15.0
[2025-04-29 17:10:43] Actualizado: Producto ID 173 (Tasa: PARALELO): 120.00 → 135.0
[2025-04-29 17:10:43] Actualizado: Producto ID 247 (Tasa: PARALELO): 200.00 → 225.0
[2025-04-29 17:10:43] Actualizado: Producto ID 337 (Tasa: PARALELO): 170.00 → 185.0
[2025-04-29 17:10:43] Actualizado: Producto ID 407 (Tasa: PARALELO): 305.00 → 340.0
[2025-04-29 17:10:43] Actualizado: Producto ID 128 (Tasa: PARALELO): 40.00 → 45.0
[2025-04-29 17:10:43] Actualizado: Producto ID 125 (Tasa: PARALELO): 125.00 → 130.0
[2025-04-29 17:10:43] Actualizado: Producto ID 198 (Tasa: BCV): 780.00 → 875.0
[2025-04-29 17:10:43] Actualizado: Producto ID 230 (Tasa: PARALELO): 110.00 → 120.0
[2025-04-29 17:10:44] Actualizado: Producto ID 151 (Tasa: PARALELO): 120.00 → 135.0
[2025-04-29 17:10:44] Actualizado: Producto ID 131 (Tasa: PARALELO): 5.00 → 10.0
[2025-04-29 17:10:44] Actualizado: Producto ID 82 (Tasa: PARALELO): 30.00 → 35.0
[2025-04-29 17:10:44] Actualizado: Producto ID 56 (Tasa: PARALELO): 105.00 → 115.0
[2025-04-29 17:10:44] Progreso: 250/537 (46.6%) - Tiempo: 15.20s
[2025-04-29 17:10:44] Actualizado: Producto ID 91 (Tasa: PARALELO): 30.00 → 35.0
[2025-04-29 17:10:44] Actualizado: Producto ID 93 (Tasa: PARALELO): 325.00 → 360.0
[2025-04-29 17:10:44] Actualizado: Producto ID 111 (Tasa: PARALELO): 5.00 → 10.0
[2025-04-29 17:10:44] Actualizado: Producto ID 96 (Tasa: PARALELO): 110.00 → 120.0
[2025-04-29 17:10:44] Actualizado: Producto ID 477 (Tasa: PARALELO): 40.00 → 45.0
[2025-04-29 17:10:44] Actualizado: Producto ID 98 (Tasa: PARALELO): 115.00 → 130.0
[2025-04-29 17:10:44] Actualizado: Producto ID 74 (Tasa: PARALELO): 45.00 → 50.0
[2025-04-29 17:10:45] Actualizado: Producto ID 459 (Tasa: PARALELO): 105.00 → 115.0
[2025-04-29 17:10:45] Actualizado: Producto ID 398 (Tasa: PARALELO): 70.00 → 75.0
[2025-04-29 17:10:45] Actualizado: Producto ID 415 (Tasa: PARALELO): 30.00 → 35.0
[2025-04-29 17:10:45] Actualizado: Producto ID 122 (Tasa: PARALELO): 5.00 → 10.0
[2025-04-29 17:10:45] Actualizado: Producto ID 121 (Tasa: PARALELO): 120.00 → 135.0
[2025-04-29 17:10:45] Actualizado: Producto ID 267 (Tasa: BCV): 620.00 → 695.0
[2025-04-29 17:10:45] Actualizado: Producto ID 123 (Tasa: PARALELO): 105.00 → 115.0
[2025-04-29 17:10:45] Actualizado: Producto ID 300 (Tasa: PARALELO): 10.00 → 15.0
[2025-04-29 17:10:45] Actualizado: Producto ID 59 (Tasa: PARALELO): 330.00 → 370.0
[2025-04-29 17:10:45] Actualizado: Producto ID 288 (Tasa: PARALELO): 50.00 → 55.0
[2025-04-29 17:10:45] Actualizado: Producto ID 216 (Tasa: PARALELO): 50.00 → 55.0
[2025-04-29 17:10:46] Actualizado: Producto ID 57 (Tasa: BCV): 30.00 → 35.0
[2025-04-29 17:10:46] Actualizado: Producto ID 14 (Tasa: PARALELO): 135.00 → 145.0
[2025-04-29 17:10:46] Actualizado: Producto ID 101 (Tasa: PARALELO): 90.00 → 100.0
[2025-04-29 17:10:46] Actualizado: Producto ID 235 (Tasa: PARALELO): 55.00 → 60.0
[2025-04-29 17:10:46] Actualizado: Producto ID 305 (Tasa: PARALELO): 5.00 → 10.0
[2025-04-29 17:10:46] Actualizado: Producto ID 113 (Tasa: PARALELO): 60.00 → 65.0
[2025-04-29 17:10:46] Actualizado: Producto ID 313 (Tasa: PARALELO): 145.00 → 160.0
[2025-04-29 17:10:46] Actualizado: Producto ID 15 (Tasa: PARALELO): 60.00 → 65.0
[2025-04-29 17:10:46] Actualizado: Producto ID 166 (Tasa: PARALELO): 2.00 → 5.0
[2025-04-29 17:10:47] Actualizado: Producto ID 183 (Tasa: PARALELO): 35.00 → 40.0
[2025-04-29 17:10:47] Actualizado: Producto ID 47 (Tasa: PARALELO): 90.00 → 100.0
[2025-04-29 17:10:47] Actualizado: Producto ID 481 (Tasa: PARALELO): 105.00 → 115.0
[2025-04-29 17:10:47] Actualizado: Producto ID 297 (Tasa: PARALELO): 35.00 → 40.0
[2025-04-29 17:10:47] Actualizado: Producto ID 256 (Tasa: PARALELO): 60.00 → 65.0
[2025-04-29 17:10:47] Actualizado: Producto ID 286 (Tasa: PARALELO): 85.00 → 95.0
[2025-04-29 17:10:47] Actualizado: Producto ID 284 (Tasa: PARALELO): 130.00 → 145.0
[2025-04-29 17:10:47] Actualizado: Producto ID 333 (Tasa: PARALELO): 130.00 → 145.0
[2025-04-29 17:10:47] Actualizado: Producto ID 270 (Tasa: PARALELO): 10.00 → 15.0
[2025-04-29 17:10:47] Actualizado: Producto ID 380 (Tasa: PARALELO): 75.00 → 85.0
[2025-04-29 17:10:47] Actualizado: Producto ID 379 (Tasa: PARALELO): 90.00 → 100.0
[2025-04-29 17:10:47] Actualizado: Producto ID 234 (Tasa: PARALELO): 130.00 → 140.0
[2025-04-29 17:10:47] Progreso: 300/537 (55.9%) - Tiempo: 18.67s
[2025-04-29 17:10:48] Actualizado: Producto ID 115 (Tasa: PARALELO): 25.00 → 30.0
[2025-04-29 17:10:48] Actualizado: Producto ID 33 (Tasa: PARALELO): 95.00 → 105.0
[2025-04-29 17:10:48] Actualizado: Producto ID 461 (Tasa: BCV): 25.00 → 30.0
[2025-04-29 17:10:48] Actualizado: Producto ID 347 (Tasa: PARALELO): 35.00 → 40.0
[2025-04-29 17:10:48] Actualizado: Producto ID 301 (Tasa: PARALELO): 185.00 → 230.0
[2025-04-29 17:10:48] Actualizado: Producto ID 245 (Tasa: PARALELO): 70.00 → 80.0
[2025-04-29 17:10:48] Actualizado: Producto ID 28 (Tasa: PARALELO): 130.00 → 140.0
[2025-04-29 17:10:48] Actualizado: Producto ID 311 (Tasa: PARALELO): 315.00 → 350.0
[2025-04-29 17:10:48] Actualizado: Producto ID 178 (Tasa: PARALELO): 105.00 → 115.0
[2025-04-29 17:10:48] Actualizado: Producto ID 291 (Tasa: PARALELO): 70.00 → 80.0
[2025-04-29 17:10:48] Actualizado: Producto ID 341 (Tasa: PARALELO): 130.00 → 145.0
[2025-04-29 17:10:49] Actualizado: Producto ID 135 (Tasa: PARALELO): 20.00 → 25.0
[2025-04-29 17:10:49] Actualizado: Producto ID 142 (Tasa: PARALELO): 120.00 → 135.0
[2025-04-29 17:10:49] Actualizado: Producto ID 335 (Tasa: PARALELO): 195.00 → 215.0
[2025-04-29 17:10:49] Actualizado: Producto ID 359 (Tasa: PARALELO): 85.00 → 95.0
[2025-04-29 17:10:49] Actualizado: Producto ID 322 (Tasa: PARALELO): 110.00 → 120.0
[2025-04-29 17:10:49] Actualizado: Producto ID 109 (Tasa: PARALELO): 40.00 → 45.0
[2025-04-29 17:10:49] Actualizado: Producto ID 250 (Tasa: PARALELO): 135.00 → 150.0
[2025-04-29 17:10:49] Actualizado: Producto ID 444 (Tasa: PARALELO): 75.00 → 85.0
[2025-04-29 17:10:49] Actualizado: Producto ID 189 (Tasa: PARALELO): 295.00 → 325.0
[2025-04-29 17:10:49] Actualizado: Producto ID 389 (Tasa: PARALELO): 20.00 → 25.0
[2025-04-29 17:10:49] Actualizado: Producto ID 50 (Tasa: PARALELO): 50.00 → 55.0
[2025-04-29 17:10:49] Actualizado: Producto ID 315 (Tasa: PARALELO): 40.00 → 45.0
[2025-04-29 17:10:49] Actualizado: Producto ID 370 (Tasa: PARALELO): 70.00 → 80.0
[2025-04-29 17:10:50] Actualizado: Producto ID 146 (Tasa: PARALELO): 30.00 → 35.0
[2025-04-29 17:10:50] Actualizado: Producto ID 116 (Tasa: PARALELO): 60.00 → 65.0
[2025-04-29 17:10:50] Actualizado: Producto ID 413 (Tasa: PARALELO): 100.00 → 110.0
[2025-04-29 17:10:50] Actualizado: Producto ID 214 (Tasa: PARALELO): 120.00 → 130.0
[2025-04-29 17:10:50] Actualizado: Producto ID 403 (Tasa: PARALELO): 30.00 → 35.0
[2025-04-29 17:10:50] Actualizado: Producto ID 140 (Tasa: PARALELO): 35.00 → 40.0
[2025-04-29 17:10:50] Actualizado: Producto ID 141 (Tasa: PARALELO): 90.00 → 100.0
[2025-04-29 17:10:50] Actualizado: Producto ID 299 (Tasa: PARALELO): 10.00 → 15.0
[2025-04-29 17:10:50] Progreso: 350/537 (65.2%) - Tiempo: 21.46s
[2025-04-29 17:10:50] Actualizado: Producto ID 361 (Tasa: PARALELO): 40.00 → 45.0
[2025-04-29 17:10:50] Actualizado: Producto ID 76 (Tasa: BCV): 20.00 → 30.0
[2025-04-29 17:10:50] Actualizado: Producto ID 497 (Tasa: PARALELO): 35.00 → 40.0
[2025-04-29 17:10:50] Actualizado: Producto ID 207 (Tasa: PARALELO): 55.00 → 60.0
[2025-04-29 17:10:50] Actualizado: Producto ID 363 (Tasa: PARALELO): 55.00 → 65.0
[2025-04-29 17:10:51] Actualizado: Producto ID 399 (Tasa: BCV): 35.00 → 45.0
[2025-04-29 17:10:51] Actualizado: Producto ID 95 (Tasa: PARALELO): 10.00 → 15.0
[2025-04-29 17:10:51] Actualizado: Producto ID 222 (Tasa: PARALELO): 130.00 → 140.0
[2025-04-29 17:10:51] Actualizado: Producto ID 392 (Tasa: PARALELO): 35.00 → 40.0
[2025-04-29 17:10:51] Actualizado: Producto ID 289 (Tasa: PARALELO): 145.00 → 160.0
[2025-04-29 17:10:51] Actualizado: Producto ID 152 (Tasa: PARALELO): 35.00 → 40.0
[2025-04-29 17:10:51] Actualizado: Producto ID 217 (Tasa: PARALELO): 25.00 → 30.0
[2025-04-29 17:10:51] Actualizado: Producto ID 169 (Tasa: PARALELO): 25.00 → 30.0
[2025-04-29 17:10:51] Actualizado: Producto ID 447 (Tasa: PARALELO): 135.00 → 150.0
[2025-04-29 17:10:51] Actualizado: Producto ID 203 (Tasa: PARALELO): 55.00 → 65.0
[2025-04-29 17:10:51] Actualizado: Producto ID 334 (Tasa: PARALELO): 125.00 → 155.0
[2025-04-29 17:10:51] Actualizado: Producto ID 434 (Tasa: PARALELO): 175.00 → 195.0
[2025-04-29 17:10:52] Actualizado: Producto ID 23 (Tasa: PARALELO): 150.00 → 165.0
[2025-04-29 17:10:52] Actualizado: Producto ID 193 (Tasa: BCV): 695.00 → 785.0
[2025-04-29 17:10:52] Actualizado: Producto ID 378 (Tasa: PARALELO): 80.00 → 85.0
[2025-04-29 17:10:52] Actualizado: Producto ID 103 (Tasa: PARALELO): 50.00 → 55.0
[2025-04-29 17:10:52] Actualizado: Producto ID 199 (Tasa: PARALELO): 1355.00 → 1510.0
[2025-04-29 17:10:52] Actualizado: Producto ID 605 (Tasa: PARALELO): 55.00 → 65.0
[2025-04-29 17:10:52] Actualizado: Producto ID 8 (Tasa: PARALELO): 20.00 → 25.0
[2025-04-29 17:10:52] Actualizado: Producto ID 175 (Tasa: PARALELO): 120.00 → 135.0
[2025-04-29 17:10:52] Actualizado: Producto ID 603 (Tasa: PARALELO): 120.00 → 135.0
[2025-04-29 17:10:52] Actualizado: Producto ID 253 (Tasa: PARALELO): 200.00 → 225.0
[2025-04-29 17:10:52] Actualizado: Producto ID 249 (Tasa: PARALELO): 180.00 → 200.0
[2025-04-29 17:10:52] Actualizado: Producto ID 129 (Tasa: PARALELO): 55.00 → 60.0
[2025-04-29 17:10:52] Actualizado: Producto ID 49 (Tasa: PARALELO): 5.00 → 10.0
[2025-04-29 17:10:53] Actualizado: Producto ID 448 (Tasa: PARALELO): 105.00 → 120.0
[2025-04-29 17:10:53] Actualizado: Producto ID 595 (Tasa: PARALELO): 45.00 → 50.0
[2025-04-29 17:10:53] Actualizado: Producto ID 362 (Tasa: PARALELO): 170.00 → 190.0
[2025-04-29 17:10:53] Actualizado: Producto ID 42 (Tasa: PARALELO): 105.00 → 120.0
[2025-04-29 17:10:53] Actualizado: Producto ID 298 (Tasa: PARALELO): 60.00 → 85.0
[2025-04-29 17:10:53] Progreso: 400/537 (74.5%) - Tiempo: 24.17s
[2025-04-29 17:10:53] Actualizado: Producto ID 2 (Tasa: BCV): 145.00 → 185.0
[2025-04-29 17:10:53] Actualizado: Producto ID 406 (Tasa: PARALELO): 30.00 → 35.0
[2025-04-29 17:10:53] Actualizado: Producto ID 384 (Tasa: PARALELO): 185.00 → 205.0
[2025-04-29 17:10:53] Actualizado: Producto ID 606 (Tasa: PARALELO): 675.00 → 750.0
[2025-04-29 17:10:53] Actualizado: Producto ID 383 (Tasa: PARALELO): 50.00 → 55.0
[2025-04-29 17:10:53] Actualizado: Producto ID 532 (Tasa: BCV): 170.00 → 215.0
[2025-04-29 17:10:53] Actualizado: Producto ID 596 (Tasa: PARALELO): 95.00 → 105.0
[2025-04-29 17:10:53] Actualizado: Producto ID 262 (Tasa: PARALELO): 125.00 → 140.0
[2025-04-29 17:10:53] Actualizado: Producto ID 26 (Tasa: PARALELO): 185.00 → 205.0
[2025-04-29 17:10:54] Actualizado: Producto ID 604 (Tasa: BCV): 80.00 → 95.0
[2025-04-29 17:10:54] Actualizado: Producto ID 353 (Tasa: PARALELO): 30.00 → 35.0
[2025-04-29 17:10:54] Actualizado: Producto ID 583 (Tasa: PARALELO): 115.00 → 125.0
[2025-04-29 17:10:54] Actualizado: Producto ID 599 (Tasa: PARALELO): 100.00 → 115.0
[2025-04-29 17:10:54] Actualizado: Producto ID 376 (Tasa: PARALELO): 160.00 → 175.0
[2025-04-29 17:10:54] Actualizado: Producto ID 487 (Tasa: PARALELO): 30.00 → 35.0
[2025-04-29 17:10:54] Actualizado: Producto ID 456 (Tasa: PARALELO): 585.00 → 650.0
[2025-04-29 17:10:54] Actualizado: Producto ID 598 (Tasa: PARALELO): 90.00 → 105.0
[2025-04-29 17:10:54] Actualizado: Producto ID 589 (Tasa: PARALELO): 60.00 → 65.0
[2025-04-29 17:10:54] Actualizado: Producto ID 30 (Tasa: PARALELO): 265.00 → 290.0
[2025-04-29 17:10:54] Actualizado: Producto ID 212 (Tasa: PARALELO): 50.00 → 60.0
[2025-04-29 17:10:54] Actualizado: Producto ID 578 (Tasa: PARALELO): 50.00 → 55.0
[2025-04-29 17:10:54] Actualizado: Producto ID 1 (Tasa: PARALELO): 70.00 → 75.0
[2025-04-29 17:10:54] Actualizado: Producto ID 296 (Tasa: PARALELO): 25.00 → 30.0
[2025-04-29 17:10:55] Actualizado: Producto ID 574 (Tasa: PARALELO): 65.00 → 75.0
[2025-04-29 17:10:55] Actualizado: Producto ID 567 (Tasa: PARALELO): 70.00 → 80.0
[2025-04-29 17:10:55] Actualizado: Producto ID 218 (Tasa: PARALELO): 40.00 → 45.0
[2025-04-29 17:10:55] Actualizado: Producto ID 7 (Tasa: PARALELO): 10.00 → 15.0
[2025-04-29 17:10:55] Actualizado: Producto ID 530 (Tasa: PARALELO): 115.00 → 125.0
[2025-04-29 17:10:55] Actualizado: Producto ID 529 (Tasa: BCV): 75.00 → 95.0
[2025-04-29 17:10:55] Actualizado: Producto ID 328 (Tasa: PARALELO): 65.00 → 75.0
[2025-04-29 17:10:55] Actualizado: Producto ID 241 (Tasa: BCV): 35.00 → 45.0
[2025-04-29 17:10:55] Actualizado: Producto ID 36 (Tasa: PARALELO): 870.00 → 970.0
[2025-04-29 17:10:55] Actualizado: Producto ID 570 (Tasa: PARALELO): 105.00 → 120.0
[2025-04-29 17:10:55] Actualizado: Producto ID 43 (Tasa: PARALELO): 60.00 → 65.0
[2025-04-29 17:10:55] Progreso: 450/537 (83.8%) - Tiempo: 26.65s
[2025-04-29 17:10:55] Actualizado: Producto ID 18 (Tasa: PARALELO): 190.00 → 210.0
[2025-04-29 17:10:55] Actualizado: Producto ID 531 (Tasa: BCV): 0.00 → 165.0
[2025-04-29 17:10:56] Actualizado: Producto ID 431 (Tasa: PARALELO): 105.00 → 120.0
[2025-04-29 17:10:56] Actualizado: Producto ID 46 (Tasa: PARALELO): 35.00 → 40.0
[2025-04-29 17:10:56] Actualizado: Producto ID 457 (Tasa: PARALELO): 195.00 → 220.0
[2025-04-29 17:10:56] Actualizado: Producto ID 211 (Tasa: PARALELO): 10.00 → 15.0
[2025-04-29 17:10:56] Actualizado: Producto ID 39 (Tasa: PARALELO): 50.00 → 55.0
[2025-04-29 17:10:56] Actualizado: Producto ID 37 (Tasa: BCV): 140.00 → 145.0
[2025-04-29 17:10:56] Actualizado: Producto ID 266 (Tasa: BCV): 10.00 → 15.0
[2025-04-29 17:10:56] Actualizado: Producto ID 455 (Tasa: PARALELO): 190.00 → 210.0
[2025-04-29 17:10:56] Actualizado: Producto ID 375 (Tasa: PARALELO): 100.00 → 110.0
[2025-04-29 17:10:56] Actualizado: Producto ID 292 (Tasa: BCV): 40.00 → 55.0
[2025-04-29 17:10:56] Actualizado: Producto ID 350 (Tasa: PARALELO): 125.00 → 135.0
[2025-04-29 17:10:56] Actualizado: Producto ID 307 (Tasa: PARALELO): 50.00 → 60.0
[2025-04-29 17:10:56] Actualizado: Producto ID 279 (Tasa: PARALELO): 60.00 → 70.0
[2025-04-29 17:10:56] Actualizado: Producto ID 401 (Tasa: PARALELO): 75.00 → 85.0
[2025-04-29 17:10:57] Actualizado: Producto ID 414 (Tasa: PARALELO): 10.00 → 15.0
[2025-04-29 17:10:57] Actualizado: Producto ID 263 (Tasa: PARALELO): 85.00 → 95.0
[2025-04-29 17:10:57] Actualizado: Producto ID 593 (Tasa: PARALELO): 100.00 → 115.0
[2025-04-29 17:10:57] Actualizado: Producto ID 592 (Tasa: PARALELO): 80.00 → 90.0
[2025-04-29 17:10:57] Actualizado: Producto ID 488 (Tasa: BCV): 20.00 → 25.0
[2025-04-29 17:10:57] Actualizado: Producto ID 435 (Tasa: PARALELO): 2.00 → 5.0
[2025-04-29 17:10:57] Actualizado: Producto ID 571 (Tasa: PARALELO): 85.00 → 100.0
[2025-04-29 17:10:57] Actualizado: Producto ID 409 (Tasa: PARALELO): 5.00 → 10.0
[2025-04-29 17:10:57] Actualizado: Producto ID 10 (Tasa: PARALELO): 95.00 → 110.0
[2025-04-29 17:10:57] Actualizado: Producto ID 591 (Tasa: PARALELO): 20.00 → 25.0
[2025-04-29 17:10:57] Actualizado: Producto ID 119 (Tasa: PARALELO): 325.00 → 360.0
[2025-04-29 17:10:57] Actualizado: Producto ID 597 (Tasa: PARALELO): 40.00 → 45.0
[2025-04-29 17:10:57] Actualizado: Producto ID 587 (Tasa: PARALELO): 60.00 → 70.0
[2025-04-29 17:10:57] Progreso: 500/537 (93.1%) - Tiempo: 28.74s
[2025-04-29 17:10:57] Actualizado: Producto ID 585 (Tasa: PARALELO): 20.00 → 25.0
[2025-04-29 17:10:58] Actualizado: Producto ID 584 (Tasa: PARALELO): 180.00 → 200.0
[2025-04-29 17:10:58] Actualizado: Producto ID 580 (Tasa: PARALELO): 40.00 → 45.0
[2025-04-29 17:10:58] Actualizado: Producto ID 148 (Tasa: PARALELO): 35.00 → 40.0
[2025-04-29 17:10:58] Actualizado: Producto ID 588 (Tasa: PARALELO): 65.00 → 70.0
[2025-04-29 17:10:58] Actualizado: Producto ID 35 (Tasa: BCV): 480.00 → 510.0
[2025-04-29 17:10:58] Actualizado: Producto ID 248 (Tasa: PARALELO): 55.00 → 60.0
[2025-04-29 17:10:58] Actualizado: Producto ID 206 (Tasa: PARALELO): 75.00 → 60.0
[2025-04-29 17:10:58] Actualizado: Producto ID 458 (Tasa: PARALELO): 95.00 → 125.0
[2025-04-29 17:10:58] Actualizado: Producto ID 453 (Tasa: PARALELO): 95.00 → 135.0
[2025-04-29 17:10:58] Actualizado: Producto ID 408 (Tasa: PARALELO): 15.00 → 20.0
[2025-04-29 17:10:58] Actualizado: Producto ID 381 (Tasa: PARALELO): 70.00 → 100.0
[2025-04-29 17:10:58] Actualizado: Producto ID 419 (Tasa: PARALELO): 60.00 → 70.0
[2025-04-29 17:10:58] Actualizado: Producto ID 314 (Tasa: PARALELO): 90.00 → 150.0
[2025-04-29 17:10:58] Actualizado: Producto ID 176 (Tasa: PARALELO): 195.00 → 260.0
[2025-04-29 17:10:59] Actualizado: Producto ID 425 (Tasa: PARALELO): 130.00 → 140.0
[2025-04-29 17:10:59] Actualizado: Producto ID 402 (Tasa: PARALELO): 120.00 → 145.0
[2025-04-29 17:10:59] Actualizado: Producto ID 194 (Tasa: PARALELO): 445.00 → 470.0
[2025-04-29 17:10:59] Progreso: 537/537 (100.0%) - Tiempo: 29.95s
[2025-04-29 17:10:59] ==== RESUMEN DE ACTUALIZACIÓN ====
[2025-04-29 17:10:59] Total productos revisados: 537
[2025-04-29 17:10:59] Productos actualizados: 379
[2025-04-29 17:10:59] Productos sin cambios: 158
[2025-04-29 17:10:59] Tasas aplicadas: BCV = 90, PARALELO = 100
[2025-04-29 17:10:59] Productos por tipo de tasa: BCV = 73, PARALELO = 464, DESCONOCIDO = 0
[2025-04-29 17:10:59] Tiempo total: 30.02 segundos
[2025-04-29 17:10:59] Velocidad: 17.89 productos/segundo
[2025-04-29 17:10:59] Conexión cerrada. Proceso completado.
[2025-04-29 17:10:59] === FIN DE ACTUALIZACIÓN DE PRECIOS BASE ===
[2025-04-29 17:17:23] === INICIO DE ACTUALIZACIÓN DE PRECIOS BASE ===
[2025-04-29 17:17:23] Intentando conectar a bodegaclicktest en ep-floral-surf-a4m7e3ws-pooler.us-east-1.aws.neon.tech...
[2025-04-29 17:17:24] Conexión exitosa a la base de datos: bodegaclicktest
[2025-04-29 17:17:24] Tasas actuales: BCV = 90.00, PARALELO = 100.00
[2025-04-29 17:17:26] Tasas a utilizar: BCV = 90.00, PARALELO = 100.00
[2025-04-29 17:17:27] Operación cancelada por el usuario.
[2025-04-29 17:17:30] === INICIO DE ACTUALIZACIÓN DE PRECIOS BASE ===
[2025-04-29 17:17:30] Intentando conectar a bodegaclicktest en ep-floral-surf-a4m7e3ws-pooler.us-east-1.aws.neon.tech...
[2025-04-29 17:17:30] Conexión exitosa a la base de datos: bodegaclicktest
[2025-04-29 17:17:30] Tasas actuales: BCV = 90.00, PARALELO = 100.00
[2025-04-29 17:17:31] Tasas a utilizar: BCV = 90.00, PARALELO = 100.00
[2025-04-29 17:17:33] Tasa BCV actualizada a 90.00
[2025-04-29 17:17:33] Tasa PARALELO actualizada a 100.00
[2025-04-29 17:17:33] Consultando productos con precio_base_usd > 0...
[2025-04-29 17:17:33] Se encontraron 537 productos para revisar
[2025-04-29 17:17:33] Progreso: 50/537 (9.3%) - Tiempo: 0.00s
[2025-04-29 17:17:33] Progreso: 100/537 (18.6%) - Tiempo: 0.00s
[2025-04-29 17:17:33] Progreso: 150/537 (27.9%) - Tiempo: 0.00s
[2025-04-29 17:17:33] Progreso: 200/537 (37.2%) - Tiempo: 0.00s
[2025-04-29 17:17:33] Progreso: 250/537 (46.6%) - Tiempo: 0.00s
[2025-04-29 17:17:33] Progreso: 300/537 (55.9%) - Tiempo: 0.01s
[2025-04-29 17:17:33] Progreso: 350/537 (65.2%) - Tiempo: 0.01s
[2025-04-29 17:17:33] Progreso: 400/537 (74.5%) - Tiempo: 0.01s
[2025-04-29 17:17:33] Progreso: 450/537 (83.8%) - Tiempo: 0.01s
[2025-04-29 17:17:33] Progreso: 500/537 (93.1%) - Tiempo: 0.01s
[2025-04-29 17:17:33] Progreso: 537/537 (100.0%) - Tiempo: 0.01s
[2025-04-29 17:17:33] ==== RESUMEN DE ACTUALIZACIÓN ====
[2025-04-29 17:17:33] Total productos revisados: 537
[2025-04-29 17:17:33] Productos actualizados: 0
[2025-04-29 17:17:33] Productos sin cambios: 537
[2025-04-29 17:17:33] Tasas aplicadas: BCV = 90.00, PARALELO = 100.00
[2025-04-29 17:17:33] Productos por tipo de tasa: BCV = 73, PARALELO = 464, DESCONOCIDO = 0
[2025-04-29 17:17:33] Tiempo total: 0.07 segundos
[2025-04-29 17:17:33] Velocidad: 7367.96 productos/segundo
[2025-04-29 17:17:33] ==== LISTA DE PRODUCTOS SIN CAMBIOS (537) ====
[2025-04-29 17:17:33] ID: 112 | Nombre: Hojas blancas | Precio actual: 1.00 | Tipo tasa: BCV | Tasa aplicada: 90.00
[2025-04-29 17:17:33] ID: 290 | Nombre: parrillita parrilla | Precio actual: 15.00 | Tipo tasa: PARALELO | Tasa aplicada: 100.00
[2025-04-29 17:17:33] ID: 565 | Nombre: Trululu Aros | Precio actual: 5.00 | Tipo tasa: PARALELO | Tasa aplicada: 100.00
[2025-04-29 17:17:33] ID: 393 | Nombre: flips lonchera | Precio actual: 75.00 | Tipo tasa: PARALELO | Tasa aplicada: 100.00
[2025-04-29 17:17:33] ID: 418 | Nombre: consul caja | Precio actual: 110.00 | Tipo tasa: PARALELO | Tasa aplicada: 100.00
[2025-04-29 17:17:33] ID: 170 | Nombre: Lora | Precio actual: 60.00 | Tipo tasa: PARALELO | Tasa aplicada: 100.00
[2025-04-29 17:17:33] ID: 191 | Nombre: Jamon de pierna | Precio actual: 1020.00 | Tipo tasa: BCV | Tasa aplicada: 90.00
[2025-04-29 17:17:33] ID: 464 | Nombre: best | Precio actual: 40.00 | Tipo tasa: PARALELO | Tasa aplicada: 100.00
[2025-04-29 17:17:33] ID: 190 | Nombre: caramelo 3bs combo | Precio actual: 5.00 | Tipo tasa: PARALELO | Tasa aplicada: 100.00
[2025-04-29 17:17:33] ID: 373 | Nombre: Hojilla Dorco Unidad | Precio actual: 10.00 | Tipo tasa: PARALELO | Tasa aplicada: 100.00
[2025-04-29 17:17:33] ID: 52 | Nombre: Cortado pan | Precio actual: 15.00 | Tipo tasa: PARALELO | Tasa aplicada: 100.00
[2025-04-29 17:17:33] ID: 343 | Nombre: Lapiz Mongol | Precio actual: 15.00 | Tipo tasa: PARALELO | Tasa aplicada: 100.00
[2025-04-29 17:17:33] ID: 237 | Nombre: Speed Speed Max lata | Precio actual: 60.00 | Tipo tasa: PARALELO | Tasa aplicada: 100.00
[2025-04-29 17:17:33] ID: 240 | Nombre: sobre manila oficio | Precio actual: 30.00 | Tipo tasa: BCV | Tasa aplicada: 90.00
[2025-04-29 17:17:33] ID: 329 | Nombre: Lucky | Precio actual: 15.00 | Tipo tasa: PARALELO | Tasa aplicada: 100.00
[2025-04-29 17:17:33] ID: 84 | Nombre: Esponja Brillo jabonoso | Precio actual: 65.00 | Tipo tasa: PARALELO | Tasa aplicada: 100.00
[2025-04-29 17:17:33] ID: 261 | Nombre: Refresco Glup 1L | Precio actual: 75.00 | Tipo tasa: PARALELO | Tasa aplicada: 100.00
[2025-04-29 17:17:33] ID: 400 | Nombre: Doritos grande | Precio actual: 290.00 | Tipo tasa: PARALELO | Tasa aplicada: 100.00
[2025-04-29 17:17:33] ID: 386 | Nombre: Gatorade Gatorade 400ml | Precio actual: 130.00 | Tipo tasa: PARALELO | Tasa aplicada: 100.00
[2025-04-29 17:17:33] ID: 441 | Nombre: cebollin | Precio actual: 150.00 | Tipo tasa: PARALELO | Tasa aplicada: 100.00
[2025-04-29 17:17:33] ID: 327 | Nombre: malta 1l | Precio actual: 210.00 | Tipo tasa: PARALELO | Tasa aplicada: 100.00
[2025-04-29 17:17:33] ID: 273 | Nombre: plagatox | Precio actual: 25.00 | Tipo tasa: PARALELO | Tasa aplicada: 100.00
[2025-04-29 17:17:33] ID: 438 | Nombre: Cervezas Polar 255ML | Precio actual: 90.00 | Tipo tasa: PARALELO | Tasa aplicada: 100.00
[2025-04-29 17:17:33] ID: 396 | Nombre: Flaquito Flaquito | Precio actual: 60.00 | Tipo tasa: PARALELO | Tasa aplicada: 100.00
[2025-04-29 17:17:33] ID: 293 | Nombre: papel bond | Precio actual: 25.00 | Tipo tasa: PARALELO | Tasa aplicada: 100.00
[2025-04-29 17:17:33] ID: 424 | Nombre: Cloro Oso Blanco | Precio actual: 135.00 | Tipo tasa: PARALELO | Tasa aplicada: 100.00
[2025-04-29 17:17:33] ID: 118 | Nombre: Papel tuale individual | Precio actual: 20.00 | Tipo tasa: PARALELO | Tasa aplicada: 100.00
[2025-04-29 17:17:33] ID: 480 | Nombre: arroz sabrozon | Precio actual: 100.00 | Tipo tasa: PARALELO | Tasa aplicada: 100.00
[2025-04-29 17:17:33] ID: 485 | Nombre: ajo | Precio actual: 675.00 | Tipo tasa: PARALELO | Tasa aplicada: 100.00
[2025-04-29 17:17:33] ID: 397 | Nombre: fama de america 100g | Precio actual: 125.00 | Tipo tasa: PARALELO | Tasa aplicada: 100.00
[2025-04-29 17:17:33] ID: 493 | Nombre: aceite amacorp 900ml | Precio actual: 300.00 | Tipo tasa: PARALELO | Tasa aplicada: 100.00
[2025-04-29 17:17:33] ID: 472 | Nombre: avena michacha 500g | Precio actual: 115.00 | Tipo tasa: PARALELO | Tasa aplicada: 100.00
[2025-04-29 17:17:33] ID: 420 | Nombre: colorante carmencita amparito | Precio actual: 40.00 | Tipo tasa: PARALELO | Tasa aplicada: 100.00
[2025-04-29 17:17:33] ID: 410 | Nombre: crocante mani pequeño | Precio actual: 15.00 | Tipo tasa: PARALELO | Tasa aplicada: 100.00
[2025-04-29 17:17:33] ID: 27 | Nombre: Incienso detallado premium | Precio actual: 10.00 | Tipo tasa: PARALELO | Tasa aplicada: 100.00
[2025-04-29 17:17:33] ID: 287 | Nombre: pasta larga oba 500g | Precio actual: 35.00 | Tipo tasa: PARALELO | Tasa aplicada: 100.00
[2025-04-29 17:17:33] ID: 475 | Nombre: Atlantic detallado | Precio actual: 2.00 | Tipo tasa: PARALELO | Tasa aplicada: 100.00
[2025-04-29 17:17:33] ID: 496 | Nombre: 301  detallado | Precio actual: 5.00 | Tipo tasa: BCV | Tasa aplicada: 90.00
[2025-04-29 17:17:33] ID: 388 | Nombre: galleta soda puig | Precio actual: 25.00 | Tipo tasa: PARALELO | Tasa aplicada: 100.00
[2025-04-29 17:17:33] ID: 242 | Nombre: sardinas el norteño | Precio actual: 60.00 | Tipo tasa: PARALELO | Tasa aplicada: 100.00
[2025-04-29 17:17:33] ID: 423 | Nombre: club social puig | Precio actual: 20.00 | Tipo tasa: PARALELO | Tasa aplicada: 100.00
[2025-04-29 17:17:33] ID: 365 | Nombre: Jabon Anita 125g | Precio actual: 100.00 | Tipo tasa: BCV | Tasa aplicada: 90.00
[2025-04-29 17:17:33] ID: 269 | Nombre: puffy grande unidad | Precio actual: 80.00 | Tipo tasa: PARALELO | Tasa aplicada: 100.00
[2025-04-29 17:17:33] ID: 439 | Nombre: cerelac 100g | Precio actual: 190.00 | Tipo tasa: PARALELO | Tasa aplicada: 100.00
[2025-04-29 17:17:33] ID: 168 | Nombre: Agogo | Precio actual: 20.00 | Tipo tasa: PARALELO | Tasa aplicada: 100.00
[2025-04-29 17:17:33] ID: 280 | Nombre: Pepito Grande Super Popy Tira | Precio actual: 80.00 | Tipo tasa: PARALELO | Tasa aplicada: 100.00
[2025-04-29 17:17:33] ID: 303 | Nombre: oreo oreo | Precio actual: 45.00 | Tipo tasa: PARALELO | Tasa aplicada: 100.00
[2025-04-29 17:17:33] ID: 272 | Nombre: platano | Precio actual: 80.00 | Tipo tasa: PARALELO | Tasa aplicada: 100.00
[2025-04-29 17:17:33] ID: 268 | Nombre: puffy pequenio tira | Precio actual: 30.00 | Tipo tasa: PARALELO | Tasa aplicada: 100.00
[2025-04-29 17:17:33] ID: 317 | Nombre: Maria italia | Precio actual: 10.00 | Tipo tasa: PARALELO | Tasa aplicada: 100.00
[2025-04-29 17:17:33] ID: 165 | Nombre: Miami por caja | Precio actual: 45.00 | Tipo tasa: PARALELO | Tasa aplicada: 100.00
[2025-04-29 17:17:33] ID: 124 | Nombre: Bombon combo | Precio actual: 15.00 | Tipo tasa: PARALELO | Tasa aplicada: 100.00
[2025-04-29 17:17:33] ID: 132 | Nombre: Ibuprofeno | Precio actual: 10.00 | Tipo tasa: PARALELO | Tasa aplicada: 100.00
[2025-04-29 17:17:33] ID: 54 | Nombre: Pan de coco | Precio actual: 15.00 | Tipo tasa: PARALELO | Tasa aplicada: 100.00
[2025-04-29 17:17:33] ID: 416 | Nombre: Copias blanco negro | Precio actual: 10.00 | Tipo tasa: BCV | Tasa aplicada: 90.00
[2025-04-29 17:17:33] ID: 486 | Nombre: AJI | Precio actual: 225.00 | Tipo tasa: PARALELO | Tasa aplicada: 100.00
[2025-04-29 17:17:33] ID: 32 | Nombre: Sardina willinger | Precio actual: 60.00 | Tipo tasa: PARALELO | Tasa aplicada: 100.00
[2025-04-29 17:17:33] ID: 278 | Nombre: Pigsy Grande | Precio actual: 75.00 | Tipo tasa: PARALELO | Tasa aplicada: 100.00
[2025-04-29 17:17:33] ID: 225 | Nombre: togo bitter palito | Precio actual: 15.00 | Tipo tasa: PARALELO | Tasa aplicada: 100.00
[2025-04-29 17:17:33] ID: 153 | Nombre: Tabaco Artesanal | Precio actual: 15.00 | Tipo tasa: PARALELO | Tasa aplicada: 100.00
[2025-04-29 17:17:33] ID: 66 | Nombre: Condimentos 10 bs | Precio actual: 15.00 | Tipo tasa: PARALELO | Tasa aplicada: 100.00
[2025-04-29 17:17:33] ID: 130 | Nombre: Cetirizina | Precio actual: 10.00 | Tipo tasa: PARALELO | Tasa aplicada: 100.00
[2025-04-29 17:17:33] ID: 473 | Nombre: atun willinger | Precio actual: 130.00 | Tipo tasa: PARALELO | Tasa aplicada: 100.00
[2025-04-29 17:17:33] ID: 427 | Nombre: cloro kins | Precio actual: 105.00 | Tipo tasa: PARALELO | Tasa aplicada: 100.00
[2025-04-29 17:17:33] ID: 443 | Nombre: Cartas Naipes | Precio actual: 60.00 | Tipo tasa: PARALELO | Tasa aplicada: 100.00
[2025-04-29 17:17:33] ID: 134 | Nombre: Tetas Cremosas | Precio actual: 45.00 | Tipo tasa: PARALELO | Tasa aplicada: 100.00
[2025-04-29 17:17:33] ID: 164 | Nombre: Miami Combo | Precio actual: 10.00 | Tipo tasa: PARALELO | Tasa aplicada: 100.00
[2025-04-29 17:17:33] ID: 90 | Nombre: Chupeta Combo | Precio actual: 30.00 | Tipo tasa: PARALELO | Tasa aplicada: 100.00
[2025-04-29 17:17:33] ID: 154 | Nombre: Tabaco Corona | Precio actual: 25.00 | Tipo tasa: PARALELO | Tasa aplicada: 100.00
[2025-04-29 17:17:33] ID: 162 | Nombre: Pepino | Precio actual: 70.00 | Tipo tasa: PARALELO | Tasa aplicada: 100.00
[2025-04-29 17:17:33] ID: 144 | Nombre: Porleo Tipo oreo grande | Precio actual: 40.00 | Tipo tasa: PARALELO | Tasa aplicada: 100.00
[2025-04-29 17:17:33] ID: 433 | Nombre: Cheese  tris tira pequeño | Precio actual: 90.00 | Tipo tasa: PARALELO | Tasa aplicada: 100.00
[2025-04-29 17:17:33] ID: 160 | Nombre: Lechuga | Precio actual: 20.00 | Tipo tasa: PARALELO | Tasa aplicada: 100.00
[2025-04-29 17:17:33] ID: 198 | Nombre: queso amarillo barato | Precio actual: 875.00 | Tipo tasa: BCV | Tasa aplicada: 90.00
[2025-04-29 17:17:33] ID: 65 | Nombre: Curita Cura | Precio actual: 10.00 | Tipo tasa: PARALELO | Tasa aplicada: 100.00
[2025-04-29 17:17:33] ID: 586 | Nombre: consul combo | Precio actual: 20.00 | Tipo tasa: PARALELO | Tasa aplicada: 100.00
[2025-04-29 17:17:33] ID: 232 | Nombre: tango galletas | Precio actual: 10.00 | Tipo tasa: BCV | Tasa aplicada: 90.00
[2025-04-29 17:17:33] ID: 306 | Nombre: nutrichicha los andes | Precio actual: 30.00 | Tipo tasa: PARALELO | Tasa aplicada: 100.00
[2025-04-29 17:17:33] ID: 411 | Nombre: crocante mani grande | Precio actual: 30.00 | Tipo tasa: PARALELO | Tasa aplicada: 100.00
[2025-04-29 17:17:33] ID: 143 | Nombre: Porleo pequena | Precio actual: 15.00 | Tipo tasa: PARALELO | Tasa aplicada: 100.00
[2025-04-29 17:17:33] ID: 312 | Nombre: Mayonesa mavesa 175G | Precio actual: 175.00 | Tipo tasa: PARALELO | Tasa aplicada: 100.00
[2025-04-29 17:17:33] ID: 233 | Nombre: TAM Galletas unidad | Precio actual: 60.00 | Tipo tasa: PARALELO | Tasa aplicada: 100.00
[2025-04-29 17:17:33] ID: 432 | Nombre: Chimo | Precio actual: 40.00 | Tipo tasa: PARALELO | Tasa aplicada: 100.00
[2025-04-29 17:17:33] ID: 51 | Nombre: Dale | Precio actual: 15.00 | Tipo tasa: PARALELO | Tasa aplicada: 100.00
[2025-04-29 17:17:33] ID: 101 | Nombre: Maiz de Cotufa michacha 400 | Precio actual: 100.00 | Tipo tasa: PARALELO | Tasa aplicada: 100.00
[2025-04-29 17:17:33] ID: 113 | Nombre: Acetona | Precio actual: 65.00 | Tipo tasa: PARALELO | Tasa aplicada: 100.00
[2025-04-29 17:17:33] ID: 187 | Nombre: borras | Precio actual: 25.00 | Tipo tasa: PARALELO | Tasa aplicada: 100.00
[2025-04-29 17:17:33] ID: 351 | Nombre: JUGO PULP | Precio actual: 30.00 | Tipo tasa: PARALELO | Tasa aplicada: 100.00
[2025-04-29 17:17:33] ID: 450 | Nombre: caramelos 3bs | Precio actual: 5.00 | Tipo tasa: PARALELO | Tasa aplicada: 100.00
[2025-04-29 17:17:33] ID: 476 | Nombre: atlantic combo | Precio actual: 10.00 | Tipo tasa: PARALELO | Tasa aplicada: 100.00
[2025-04-29 17:17:33] ID: 44 | Nombre: Pepito Pequeño super popy | Precio actual: 20.00 | Tipo tasa: PARALELO | Tasa aplicada: 100.00
[2025-04-29 17:17:33] ID: 224 | Nombre: togo fresa | Precio actual: 15.00 | Tipo tasa: PARALELO | Tasa aplicada: 100.00
[2025-04-29 17:17:33] ID: 404 | Nombre: desodorante blanco Lady Speed Stick | Precio actual: 45.00 | Tipo tasa: PARALELO | Tasa aplicada: 100.00
[2025-04-29 17:17:33] ID: 323 | Nombre: mantequilla mavesa 500g | Precio actual: 255.00 | Tipo tasa: PARALELO | Tasa aplicada: 100.00
[2025-04-29 17:17:33] ID: 347 | Nombre: keks roll | Precio actual: 40.00 | Tipo tasa: PARALELO | Tasa aplicada: 100.00
[2025-04-29 17:17:33] ID: 302 | Nombre: Paletas cítricas | Precio actual: 15.00 | Tipo tasa: PARALELO | Tasa aplicada: 100.00
[2025-04-29 17:17:33] ID: 367 | Nombre: inyectadora JERINGA 3cc 5cc | Precio actual: 25.00 | Tipo tasa: PARALELO | Tasa aplicada: 100.00
[2025-04-29 17:17:33] ID: 494 | Nombre: 301 combo | Precio actual: 10.00 | Tipo tasa: PARALELO | Tasa aplicada: 100.00
[2025-04-29 17:17:33] ID: 348 | Nombre: kataboom caramelo | Precio actual: 5.00 | Tipo tasa: PARALELO | Tasa aplicada: 100.00
[2025-04-29 17:17:33] ID: 11 | Nombre: Cloro Kiss | Precio actual: 90.00 | Tipo tasa: PARALELO | Tasa aplicada: 100.00
[2025-04-29 17:17:33] ID: 274 | Nombre: pirueta le biscuit | Precio actual: 30.00 | Tipo tasa: PARALELO | Tasa aplicada: 100.00
[2025-04-29 17:17:33] ID: 412 | Nombre: crocan nachos | Precio actual: 45.00 | Tipo tasa: PARALELO | Tasa aplicada: 100.00
[2025-04-29 17:17:33] ID: 163 | Nombre: Zanahoria | Precio actual: 70.00 | Tipo tasa: PARALELO | Tasa aplicada: 100.00
[2025-04-29 17:17:33] ID: 255 | Nombre: rulass papa | Precio actual: 45.00 | Tipo tasa: PARALELO | Tasa aplicada: 100.00
[2025-04-29 17:17:33] ID: 366 | Nombre: Italiano Waffle | Precio actual: 40.00 | Tipo tasa: PARALELO | Tasa aplicada: 100.00
[2025-04-29 17:17:33] ID: 413 | Nombre: crema alident pasta de diente | Precio actual: 110.00 | Tipo tasa: PARALELO | Tasa aplicada: 100.00
[2025-04-29 17:17:33] ID: 390 | Nombre: GALLETA creme | Precio actual: 10.00 | Tipo tasa: PARALELO | Tasa aplicada: 100.00
[2025-04-29 17:17:33] ID: 265 | Nombre: Recolector De orina | Precio actual: 15.00 | Tipo tasa: PARALELO | Tasa aplicada: 100.00
[2025-04-29 17:17:33] ID: 171 | Nombre: Nucita nutellini | Precio actual: 20.00 | Tipo tasa: PARALELO | Tasa aplicada: 100.00
[2025-04-29 17:17:33] ID: 417 | Nombre: Consul consul | Precio actual: 10.00 | Tipo tasa: PARALELO | Tasa aplicada: 100.00
[2025-04-29 17:17:33] ID: 223 | Nombre: Tom grande | Precio actual: 90.00 | Tipo tasa: PARALELO | Tasa aplicada: 100.00
[2025-04-29 17:17:33] ID: 430 | Nombre: Chupeta BigBom | Precio actual: 10.00 | Tipo tasa: PARALELO | Tasa aplicada: 100.00
[2025-04-29 17:17:33] ID: 434 | Nombre: Cheese tris grande | Precio actual: 195.00 | Tipo tasa: PARALELO | Tasa aplicada: 100.00
[2025-04-29 17:17:33] ID: 257 | Nombre: Revolcon Chicle | Precio actual: 5.00 | Tipo tasa: PARALELO | Tasa aplicada: 100.00
[2025-04-29 17:17:33] ID: 167 | Nombre: Cheese Cronch | Precio actual: 35.00 | Tipo tasa: PARALELO | Tasa aplicada: 100.00
[2025-04-29 17:17:33] ID: 471 | Nombre: Avena tigo 200g | Precio actual: 60.00 | Tipo tasa: PARALELO | Tasa aplicada: 100.00
[2025-04-29 17:17:33] ID: 345 | Nombre: kraker bran puig | Precio actual: 35.00 | Tipo tasa: PARALELO | Tasa aplicada: 100.00
[2025-04-29 17:17:33] ID: 581 | Nombre: Nutiva Jugo | Precio actual: 35.00 | Tipo tasa: PARALELO | Tasa aplicada: 100.00
[2025-04-29 17:17:33] ID: 582 | Nombre: Cash | Precio actual: 15.00 | Tipo tasa: PARALELO | Tasa aplicada: 100.00
[2025-04-29 17:17:33] ID: 204 | Nombre: Yesquero Hugme | Precio actual: 15.00 | Tipo tasa: PARALELO | Tasa aplicada: 100.00
[2025-04-29 17:17:33] ID: 391 | Nombre: gala pequeño | Precio actual: 15.00 | Tipo tasa: PARALELO | Tasa aplicada: 100.00
[2025-04-29 17:17:33] ID: 17 | Nombre: OKA LOKA NANO MINI PEQUEÑO | Precio actual: 15.00 | Tipo tasa: PARALELO | Tasa aplicada: 100.00
[2025-04-29 17:17:33] ID: 600 | Nombre: charmy individual | Precio actual: 20.00 | Tipo tasa: PARALELO | Tasa aplicada: 100.00
[2025-04-29 17:17:33] ID: 394 | Nombre: flips caja | Precio actual: 365.00 | Tipo tasa: PARALELO | Tasa aplicada: 100.00
[2025-04-29 17:17:33] ID: 326 | Nombre: Malta 255ML | Precio actual: 55.00 | Tipo tasa: BCV | Tasa aplicada: 90.00
[2025-04-29 17:17:33] ID: 349 | Nombre: Justy Justy Naranja 1,5L | Precio actual: 90.00 | Tipo tasa: PARALELO | Tasa aplicada: 100.00
[2025-04-29 17:17:33] ID: 215 | Nombre: Universal | Precio actual: 10.00 | Tipo tasa: PARALELO | Tasa aplicada: 100.00
[2025-04-29 17:17:33] ID: 395 | Nombre: flips 120gr mediano | Precio actual: 210.00 | Tipo tasa: PARALELO | Tasa aplicada: 100.00
[2025-04-29 17:17:33] ID: 220 | Nombre: Tom Pequeño | Precio actual: 35.00 | Tipo tasa: PARALELO | Tasa aplicada: 100.00
[2025-04-29 17:17:33] ID: 406 | Nombre: dandy | Precio actual: 35.00 | Tipo tasa: PARALELO | Tasa aplicada: 100.00
[2025-04-29 17:17:33] ID: 246 | Nombre: saltitacos saltitacos | Precio actual: 40.00 | Tipo tasa: PARALELO | Tasa aplicada: 100.00
[2025-04-29 17:17:33] ID: 72 | Nombre: Borra nata | Precio actual: 25.00 | Tipo tasa: PARALELO | Tasa aplicada: 100.00
[2025-04-29 17:17:33] ID: 114 | Nombre: Crack it | Precio actual: 10.00 | Tipo tasa: PARALELO | Tasa aplicada: 100.00
[2025-04-29 17:17:33] ID: 212 | Nombre: Vainilla La favorita 250ML | Precio actual: 60.00 | Tipo tasa: PARALELO | Tasa aplicada: 100.00
[2025-04-29 17:17:33] ID: 295 | Nombre: papa | Precio actual: 130.00 | Tipo tasa: PARALELO | Tasa aplicada: 100.00
[2025-04-29 17:17:33] ID: 428 | Nombre: CILANTRO | Precio actual: 150.00 | Tipo tasa: PARALELO | Tasa aplicada: 100.00
[2025-04-29 17:17:33] ID: 221 | Nombre: tomate | Precio actual: 170.00 | Tipo tasa: PARALELO | Tasa aplicada: 100.00
[2025-04-29 17:17:33] ID: 452 | Nombre: cafe sello rojo 50g | Precio actual: 85.00 | Tipo tasa: PARALELO | Tasa aplicada: 100.00
[2025-04-29 17:17:33] ID: 219 | Nombre: Tostoncito | Precio actual: 45.00 | Tipo tasa: PARALELO | Tasa aplicada: 100.00
[2025-04-29 17:17:33] ID: 578 | Nombre: Condon | Precio actual: 55.00 | Tipo tasa: PARALELO | Tasa aplicada: 100.00
[2025-04-29 17:17:33] ID: 304 | Nombre: omeprazol medicina | Precio actual: 5.00 | Tipo tasa: PARALELO | Tasa aplicada: 100.00
[2025-04-29 17:17:33] ID: 371 | Nombre: huevos | Precio actual: 25.00 | Tipo tasa: PARALELO | Tasa aplicada: 100.00
[2025-04-29 17:17:33] ID: 321 | Nombre: Marble detallado | Precio actual: 5.00 | Tipo tasa: PARALELO | Tasa aplicada: 100.00
[2025-04-29 17:17:33] ID: 601 | Nombre: JyJ | Precio actual: 5.00 | Tipo tasa: PARALELO | Tasa aplicada: 100.00
[2025-04-29 17:17:33] ID: 276 | Nombre: pimenton | Precio actual: 170.00 | Tipo tasa: PARALELO | Tasa aplicada: 100.00
[2025-04-29 17:17:33] ID: 259 | Nombre: refresco glup 400ml | Precio actual: 45.00 | Tipo tasa: PARALELO | Tasa aplicada: 100.00
[2025-04-29 17:17:33] ID: 465 | Nombre: Belmont detallado | Precio actual: 15.00 | Tipo tasa: PARALELO | Tasa aplicada: 100.00
[2025-04-29 17:17:33] ID: 29 | Nombre: Azucar maite | Precio actual: 140.00 | Tipo tasa: PARALELO | Tasa aplicada: 100.00
[2025-04-29 17:17:33] ID: 127 | Nombre: Catalina | Precio actual: 15.00 | Tipo tasa: PARALELO | Tasa aplicada: 100.00
[2025-04-29 17:17:33] ID: 421 | Nombre: coco crunch ranchero | Precio actual: 100.00 | Tipo tasa: PARALELO | Tasa aplicada: 100.00
[2025-04-29 17:17:33] ID: 244 | Nombre: samy le biscuit | Precio actual: 15.00 | Tipo tasa: PARALELO | Tasa aplicada: 100.00
[2025-04-29 17:17:33] ID: 440 | Nombre: CEREAL cronch flakes Maizoritos | Precio actual: 275.00 | Tipo tasa: PARALELO | Tasa aplicada: 100.00
[2025-04-29 17:17:33] ID: 442 | Nombre: cebolla | Precio actual: 130.00 | Tipo tasa: PARALELO | Tasa aplicada: 100.00
[2025-04-29 17:17:33] ID: 202 | Nombre: yupi tubito unidad | Precio actual: 50.00 | Tipo tasa: PARALELO | Tasa aplicada: 100.00
[2025-04-29 17:17:33] ID: 266 | Nombre: Recolector De heces | Precio actual: 15.00 | Tipo tasa: BCV | Tasa aplicada: 90.00
[2025-04-29 17:17:34] ID: 590 | Nombre: Tira afeitadora trio | Precio actual: 35.00 | Tipo tasa: PARALELO | Tasa aplicada: 100.00
[2025-04-29 17:17:34] ID: 318 | Nombre: Marcador permanente | Precio actual: 30.00 | Tipo tasa: PARALELO | Tasa aplicada: 100.00
[2025-04-29 17:17:34] ID: 579 | Nombre: producto prueba BC | Precio actual: 5.00 | Tipo tasa: PARALELO | Tasa aplicada: 100.00
[2025-04-29 17:17:34] ID: 78 | Nombre: Incienso detallado | Precio actual: 10.00 | Tipo tasa: PARALELO | Tasa aplicada: 100.00
[2025-04-29 17:17:34] ID: 462 | Nombre: boka | Precio actual: 25.00 | Tipo tasa: PARALELO | Tasa aplicada: 100.00
[2025-04-29 17:17:34] ID: 580 | Nombre: Bicarbonato Amparito Sobre | Precio actual: 45.00 | Tipo tasa: PARALELO | Tasa aplicada: 100.00
[2025-04-29 17:17:34] ID: 594 | Nombre: cereal kellogs pequeño | Precio actual: 55.00 | Tipo tasa: PARALELO | Tasa aplicada: 100.00
[2025-04-29 17:17:34] ID: 10 | Nombre: Yogurt Migurt | Precio actual: 110.00 | Tipo tasa: PARALELO | Tasa aplicada: 100.00
[2025-04-29 17:17:34] ID: 360 | Nombre: Jabon en polvo alive 500g | Precio actual: 115.00 | Tipo tasa: PARALELO | Tasa aplicada: 100.00
[2025-04-29 17:17:34] ID: 591 | Nombre: Tira afeitadora Duo | Precio actual: 25.00 | Tipo tasa: PARALELO | Tasa aplicada: 100.00
[2025-04-29 17:17:34] ID: 325 | Nombre: mantequilla Deline 250g | Precio actual: 110.00 | Tipo tasa: PARALELO | Tasa aplicada: 100.00
[2025-04-29 17:17:34] ID: 364 | Nombre: Jabon Anita 90g | Precio actual: 65.00 | Tipo tasa: PARALELO | Tasa aplicada: 100.00
[2025-04-29 17:17:34] ID: 119 | Nombre: Medio carton huevo | Precio actual: 360.00 | Tipo tasa: PARALELO | Tasa aplicada: 100.00
[2025-04-29 17:17:34] ID: 597 | Nombre: Monte cilantro y cebollin | Precio actual: 45.00 | Tipo tasa: PARALELO | Tasa aplicada: 100.00
[2025-04-29 17:17:34] ID: 587 | Nombre: consul media caja | Precio actual: 70.00 | Tipo tasa: PARALELO | Tasa aplicada: 100.00
[2025-04-29 17:17:34] ID: 585 | Nombre: Liga de Niña Carton pequeño | Precio actual: 25.00 | Tipo tasa: PARALELO | Tasa aplicada: 100.00
[2025-04-29 17:17:34] ID: 584 | Nombre: Gel Frio Alive Mentol | Precio actual: 200.00 | Tipo tasa: PARALELO | Tasa aplicada: 100.00
[2025-04-29 17:17:34] ID: 148 | Nombre: GUT de Pollo | Precio actual: 40.00 | Tipo tasa: PARALELO | Tasa aplicada: 100.00
[2025-04-29 17:17:34] ID: 588 | Nombre: Jugo Frutea | Precio actual: 70.00 | Tipo tasa: PARALELO | Tasa aplicada: 100.00
[2025-04-29 17:17:34] ID: 35 | Nombre: Picadillo de pollo | Precio actual: 510.00 | Tipo tasa: BCV | Tasa aplicada: 90.00
[2025-04-29 17:17:34] ID: 377 | Nombre: harina Pan Pan | Precio actual: 100.00 | Tipo tasa: PARALELO | Tasa aplicada: 100.00
[2025-04-29 17:17:34] ID: 469 | Nombre: azucar 100% 400g | Precio actual: 75.00 | Tipo tasa: PARALELO | Tasa aplicada: 100.00
[2025-04-29 17:17:34] ID: 609 | Nombre: Papelon Panela  | Precio actual: 75.00 | Tipo tasa: PARALELO | Tasa aplicada: 100.00
[2025-04-29 17:17:34] ID: 177 | Nombre: Cafe de Madrid 100g | Precio actual: 130.00 | Tipo tasa: PARALELO | Tasa aplicada: 100.00
[2025-04-29 17:17:34] ID: 324 | Nombre: mantequilla mavesa 250g | Precio actual: 140.00 | Tipo tasa: PARALELO | Tasa aplicada: 100.00
[2025-04-29 17:17:34] ID: 260 | Nombre: Refresco Glup 2L | Precio actual: 110.00 | Tipo tasa: PARALELO | Tasa aplicada: 100.00
[2025-04-29 17:17:34] ID: 610 | Nombre: Pasta mary dedal 500g | Precio actual: 95.00 | Tipo tasa: PARALELO | Tasa aplicada: 100.00
[2025-04-29 17:17:34] ID: 277 | Nombre: Pigsy Pequeño | Precio actual: 25.00 | Tipo tasa: PARALELO | Tasa aplicada: 100.00
[2025-04-29 17:17:34] ID: 611 | Nombre: Bolsa Marron | Precio actual: 10.00 | Tipo tasa: PARALELO | Tasa aplicada: 100.00
[2025-04-29 17:17:34] ID: 147 | Nombre: Lisso Liso inteligente | Precio actual: 45.00 | Tipo tasa: PARALELO | Tasa aplicada: 100.00
[2025-04-29 17:17:34] ID: 568 | Nombre: Patroncito detallado | Precio actual: 10.00 | Tipo tasa: PARALELO | Tasa aplicada: 100.00
[2025-04-29 17:17:34] ID: 612 | Nombre: Jabon las llaves 250g | Precio actual: 120.00 | Tipo tasa: PARALELO | Tasa aplicada: 100.00
[2025-04-29 17:17:34] ID: 196 | Nombre: Salchicha pollo | Precio actual: 335.00 | Tipo tasa: BCV | Tasa aplicada: 90.00
[2025-04-29 17:17:34] ID: 614 | Nombre: Pepsi 2l | Precio actual: 140.00 | Tipo tasa: BCV | Tasa aplicada: 90.00
[2025-04-29 17:17:34] ID: 613 | Nombre: Pepsi 1L | Precio actual: 100.00 | Tipo tasa: BCV | Tasa aplicada: 90.00
[2025-04-29 17:17:34] ID: 69 | Nombre: Bomba normal Carnaval | Precio actual: 50.00 | Tipo tasa: PARALELO | Tasa aplicada: 100.00
[2025-04-29 17:17:34] ID: 577 | Nombre: Media universal | Precio actual: 75.00 | Tipo tasa: PARALELO | Tasa aplicada: 100.00
[2025-04-29 17:17:34] ID: 239 | Nombre: Socate | Precio actual: 55.00 | Tipo tasa: BCV | Tasa aplicada: 90.00
[2025-04-29 17:17:34] ID: 94 | Nombre: Refresco bombita Cool | Precio actual: 45.00 | Tipo tasa: PARALELO | Tasa aplicada: 100.00
[2025-04-29 17:17:34] ID: 192 | Nombre: Pasta de chorizo | Precio actual: 150.00 | Tipo tasa: BCV | Tasa aplicada: 90.00
[2025-04-29 17:17:34] ID: 566 | Nombre: Bonucci | Precio actual: 45.00 | Tipo tasa: PARALELO | Tasa aplicada: 100.00
[2025-04-29 17:17:34] ID: 182 | Nombre: Algodon | Precio actual: 70.00 | Tipo tasa: BCV | Tasa aplicada: 90.00
[2025-04-29 17:17:34] ID: 569 | Nombre: Jabon Polvo Hugme | Precio actual: 90.00 | Tipo tasa: PARALELO | Tasa aplicada: 100.00
[2025-04-29 17:17:34] ID: 208 | Nombre: Vinagre capital 250ml | Precio actual: 50.00 | Tipo tasa: PARALELO | Tasa aplicada: 100.00
[2025-04-29 17:17:34] ID: 117 | Nombre: Teta de azucar | Precio actual: 30.00 | Tipo tasa: BCV | Tasa aplicada: 90.00
[2025-04-29 17:17:34] ID: 22 | Nombre: Choripan | Precio actual: 45.00 | Tipo tasa: PARALELO | Tasa aplicada: 100.00
[2025-04-29 17:17:34] ID: 186 | Nombre: Mistolin | Precio actual: 195.00 | Tipo tasa: PARALELO | Tasa aplicada: 100.00
[2025-04-29 17:17:34] ID: 71 | Nombre: Sacapunta | Precio actual: 40.00 | Tipo tasa: PARALELO | Tasa aplicada: 100.00
[2025-04-29 17:17:34] ID: 231 | Nombre: Teta de cafe 40g | Precio actual: 45.00 | Tipo tasa: BCV | Tasa aplicada: 90.00
[2025-04-29 17:17:34] ID: 174 | Nombre: Pan redondo | Precio actual: 135.00 | Tipo tasa: PARALELO | Tasa aplicada: 100.00
[2025-04-29 17:17:34] ID: 352 | Nombre: jugo natulac 1l | Precio actual: 185.00 | Tipo tasa: PARALELO | Tasa aplicada: 100.00
[2025-04-29 17:17:34] ID: 466 | Nombre: Belmont caja | Precio actual: 220.00 | Tipo tasa: PARALELO | Tasa aplicada: 100.00
[2025-04-29 17:17:34] ID: 12 | Nombre: Azucar Montalban | Precio actual: 155.00 | Tipo tasa: PARALELO | Tasa aplicada: 100.00
[2025-04-29 17:17:34] ID: 55 | Nombre: Pestaña por punto | Precio actual: 145.00 | Tipo tasa: PARALELO | Tasa aplicada: 100.00
[2025-04-29 17:17:34] ID: 308 | Nombre: Mortadela  don ramon 600g | Precio actual: 170.00 | Tipo tasa: BCV | Tasa aplicada: 90.00
[2025-04-29 17:17:34] ID: 344 | Nombre: lapicero bernice unidad | Precio actual: 20.00 | Tipo tasa: BCV | Tasa aplicada: 90.00
[2025-04-29 17:17:34] ID: 332 | Nombre: lentejas michacha | Precio actual: 165.00 | Tipo tasa: PARALELO | Tasa aplicada: 100.00
[2025-04-29 17:17:34] ID: 309 | Nombre: Mortadela  Don Ramon 400G | Precio actual: 105.00 | Tipo tasa: BCV | Tasa aplicada: 90.00
[2025-04-29 17:17:34] ID: 572 | Nombre: Arroz con Pollo Gut | Precio actual: 75.00 | Tipo tasa: PARALELO | Tasa aplicada: 100.00
[2025-04-29 17:17:34] ID: 99 | Nombre: Marshmellow malvavisco gomita | Precio actual: 35.00 | Tipo tasa: PARALELO | Tasa aplicada: 100.00
[2025-04-29 17:17:34] ID: 19 | Nombre: Pega de uñas | Precio actual: 65.00 | Tipo tasa: PARALELO | Tasa aplicada: 100.00
[2025-04-29 17:17:34] ID: 40 | Nombre: Bombillo blanco 12w | Precio actual: 90.00 | Tipo tasa: PARALELO | Tasa aplicada: 100.00
[2025-04-29 17:17:34] ID: 159 | Nombre: Aguacate | Precio actual: 2600.00 | Tipo tasa: PARALELO | Tasa aplicada: 100.00
[2025-04-29 17:17:34] ID: 316 | Nombre: masa facil | Precio actual: 100.00 | Tipo tasa: PARALELO | Tasa aplicada: 100.00
[2025-04-29 17:17:34] ID: 331 | Nombre: Liga de Cabello | Precio actual: 40.00 | Tipo tasa: PARALELO | Tasa aplicada: 100.00
[2025-04-29 17:17:34] ID: 58 | Nombre: Colonia 2$ | Precio actual: 125.00 | Tipo tasa: PARALELO | Tasa aplicada: 100.00
[2025-04-29 17:17:34] ID: 229 | Nombre: Toalla modes Wanita | Precio actual: 65.00 | Tipo tasa: PARALELO | Tasa aplicada: 100.00
[2025-04-29 17:17:34] ID: 573 | Nombre: Te limon MR TEA | Precio actual: 190.00 | Tipo tasa: PARALELO | Tasa aplicada: 100.00
[2025-04-29 17:17:34] ID: 357 | Nombre: Jabon Las Llaves | Precio actual: 95.00 | Tipo tasa: PARALELO | Tasa aplicada: 100.00
[2025-04-29 17:17:34] ID: 281 | Nombre: pega mosca | Precio actual: 30.00 | Tipo tasa: BCV | Tasa aplicada: 90.00
[2025-04-29 17:17:34] ID: 355 | Nombre: jabon mennen | Precio actual: 60.00 | Tipo tasa: BCV | Tasa aplicada: 90.00
[2025-04-29 17:17:34] ID: 356 | Nombre: Jabon Medicare 90G | Precio actual: 75.00 | Tipo tasa: PARALELO | Tasa aplicada: 100.00
[2025-04-29 17:17:34] ID: 68 | Nombre: Bomba carnaval caucho | Precio actual: 105.00 | Tipo tasa: PARALELO | Tasa aplicada: 100.00
[2025-04-29 17:17:34] ID: 236 | Nombre: Suavizante Aromatel | Precio actual: 65.00 | Tipo tasa: PARALELO | Tasa aplicada: 100.00
[2025-04-29 17:17:34] ID: 213 | Nombre: Uñas | Precio actual: 130.00 | Tipo tasa: PARALELO | Tasa aplicada: 100.00
[2025-04-29 17:17:34] ID: 243 | Nombre: sardinas el arca | Precio actual: 45.00 | Tipo tasa: PARALELO | Tasa aplicada: 100.00
[2025-04-29 17:17:34] ID: 437 | Nombre: champu head and shoulder | Precio actual: 35.00 | Tipo tasa: PARALELO | Tasa aplicada: 100.00
[2025-04-29 17:17:34] ID: 319 | Nombre: marcador pizarra | Precio actual: 30.00 | Tipo tasa: BCV | Tasa aplicada: 90.00
[2025-04-29 17:17:34] ID: 489 | Nombre: Acetaminofen | Precio actual: 10.00 | Tipo tasa: PARALELO | Tasa aplicada: 100.00
[2025-04-29 17:17:34] ID: 254 | Nombre: Sal | Precio actual: 45.00 | Tipo tasa: PARALELO | Tasa aplicada: 100.00
[2025-04-29 17:17:34] ID: 228 | Nombre: Toallas hugme humedas | Precio actual: 110.00 | Tipo tasa: BCV | Tasa aplicada: 90.00
[2025-04-29 17:17:34] ID: 405 | Nombre: desinfectante oso blanco | Precio actual: 125.00 | Tipo tasa: PARALELO | Tasa aplicada: 100.00
[2025-04-29 17:17:34] ID: 271 | Nombre: mata polvo chiripa amarillo | Precio actual: 35.00 | Tipo tasa: BCV | Tasa aplicada: 90.00
[2025-04-29 17:17:34] ID: 575 | Nombre: Pasta corta capri 500g | Precio actual: 95.00 | Tipo tasa: PARALELO | Tasa aplicada: 100.00
[2025-04-29 17:17:34] ID: 436 | Nombre: caramelo 2bs combo | Precio actual: 10.00 | Tipo tasa: PARALELO | Tasa aplicada: 100.00
[2025-04-29 17:17:34] ID: 342 | Nombre: lavaplato oso blanco | Precio actual: 115.00 | Tipo tasa: BCV | Tasa aplicada: 90.00
[2025-04-29 17:17:34] ID: 205 | Nombre: wiki wiki pinta ropa | Precio actual: 55.00 | Tipo tasa: PARALELO | Tasa aplicada: 100.00
[2025-04-29 17:17:34] ID: 210 | Nombre: veneno para ratas | Precio actual: 35.00 | Tipo tasa: PARALELO | Tasa aplicada: 100.00
[2025-04-29 17:17:34] ID: 482 | Nombre: arroz la musia | Precio actual: 95.00 | Tipo tasa: PARALELO | Tasa aplicada: 100.00
[2025-04-29 17:17:34] ID: 483 | Nombre: arroz don julian | Precio actual: 95.00 | Tipo tasa: PARALELO | Tasa aplicada: 100.00
[2025-04-29 17:17:34] ID: 184 | Nombre: Pasta de tomate COMA | Precio actual: 180.00 | Tipo tasa: PARALELO | Tasa aplicada: 100.00
[2025-04-29 17:17:34] ID: 491 | Nombre: aceite vatel 250ml | Precio actual: 85.00 | Tipo tasa: PARALELO | Tasa aplicada: 100.00
[2025-04-29 17:17:34] ID: 155 | Nombre: Tabaco Paramaconi | Precio actual: 40.00 | Tipo tasa: PARALELO | Tasa aplicada: 100.00
[2025-04-29 17:17:34] ID: 133 | Nombre: Paletas Cremosas | Precio actual: 30.00 | Tipo tasa: PARALELO | Tasa aplicada: 100.00
[2025-04-29 17:17:34] ID: 426 | Nombre: Cloro kris pequeño | Precio actual: 90.00 | Tipo tasa: BCV | Tasa aplicada: 90.00
[2025-04-29 17:17:34] ID: 136 | Nombre: Cepillo de diente | Precio actual: 90.00 | Tipo tasa: PARALELO | Tasa aplicada: 100.00
[2025-04-29 17:17:34] ID: 60 | Nombre: Colonia 5$ | Precio actual: 520.00 | Tipo tasa: BCV | Tasa aplicada: 90.00
[2025-04-29 17:17:34] ID: 449 | Nombre: caraota amanecer 400g | Precio actual: 135.00 | Tipo tasa: PARALELO | Tasa aplicada: 100.00
[2025-04-29 17:17:34] ID: 282 | Nombre: Pega Loka | Precio actual: 30.00 | Tipo tasa: PARALELO | Tasa aplicada: 100.00
[2025-04-29 17:17:34] ID: 108 | Nombre: Mantequilla deline grande | Precio actual: 215.00 | Tipo tasa: PARALELO | Tasa aplicada: 100.00
[2025-04-29 17:17:34] ID: 385 | Nombre: Gelatina Rolda | Precio actual: 195.00 | Tipo tasa: BCV | Tasa aplicada: 90.00
[2025-04-29 17:17:34] ID: 607 | Nombre: JYJ MEDIA CAJA | Precio actual: 130.00 | Tipo tasa: PARALELO | Tasa aplicada: 100.00
[2025-04-29 17:17:34] ID: 283 | Nombre: pega blanca 60g | Precio actual: 55.00 | Tipo tasa: BCV | Tasa aplicada: 90.00
[2025-04-29 17:17:34] ID: 188 | Nombre: Pilas | Precio actual: 60.00 | Tipo tasa: PARALELO | Tasa aplicada: 100.00
[2025-04-29 17:17:34] ID: 330 | Nombre: limon | Precio actual: 205.00 | Tipo tasa: PARALELO | Tasa aplicada: 100.00
[2025-04-29 17:17:34] ID: 484 | Nombre: alcohol spray 120ml | Precio actual: 85.00 | Tipo tasa: PARALELO | Tasa aplicada: 100.00
[2025-04-29 17:17:34] ID: 602 | Nombre: JyJ Caja cigarro | Precio actual: 45.00 | Tipo tasa: PARALELO | Tasa aplicada: 100.00
[2025-04-29 17:17:34] ID: 470 | Nombre: Axion 150g | Precio actual: 75.00 | Tipo tasa: PARALELO | Tasa aplicada: 100.00
[2025-04-29 17:17:34] ID: 387 | Nombre: ganchetas accesorios | Precio actual: 120.00 | Tipo tasa: PARALELO | Tasa aplicada: 100.00
[2025-04-29 17:17:34] ID: 478 | Nombre: arvejas mary 400g | Precio actual: 105.00 | Tipo tasa: PARALELO | Tasa aplicada: 100.00
[2025-04-29 17:17:34] ID: 275 | Nombre: pintura al frio | Precio actual: 90.00 | Tipo tasa: BCV | Tasa aplicada: 90.00
[2025-04-29 17:17:34] ID: 294 | Nombre: papel aluminio | Precio actual: 120.00 | Tipo tasa: BCV | Tasa aplicada: 90.00
[2025-04-29 17:17:34] ID: 264 | Nombre: refresco coca cola 1.5lt | Precio actual: 125.00 | Tipo tasa: BCV | Tasa aplicada: 90.00
[2025-04-29 17:17:34] ID: 446 | Nombre: carpeta manila amarilla oficio | Precio actual: 30.00 | Tipo tasa: BCV | Tasa aplicada: 90.00
[2025-04-29 17:17:34] ID: 479 | Nombre: Arroz Santoni | Precio actual: 110.00 | Tipo tasa: PARALELO | Tasa aplicada: 100.00
[2025-04-29 17:17:34] ID: 608 | Nombre: chorizo kilo | Precio actual: 360.00 | Tipo tasa: BCV | Tasa aplicada: 90.00
[2025-04-29 17:17:34] ID: 336 | Nombre: leche liquida purissima 1l | Precio actual: 200.00 | Tipo tasa: PARALELO | Tasa aplicada: 100.00
[2025-04-29 17:17:34] ID: 492 | Nombre: aceite ideal 250ml | Precio actual: 100.00 | Tipo tasa: PARALELO | Tasa aplicada: 100.00
[2025-04-29 17:17:34] ID: 358 | Nombre: Jabon Harmony | Precio actual: 55.00 | Tipo tasa: BCV | Tasa aplicada: 90.00
[2025-04-29 17:17:34] ID: 13 | Nombre: Harina Maiz Masantoni | Precio actual: 75.00 | Tipo tasa: PARALELO | Tasa aplicada: 100.00
[2025-04-29 17:17:34] ID: 126 | Nombre: Colas de cabello | Precio actual: 35.00 | Tipo tasa: BCV | Tasa aplicada: 90.00
[2025-04-29 17:17:34] ID: 156 | Nombre: Barquilla | Precio actual: 55.00 | Tipo tasa: PARALELO | Tasa aplicada: 100.00
[2025-04-29 17:17:34] ID: 138 | Nombre: Tempera | Precio actual: 115.00 | Tipo tasa: PARALELO | Tasa aplicada: 100.00
[2025-04-29 17:17:34] ID: 161 | Nombre: Guayaba | Precio actual: 105.00 | Tipo tasa: PARALELO | Tasa aplicada: 100.00
[2025-04-29 17:17:34] ID: 83 | Nombre: Hilo de coser | Precio actual: 15.00 | Tipo tasa: PARALELO | Tasa aplicada: 100.00
[2025-04-29 17:17:34] ID: 445 | Nombre: carpeta marron carta | Precio actual: 70.00 | Tipo tasa: BCV | Tasa aplicada: 90.00
[2025-04-29 17:17:34] ID: 180 | Nombre: Colgate | Precio actual: 95.00 | Tipo tasa: PARALELO | Tasa aplicada: 100.00
[2025-04-29 17:17:34] ID: 158 | Nombre: Crema de Zapato | Precio actual: 65.00 | Tipo tasa: PARALELO | Tasa aplicada: 100.00
[2025-04-29 17:17:34] ID: 368 | Nombre: incienso caja | Precio actual: 85.00 | Tipo tasa: PARALELO | Tasa aplicada: 100.00
[2025-04-29 17:17:34] ID: 354 | Nombre: jabon popular 150g | Precio actual: 70.00 | Tipo tasa: BCV | Tasa aplicada: 90.00
[2025-04-29 17:17:34] ID: 181 | Nombre: Sabroseador GUT | Precio actual: 55.00 | Tipo tasa: PARALELO | Tasa aplicada: 100.00
[2025-04-29 17:17:34] ID: 468 | Nombre: azucar dacana | Precio actual: 140.00 | Tipo tasa: PARALELO | Tasa aplicada: 100.00
[2025-04-29 17:17:34] ID: 150 | Nombre: Guisantes | Precio actual: 120.00 | Tipo tasa: PARALELO | Tasa aplicada: 100.00
[2025-04-29 17:17:34] ID: 139 | Nombre: Axion Grande 235g | Precio actual: 125.00 | Tipo tasa: BCV | Tasa aplicada: 90.00
[2025-04-29 17:17:34] ID: 451 | Nombre: Caja de Lucky | Precio actual: 255.00 | Tipo tasa: PARALELO | Tasa aplicada: 100.00
[2025-04-29 17:17:34] ID: 195 | Nombre: Muslo de pollo | Precio actual: 405.00 | Tipo tasa: BCV | Tasa aplicada: 90.00
[2025-04-29 17:17:34] ID: 149 | Nombre: Mostaza fergo | Precio actual: 135.00 | Tipo tasa: PARALELO | Tasa aplicada: 100.00
[2025-04-29 17:17:34] ID: 252 | Nombre: Salsa de Tomate Fergos 397G | Precio actual: 135.00 | Tipo tasa: PARALELO | Tasa aplicada: 100.00
[2025-04-29 17:17:34] ID: 106 | Nombre: Aceite ideal 110ml | Precio actual: 65.00 | Tipo tasa: PARALELO | Tasa aplicada: 100.00
[2025-04-29 17:17:34] ID: 85 | Nombre: Toallas Diarias Nosotras | Precio actual: 60.00 | Tipo tasa: PARALELO | Tasa aplicada: 100.00
[2025-04-29 17:17:34] ID: 490 | Nombre: aceite vatel 500ml | Precio actual: 175.00 | Tipo tasa: PARALELO | Tasa aplicada: 100.00
[2025-04-29 17:17:34] ID: 197 | Nombre: Salchicha Polaca | Precio actual: 340.00 | Tipo tasa: PARALELO | Tasa aplicada: 100.00
[2025-04-29 17:17:34] ID: 251 | Nombre: salsa de tomate Heinz 198g | Precio actual: 145.00 | Tipo tasa: PARALELO | Tasa aplicada: 100.00
[2025-04-29 17:17:34] ID: 372 | Nombre: hony bran puig | Precio actual: 35.00 | Tipo tasa: PARALELO | Tasa aplicada: 100.00
[2025-04-29 17:17:34] ID: 310 | Nombre: milka | Precio actual: 150.00 | Tipo tasa: PARALELO | Tasa aplicada: 100.00
[2025-04-29 17:17:34] ID: 77 | Nombre: Lima | Precio actual: 405.00 | Tipo tasa: PARALELO | Tasa aplicada: 100.00
[2025-04-29 17:17:34] ID: 495 | Nombre: 301 caja | Precio actual: 55.00 | Tipo tasa: PARALELO | Tasa aplicada: 100.00
[2025-04-29 17:17:34] ID: 227 | Nombre: tocineta limon | Precio actual: 45.00 | Tipo tasa: PARALELO | Tasa aplicada: 100.00
[2025-04-29 17:17:34] ID: 24 | Nombre: Esponja brillo normal | Precio actual: 40.00 | Tipo tasa: BCV | Tasa aplicada: 90.00
[2025-04-29 17:17:34] ID: 238 | Nombre: sopa maggi | Precio actual: 105.00 | Tipo tasa: PARALELO | Tasa aplicada: 100.00
[2025-04-29 17:17:34] ID: 340 | Nombre: Leche Condensada Cremor | Precio actual: 170.00 | Tipo tasa: PARALELO | Tasa aplicada: 100.00
[2025-04-29 17:17:34] ID: 422 | Nombre: Club Social | Precio actual: 25.00 | Tipo tasa: PARALELO | Tasa aplicada: 100.00
[2025-04-29 17:17:34] ID: 41 | Nombre: Silicon Barra grande | Precio actual: 75.00 | Tipo tasa: PARALELO | Tasa aplicada: 100.00
[2025-04-29 17:17:34] ID: 5 | Nombre: Rikesa | Precio actual: 360.00 | Tipo tasa: BCV | Tasa aplicada: 90.00
[2025-04-29 17:17:34] ID: 48 | Nombre: Tikotin | Precio actual: 10.00 | Tipo tasa: PARALELO | Tasa aplicada: 100.00
[2025-04-29 17:17:34] ID: 53 | Nombre: Pan de guayaba | Precio actual: 15.00 | Tipo tasa: BCV | Tasa aplicada: 90.00
[2025-04-29 17:17:34] ID: 463 | Nombre: Bianchi barra | Precio actual: 30.00 | Tipo tasa: PARALELO | Tasa aplicada: 100.00
[2025-04-29 17:17:34] ID: 92 | Nombre: Belmont media caja | Precio actual: 130.00 | Tipo tasa: PARALELO | Tasa aplicada: 100.00
[2025-04-29 17:17:34] ID: 338 | Nombre: leche dobon 200g | Precio actual: 200.00 | Tipo tasa: PARALELO | Tasa aplicada: 100.00
[2025-04-29 17:17:34] ID: 4 | Nombre: Yogurt Tigo | Precio actual: 105.00 | Tipo tasa: BCV | Tasa aplicada: 90.00
[2025-04-29 17:17:34] ID: 145 | Nombre: Tinte AMG Grande | Precio actual: 210.00 | Tipo tasa: BCV | Tasa aplicada: 90.00
[2025-04-29 17:17:34] ID: 285 | Nombre: pasta mary larga 1kg | Precio actual: 110.00 | Tipo tasa: PARALELO | Tasa aplicada: 100.00
[2025-04-29 17:17:34] ID: 21 | Nombre: Queso Arepero | Precio actual: 590.00 | Tipo tasa: BCV | Tasa aplicada: 90.00
[2025-04-29 17:17:34] ID: 38 | Nombre: Magnum magno | Precio actual: 55.00 | Tipo tasa: PARALELO | Tasa aplicada: 100.00
[2025-04-29 17:17:34] ID: 31 | Nombre: Te de Durazno | Precio actual: 170.00 | Tipo tasa: PARALELO | Tasa aplicada: 100.00
[2025-04-29 17:17:34] ID: 3 | Nombre: Gelatina Every Night | Precio actual: 155.00 | Tipo tasa: BCV | Tasa aplicada: 90.00
[2025-04-29 17:17:34] ID: 6 | Nombre: Maiz en lata PAFFIA | Precio actual: 175.00 | Tipo tasa: PARALELO | Tasa aplicada: 100.00
[2025-04-29 17:17:34] ID: 16 | Nombre: Carne molida | Precio actual: 935.00 | Tipo tasa: BCV | Tasa aplicada: 90.00
[2025-04-29 17:17:34] ID: 45 | Nombre: Cheese Cronch Grande | Precio actual: 105.00 | Tipo tasa: PARALELO | Tasa aplicada: 100.00
[2025-04-29 17:17:34] ID: 209 | Nombre: Vinagre capital 1lt | Precio actual: 100.00 | Tipo tasa: PARALELO | Tasa aplicada: 100.00
[2025-04-29 17:17:34] ID: 226 | Nombre: toddy | Precio actual: 165.00 | Tipo tasa: PARALELO | Tasa aplicada: 100.00
[2025-04-29 17:17:34] ID: 382 | Nombre: Gomitas Play (snacks) Paquete | Precio actual: 40.00 | Tipo tasa: PARALELO | Tasa aplicada: 100.00
[2025-04-29 17:17:34] ID: 460 | Nombre: Bombillos amarillo 100w | Precio actual: 35.00 | Tipo tasa: BCV | Tasa aplicada: 90.00
[2025-04-29 17:17:34] ID: 185 | Nombre: Agua oxigenada | Precio actual: 95.00 | Tipo tasa: PARALELO | Tasa aplicada: 100.00
[2025-04-29 17:17:34] ID: 179 | Nombre: Harina de Trigo Dulce Mar 1kl | Precio actual: 120.00 | Tipo tasa: PARALELO | Tasa aplicada: 100.00
[2025-04-29 17:17:34] ID: 467 | Nombre: azucar hiperlider | Precio actual: 135.00 | Tipo tasa: PARALELO | Tasa aplicada: 100.00
[2025-04-29 17:17:34] ID: 346 | Nombre: keramix champu | Precio actual: 55.00 | Tipo tasa: PARALELO | Tasa aplicada: 100.00
[2025-04-29 17:17:34] ID: 9 | Nombre: Golden Manzana 1.5l | Precio actual: 105.00 | Tipo tasa: BCV | Tasa aplicada: 90.00
[2025-04-29 17:17:34] ID: 258 | Nombre: Refresco The Sun 400ml | Precio actual: 35.00 | Tipo tasa: PARALELO | Tasa aplicada: 100.00
[2025-04-29 17:17:34] ID: 454 | Nombre: favorito100g | Precio actual: 90.00 | Tipo tasa: PARALELO | Tasa aplicada: 100.00
[2025-04-29 17:17:34] ID: 87 | Nombre: Sardinas los roques | Precio actual: 60.00 | Tipo tasa: PARALELO | Tasa aplicada: 100.00
[2025-04-29 17:17:34] ID: 172 | Nombre: Leche mama conchita | Precio actual: 115.00 | Tipo tasa: PARALELO | Tasa aplicada: 100.00
[2025-04-29 17:17:34] ID: 80 | Nombre: Pega en barra | Precio actual: 50.00 | Tipo tasa: PARALELO | Tasa aplicada: 100.00
[2025-04-29 17:17:34] ID: 81 | Nombre: Vick vaporub Mentol | Precio actual: 60.00 | Tipo tasa: PARALELO | Tasa aplicada: 100.00
[2025-04-29 17:17:34] ID: 320 | Nombre: Marble Por caja | Precio actual: 75.00 | Tipo tasa: BCV | Tasa aplicada: 90.00
[2025-04-29 17:17:34] ID: 339 | Nombre: Leche Dobon 120g | Precio actual: 120.00 | Tipo tasa: PARALELO | Tasa aplicada: 100.00
[2025-04-29 17:17:34] ID: 89 | Nombre: Doritos mega queso Promocion XXL | Precio actual: 490.00 | Tipo tasa: PARALELO | Tasa aplicada: 100.00
[2025-04-29 17:17:34] ID: 97 | Nombre: Pan para perros | Precio actual: 130.00 | Tipo tasa: BCV | Tasa aplicada: 90.00
[2025-04-29 17:17:34] ID: 100 | Nombre: Mostaza Coma | Precio actual: 160.00 | Tipo tasa: PARALELO | Tasa aplicada: 100.00
[2025-04-29 17:17:34] ID: 104 | Nombre: Compota Natulac | Precio actual: 90.00 | Tipo tasa: PARALELO | Tasa aplicada: 100.00
[2025-04-29 17:17:34] ID: 79 | Nombre: Champu Colorante tinte | Precio actual: 65.00 | Tipo tasa: BCV | Tasa aplicada: 90.00
[2025-04-29 17:17:34] ID: 75 | Nombre: Trifogon | Precio actual: 10.00 | Tipo tasa: PARALELO | Tasa aplicada: 100.00
[2025-04-29 17:17:34] ID: 70 | Nombre: Pega loka astro glue | Precio actual: 25.00 | Tipo tasa: PARALELO | Tasa aplicada: 100.00
[2025-04-29 17:17:34] ID: 137 | Nombre: Silicon Liquido | Precio actual: 85.00 | Tipo tasa: PARALELO | Tasa aplicada: 100.00
[2025-04-29 17:17:34] ID: 88 | Nombre: Pasta capri dedal | Precio actual: 190.00 | Tipo tasa: BCV | Tasa aplicada: 90.00
[2025-04-29 17:17:34] ID: 86 | Nombre: Cotufa de maiz Mary | Precio actual: 155.00 | Tipo tasa: BCV | Tasa aplicada: 90.00
[2025-04-29 17:17:34] ID: 25 | Nombre: Jabon Panela oso blanco | Precio actual: 75.00 | Tipo tasa: PARALELO | Tasa aplicada: 100.00
[2025-04-29 17:17:34] ID: 474 | Nombre: atun california | Precio actual: 120.00 | Tipo tasa: PARALELO | Tasa aplicada: 100.00
[2025-04-29 17:17:34] ID: 105 | Nombre: Compota Heinz | Precio actual: 120.00 | Tipo tasa: PARALELO | Tasa aplicada: 100.00
[2025-04-29 17:17:34] ID: 34 | Nombre: Salsa para pasta Osole 200G | Precio actual: 120.00 | Tipo tasa: PARALELO | Tasa aplicada: 100.00
[2025-04-29 17:17:34] ID: 107 | Nombre: Crema de arroz Mary | Precio actual: 85.00 | Tipo tasa: PARALELO | Tasa aplicada: 100.00
[2025-04-29 17:17:34] ID: 102 | Nombre: Jabon las llaves bebe | Precio actual: 80.00 | Tipo tasa: PARALELO | Tasa aplicada: 100.00
[2025-04-29 17:17:34] ID: 67 | Nombre: Vainilla MAS | Precio actual: 45.00 | Tipo tasa: PARALELO | Tasa aplicada: 100.00
[2025-04-29 17:17:34] ID: 429 | Nombre: Chupis-mamilo | Precio actual: 15.00 | Tipo tasa: PARALELO | Tasa aplicada: 100.00
[2025-04-29 17:17:34] ID: 173 | Nombre: Pan Hamburguesa | Precio actual: 135.00 | Tipo tasa: PARALELO | Tasa aplicada: 100.00
[2025-04-29 17:17:34] ID: 247 | Nombre: salsa picante fritz 250g | Precio actual: 225.00 | Tipo tasa: PARALELO | Tasa aplicada: 100.00
[2025-04-29 17:17:34] ID: 337 | Nombre: leche liquida carabobo 1l | Precio actual: 185.00 | Tipo tasa: PARALELO | Tasa aplicada: 100.00
[2025-04-29 17:17:34] ID: 407 | Nombre: Dalvito | Precio actual: 340.00 | Tipo tasa: PARALELO | Tasa aplicada: 100.00
[2025-04-29 17:17:34] ID: 128 | Nombre: Zucarita | Precio actual: 45.00 | Tipo tasa: PARALELO | Tasa aplicada: 100.00
[2025-04-29 17:17:34] ID: 125 | Nombre: Cacao | Precio actual: 130.00 | Tipo tasa: PARALELO | Tasa aplicada: 100.00
[2025-04-29 17:17:34] ID: 230 | Nombre: toalla modes alive | Precio actual: 120.00 | Tipo tasa: PARALELO | Tasa aplicada: 100.00
[2025-04-29 17:17:34] ID: 151 | Nombre: Arroz mary rojo | Precio actual: 135.00 | Tipo tasa: PARALELO | Tasa aplicada: 100.00
[2025-04-29 17:17:34] ID: 131 | Nombre: Diclofenac | Precio actual: 10.00 | Tipo tasa: PARALELO | Tasa aplicada: 100.00
[2025-04-29 17:17:34] ID: 82 | Nombre: Celoven | Precio actual: 35.00 | Tipo tasa: PARALELO | Tasa aplicada: 100.00
[2025-04-29 17:17:34] ID: 56 | Nombre: Pestaña corrida | Precio actual: 115.00 | Tipo tasa: PARALELO | Tasa aplicada: 100.00
[2025-04-29 17:17:34] ID: 91 | Nombre: Foami | Precio actual: 35.00 | Tipo tasa: PARALELO | Tasa aplicada: 100.00
[2025-04-29 17:17:34] ID: 93 | Nombre: Doritos Super Promocion | Precio actual: 360.00 | Tipo tasa: PARALELO | Tasa aplicada: 100.00
[2025-04-29 17:17:34] ID: 111 | Nombre: Loratadina | Precio actual: 10.00 | Tipo tasa: PARALELO | Tasa aplicada: 100.00
[2025-04-29 17:17:34] ID: 96 | Nombre: Pan para hamburguesa | Precio actual: 120.00 | Tipo tasa: PARALELO | Tasa aplicada: 100.00
[2025-04-29 17:17:34] ID: 477 | Nombre: Atlantic caja | Precio actual: 45.00 | Tipo tasa: PARALELO | Tasa aplicada: 100.00
[2025-04-29 17:17:34] ID: 98 | Nombre: Pan Gourmet | Precio actual: 130.00 | Tipo tasa: PARALELO | Tasa aplicada: 100.00
[2025-04-29 17:17:34] ID: 74 | Nombre: Pabilo | Precio actual: 50.00 | Tipo tasa: PARALELO | Tasa aplicada: 100.00
[2025-04-29 17:17:34] ID: 459 | Nombre: Bombillos led 15w | Precio actual: 115.00 | Tipo tasa: PARALELO | Tasa aplicada: 100.00
[2025-04-29 17:17:34] ID: 398 | Nombre: fabuloso detergente | Precio actual: 75.00 | Tipo tasa: PARALELO | Tasa aplicada: 100.00
[2025-04-29 17:17:34] ID: 415 | Nombre: cosmilk | Precio actual: 35.00 | Tipo tasa: PARALELO | Tasa aplicada: 100.00
[2025-04-29 17:17:34] ID: 122 | Nombre: VICEROY | Precio actual: 10.00 | Tipo tasa: PARALELO | Tasa aplicada: 100.00
[2025-04-29 17:17:34] ID: 121 | Nombre: Caja de viceroy | Precio actual: 135.00 | Tipo tasa: PARALELO | Tasa aplicada: 100.00
[2025-04-29 17:17:34] ID: 267 | Nombre: queso duro | Precio actual: 695.00 | Tipo tasa: BCV | Tasa aplicada: 90.00
[2025-04-29 17:17:34] ID: 123 | Nombre: Servilletas | Precio actual: 115.00 | Tipo tasa: PARALELO | Tasa aplicada: 100.00
[2025-04-29 17:17:34] ID: 300 | Nombre: Pall Mall detallado | Precio actual: 15.00 | Tipo tasa: PARALELO | Tasa aplicada: 100.00
[2025-04-29 17:17:34] ID: 59 | Nombre: Colonia 4$ | Precio actual: 370.00 | Tipo tasa: PARALELO | Tasa aplicada: 100.00
[2025-04-29 17:17:34] ID: 288 | Nombre: pasta corta oba 500g | Precio actual: 55.00 | Tipo tasa: PARALELO | Tasa aplicada: 100.00
[2025-04-29 17:17:34] ID: 216 | Nombre: Trululu Snacks Paquete | Precio actual: 55.00 | Tipo tasa: PARALELO | Tasa aplicada: 100.00
[2025-04-29 17:17:34] ID: 57 | Nombre: Lapiz bicolor dos colores | Precio actual: 35.00 | Tipo tasa: BCV | Tasa aplicada: 90.00
[2025-04-29 17:17:34] ID: 14 | Nombre: Aceite Ideal 500ML | Precio actual: 145.00 | Tipo tasa: PARALELO | Tasa aplicada: 100.00
[2025-04-29 17:17:34] ID: 235 | Nombre: Suavizante Suavitel | Precio actual: 60.00 | Tipo tasa: PARALELO | Tasa aplicada: 100.00
[2025-04-29 17:17:34] ID: 305 | Nombre: oki doki bombom | Precio actual: 10.00 | Tipo tasa: PARALELO | Tasa aplicada: 100.00
[2025-04-29 17:17:34] ID: 313 | Nombre: Mayonesa Kraft 175G | Precio actual: 160.00 | Tipo tasa: PARALELO | Tasa aplicada: 100.00
[2025-04-29 17:17:34] ID: 15 | Nombre: Suavizante Alive | Precio actual: 65.00 | Tipo tasa: PARALELO | Tasa aplicada: 100.00
[2025-04-29 17:17:34] ID: 166 | Nombre: Miami detallado | Precio actual: 5.00 | Tipo tasa: PARALELO | Tasa aplicada: 100.00
[2025-04-29 17:17:34] ID: 183 | Nombre: Tinte Hugme Barato | Precio actual: 40.00 | Tipo tasa: PARALELO | Tasa aplicada: 100.00
[2025-04-29 17:17:34] ID: 47 | Nombre: Barquillon | Precio actual: 100.00 | Tipo tasa: PARALELO | Tasa aplicada: 100.00
[2025-04-29 17:17:34] ID: 481 | Nombre: arroz mary tradicional | Precio actual: 115.00 | Tipo tasa: PARALELO | Tasa aplicada: 100.00
[2025-04-29 17:17:34] ID: 297 | Nombre: Panelada | Precio actual: 40.00 | Tipo tasa: PARALELO | Tasa aplicada: 100.00
[2025-04-29 17:17:34] ID: 256 | Nombre: rizada rizada | Precio actual: 65.00 | Tipo tasa: PARALELO | Tasa aplicada: 100.00
[2025-04-29 17:17:34] ID: 286 | Nombre: pasta mary corta 500g | Precio actual: 95.00 | Tipo tasa: PARALELO | Tasa aplicada: 100.00
[2025-04-29 17:17:34] ID: 284 | Nombre: pasta Mary plumita 1kg | Precio actual: 145.00 | Tipo tasa: PARALELO | Tasa aplicada: 100.00
[2025-04-29 17:17:34] ID: 333 | Nombre: lentejas Mary | Precio actual: 145.00 | Tipo tasa: PARALELO | Tasa aplicada: 100.00
[2025-04-29 17:17:34] ID: 270 | Nombre: pote figura ojos ojitos | Precio actual: 15.00 | Tipo tasa: PARALELO | Tasa aplicada: 100.00
[2025-04-29 17:17:34] ID: 380 | Nombre: kaly premium | Precio actual: 85.00 | Tipo tasa: PARALELO | Tasa aplicada: 100.00
[2025-04-29 17:17:34] ID: 379 | Nombre: harina de maiz mary | Precio actual: 100.00 | Tipo tasa: PARALELO | Tasa aplicada: 100.00
[2025-04-29 17:17:34] ID: 234 | Nombre: Takis Pequeño | Precio actual: 140.00 | Tipo tasa: PARALELO | Tasa aplicada: 100.00
[2025-04-29 17:17:34] ID: 115 | Nombre: aromax | Precio actual: 30.00 | Tipo tasa: PARALELO | Tasa aplicada: 100.00
[2025-04-29 17:17:34] ID: 33 | Nombre: Bolsa de pan salado | Precio actual: 105.00 | Tipo tasa: PARALELO | Tasa aplicada: 100.00
[2025-04-29 17:17:34] ID: 461 | Nombre: bolsa basura 40kg | Precio actual: 30.00 | Tipo tasa: BCV | Tasa aplicada: 90.00
[2025-04-29 17:17:34] ID: 301 | Nombre: Pall Mall Caja | Precio actual: 230.00 | Tipo tasa: PARALELO | Tasa aplicada: 100.00
[2025-04-29 17:17:34] ID: 245 | Nombre: samba | Precio actual: 80.00 | Tipo tasa: PARALELO | Tasa aplicada: 100.00
[2025-04-29 17:17:34] ID: 28 | Nombre: Aceite soya cristalino 430ml | Precio actual: 140.00 | Tipo tasa: PARALELO | Tasa aplicada: 100.00
[2025-04-29 17:17:34] ID: 311 | Nombre: Mayonesa mavesa 445g | Precio actual: 350.00 | Tipo tasa: PARALELO | Tasa aplicada: 100.00
[2025-04-29 17:17:34] ID: 178 | Nombre: Harina de Trigo Robin hood 1kl | Precio actual: 115.00 | Tipo tasa: PARALELO | Tasa aplicada: 100.00
[2025-04-29 17:17:34] ID: 291 | Nombre: Papel Luciano | Precio actual: 80.00 | Tipo tasa: PARALELO | Tasa aplicada: 100.00
[2025-04-29 17:17:34] ID: 341 | Nombre: leche purelac 200g | Precio actual: 145.00 | Tipo tasa: PARALELO | Tasa aplicada: 100.00
[2025-04-29 17:17:34] ID: 135 | Nombre: Condimentos 15bs | Precio actual: 25.00 | Tipo tasa: PARALELO | Tasa aplicada: 100.00
[2025-04-29 17:17:34] ID: 142 | Nombre: Savoy | Precio actual: 135.00 | Tipo tasa: PARALELO | Tasa aplicada: 100.00
[2025-04-29 17:17:34] ID: 335 | Nombre: leche los andes 200g | Precio actual: 215.00 | Tipo tasa: PARALELO | Tasa aplicada: 100.00
[2025-04-29 17:17:34] ID: 359 | Nombre: Jabon en polvo Vea | Precio actual: 95.00 | Tipo tasa: PARALELO | Tasa aplicada: 100.00
[2025-04-29 17:17:34] ID: 322 | Nombre: mantequilla nelly 250g | Precio actual: 120.00 | Tipo tasa: PARALELO | Tasa aplicada: 100.00
[2025-04-29 17:17:34] ID: 109 | Nombre: Adobo Completo | Precio actual: 45.00 | Tipo tasa: PARALELO | Tasa aplicada: 100.00
[2025-04-29 17:17:34] ID: 250 | Nombre: salsa de tomate pampero 198g | Precio actual: 150.00 | Tipo tasa: PARALELO | Tasa aplicada: 100.00
[2025-04-29 17:17:34] ID: 444 | Nombre: carpeta marron oficio | Precio actual: 85.00 | Tipo tasa: PARALELO | Tasa aplicada: 100.00
[2025-04-29 17:17:34] ID: 189 | Nombre: queso de año 200g concha negra | Precio actual: 325.00 | Tipo tasa: PARALELO | Tasa aplicada: 100.00
[2025-04-29 17:17:34] ID: 389 | Nombre: galleta geo | Precio actual: 25.00 | Tipo tasa: PARALELO | Tasa aplicada: 100.00
[2025-04-29 17:17:34] ID: 50 | Nombre: Deleitina | Precio actual: 55.00 | Tipo tasa: PARALELO | Tasa aplicada: 100.00
[2025-04-29 17:17:34] ID: 315 | Nombre: Maxcoco Maxcoco | Precio actual: 45.00 | Tipo tasa: PARALELO | Tasa aplicada: 100.00
[2025-04-29 17:17:34] ID: 370 | Nombre: iancarina tip top | Precio actual: 80.00 | Tipo tasa: PARALELO | Tasa aplicada: 100.00
[2025-04-29 17:17:34] ID: 146 | Nombre: Lady speed stick | Precio actual: 35.00 | Tipo tasa: PARALELO | Tasa aplicada: 100.00
[2025-04-29 17:17:34] ID: 116 | Nombre: Acetona | Precio actual: 65.00 | Tipo tasa: PARALELO | Tasa aplicada: 100.00
[2025-04-29 17:17:34] ID: 214 | Nombre: universal por caja | Precio actual: 130.00 | Tipo tasa: PARALELO | Tasa aplicada: 100.00
[2025-04-29 17:17:34] ID: 403 | Nombre: Desodorante Lady Speed Stick | Precio actual: 35.00 | Tipo tasa: PARALELO | Tasa aplicada: 100.00
[2025-04-29 17:17:34] ID: 140 | Nombre: Palitos | Precio actual: 40.00 | Tipo tasa: PARALELO | Tasa aplicada: 100.00
[2025-04-29 17:17:34] ID: 141 | Nombre: Cri Cri | Precio actual: 100.00 | Tipo tasa: PARALELO | Tasa aplicada: 100.00
[2025-04-29 17:17:34] ID: 299 | Nombre: Palmerita Palmerita Paquete | Precio actual: 15.00 | Tipo tasa: PARALELO | Tasa aplicada: 100.00
[2025-04-29 17:17:34] ID: 361 | Nombre: Jabon en polvo alive 200g | Precio actual: 45.00 | Tipo tasa: PARALELO | Tasa aplicada: 100.00
[2025-04-29 17:17:34] ID: 76 | Nombre: Yesquero soplete | Precio actual: 30.00 | Tipo tasa: BCV | Tasa aplicada: 90.00
[2025-04-29 17:17:34] ID: 497 | Nombre: 77 | Precio actual: 40.00 | Tipo tasa: PARALELO | Tasa aplicada: 100.00
[2025-04-29 17:17:34] ID: 207 | Nombre: Vinagre capital 500ml | Precio actual: 60.00 | Tipo tasa: PARALELO | Tasa aplicada: 100.00
[2025-04-29 17:17:34] ID: 363 | Nombre: Jabon azul rombo | Precio actual: 65.00 | Tipo tasa: PARALELO | Tasa aplicada: 100.00
[2025-04-29 17:17:34] ID: 399 | Nombre: esponja doble uso | Precio actual: 45.00 | Tipo tasa: BCV | Tasa aplicada: 90.00
[2025-04-29 17:17:34] ID: 95 | Nombre: Pan piñas | Precio actual: 15.00 | Tipo tasa: PARALELO | Tasa aplicada: 100.00
[2025-04-29 17:17:34] ID: 222 | Nombre: Tom Familiar | Precio actual: 140.00 | Tipo tasa: PARALELO | Tasa aplicada: 100.00
[2025-04-29 17:17:34] ID: 392 | Nombre: fulltop | Precio actual: 40.00 | Tipo tasa: PARALELO | Tasa aplicada: 100.00
[2025-04-29 17:17:34] ID: 289 | Nombre: pasta corta capri PLUMITA 1kg | Precio actual: 160.00 | Tipo tasa: PARALELO | Tasa aplicada: 100.00
[2025-04-29 17:17:34] ID: 152 | Nombre: Jabon avena | Precio actual: 40.00 | Tipo tasa: PARALELO | Tasa aplicada: 100.00
[2025-04-29 17:17:34] ID: 217 | Nombre: Trululu Sabores | Precio actual: 30.00 | Tipo tasa: PARALELO | Tasa aplicada: 100.00
[2025-04-29 17:17:34] ID: 169 | Nombre: Freegells | Precio actual: 30.00 | Tipo tasa: PARALELO | Tasa aplicada: 100.00
[2025-04-29 17:17:34] ID: 447 | Nombre: caraota pantera | Precio actual: 150.00 | Tipo tasa: PARALELO | Tasa aplicada: 100.00
[2025-04-29 17:17:34] ID: 203 | Nombre: yupi waffle unidad | Precio actual: 65.00 | Tipo tasa: PARALELO | Tasa aplicada: 100.00
[2025-04-29 17:17:34] ID: 334 | Nombre: leche san simon 125g | Precio actual: 155.00 | Tipo tasa: PARALELO | Tasa aplicada: 100.00
[2025-04-29 17:17:34] ID: 23 | Nombre: Maizina americana 200g | Precio actual: 165.00 | Tipo tasa: PARALELO | Tasa aplicada: 100.00
[2025-04-29 17:17:34] ID: 193 | Nombre: Chuleta | Precio actual: 785.00 | Tipo tasa: BCV | Tasa aplicada: 90.00
[2025-04-29 17:17:34] ID: 378 | Nombre: harina pan arroz | Precio actual: 85.00 | Tipo tasa: PARALELO | Tasa aplicada: 100.00
[2025-04-29 17:17:34] ID: 103 | Nombre: OKA LOKA NANO GRANDE | Precio actual: 55.00 | Tipo tasa: PARALELO | Tasa aplicada: 100.00
[2025-04-29 17:17:34] ID: 199 | Nombre: queso amarillo caro | Precio actual: 1510.00 | Tipo tasa: PARALELO | Tasa aplicada: 100.00
[2025-04-29 17:17:34] ID: 605 | Nombre: Colador | Precio actual: 65.00 | Tipo tasa: PARALELO | Tasa aplicada: 100.00
[2025-04-29 17:17:34] ID: 8 | Nombre: Cremadita Cremadito | Precio actual: 25.00 | Tipo tasa: PARALELO | Tasa aplicada: 100.00
[2025-04-29 17:17:34] ID: 175 | Nombre: Pan Sanguche Sandwich | Precio actual: 135.00 | Tipo tasa: PARALELO | Tasa aplicada: 100.00
[2025-04-29 17:17:34] ID: 603 | Nombre: pizza | Precio actual: 135.00 | Tipo tasa: PARALELO | Tasa aplicada: 100.00
[2025-04-29 17:17:34] ID: 253 | Nombre: salsa ajo soya inglesa tripack Unidad | Precio actual: 225.00 | Tipo tasa: PARALELO | Tasa aplicada: 100.00
[2025-04-29 17:17:34] ID: 249 | Nombre: salsa de tomate pampero 397g | Precio actual: 200.00 | Tipo tasa: PARALELO | Tasa aplicada: 100.00
[2025-04-29 17:17:34] ID: 129 | Nombre: leche liquida carabobo pequeña | Precio actual: 60.00 | Tipo tasa: PARALELO | Tasa aplicada: 100.00
[2025-04-29 17:17:34] ID: 49 | Nombre: Barryton | Precio actual: 10.00 | Tipo tasa: PARALELO | Tasa aplicada: 100.00
[2025-04-29 17:17:34] ID: 448 | Nombre: caraota michacha | Precio actual: 120.00 | Tipo tasa: PARALELO | Tasa aplicada: 100.00
[2025-04-29 17:17:34] ID: 595 | Nombre: Frutimelo | Precio actual: 50.00 | Tipo tasa: PARALELO | Tasa aplicada: 100.00
[2025-04-29 17:17:34] ID: 362 | Nombre: Jabon en polvo alive 1kg | Precio actual: 190.00 | Tipo tasa: PARALELO | Tasa aplicada: 100.00
[2025-04-29 17:17:34] ID: 42 | Nombre: Aliclean | Precio actual: 120.00 | Tipo tasa: PARALELO | Tasa aplicada: 100.00
[2025-04-29 17:17:34] ID: 298 | Nombre: Pan andino unidad | Precio actual: 85.00 | Tipo tasa: PARALELO | Tasa aplicada: 100.00
[2025-04-29 17:17:34] ID: 2 | Nombre: Mega Bol Mega Aros | Precio actual: 185.00 | Tipo tasa: BCV | Tasa aplicada: 90.00
[2025-04-29 17:17:34] ID: 384 | Nombre: Golpe Ranchero grande | Precio actual: 205.00 | Tipo tasa: PARALELO | Tasa aplicada: 100.00
[2025-04-29 17:17:34] ID: 606 | Nombre: Queso Mozzarella | Precio actual: 750.00 | Tipo tasa: PARALELO | Tasa aplicada: 100.00
[2025-04-29 17:17:34] ID: 383 | Nombre: Golpe Ranchero tira pequeño | Precio actual: 55.00 | Tipo tasa: PARALELO | Tasa aplicada: 100.00
[2025-04-29 17:17:34] ID: 532 | Nombre: Aguacatex | Precio actual: 215.00 | Tipo tasa: BCV | Tasa aplicada: 90.00
[2025-04-29 17:17:34] ID: 596 | Nombre: Arroz Doña Blanca | Precio actual: 105.00 | Tipo tasa: PARALELO | Tasa aplicada: 100.00
[2025-04-29 17:17:34] ID: 262 | Nombre: refresco coca cola 2 litro | Precio actual: 140.00 | Tipo tasa: PARALELO | Tasa aplicada: 100.00
[2025-04-29 17:17:34] ID: 26 | Nombre: Incienso Caja Premium | Precio actual: 205.00 | Tipo tasa: PARALELO | Tasa aplicada: 100.00
[2025-04-29 17:17:34] ID: 604 | Nombre: Botecito Once Once | Precio actual: 95.00 | Tipo tasa: BCV | Tasa aplicada: 90.00
[2025-04-29 17:17:34] ID: 353 | Nombre: jugo frutsi pequeño | Precio actual: 35.00 | Tipo tasa: PARALELO | Tasa aplicada: 100.00
[2025-04-29 17:17:34] ID: 583 | Nombre: Crema de arroz Primor 450g | Precio actual: 125.00 | Tipo tasa: PARALELO | Tasa aplicada: 100.00
[2025-04-29 17:17:34] ID: 599 | Nombre: Charmy paquete | Precio actual: 115.00 | Tipo tasa: PARALELO | Tasa aplicada: 100.00
[2025-04-29 17:17:34] ID: 376 | Nombre: Harina de Trigo Doña Maria KG | Precio actual: 175.00 | Tipo tasa: PARALELO | Tasa aplicada: 100.00
[2025-04-29 17:17:34] ID: 487 | Nombre: Afeitadora Max3 | Precio actual: 35.00 | Tipo tasa: PARALELO | Tasa aplicada: 100.00
[2025-04-29 17:17:34] ID: 456 | Nombre: Cafe fama de america kilo | Precio actual: 650.00 | Tipo tasa: PARALELO | Tasa aplicada: 100.00
[2025-04-29 17:17:34] ID: 598 | Nombre: Doritos Picante pequeño | Precio actual: 105.00 | Tipo tasa: PARALELO | Tasa aplicada: 100.00
[2025-04-29 17:17:34] ID: 589 | Nombre: Maria paquete | Precio actual: 65.00 | Tipo tasa: PARALELO | Tasa aplicada: 100.00
[2025-04-29 17:17:34] ID: 30 | Nombre: Aceite girasol Gocciolio | Precio actual: 290.00 | Tipo tasa: PARALELO | Tasa aplicada: 100.00
[2025-04-29 17:17:34] ID: 1 | Nombre: Harina Juana | Precio actual: 75.00 | Tipo tasa: PARALELO | Tasa aplicada: 100.00
[2025-04-29 17:17:34] ID: 296 | Nombre: Pañales Hugme | Precio actual: 30.00 | Tipo tasa: PARALELO | Tasa aplicada: 100.00
[2025-04-29 17:17:34] ID: 574 | Nombre: Pasta Larga Mutlu 1kg | Precio actual: 75.00 | Tipo tasa: PARALELO | Tasa aplicada: 100.00
[2025-04-29 17:17:34] ID: 567 | Nombre: Patroncito Caja | Precio actual: 80.00 | Tipo tasa: PARALELO | Tasa aplicada: 100.00
[2025-04-29 17:17:34] ID: 218 | Nombre: Trululu Chocolores | Precio actual: 45.00 | Tipo tasa: PARALELO | Tasa aplicada: 100.00
[2025-04-29 17:17:34] ID: 7 | Nombre: Crack it trufas | Precio actual: 15.00 | Tipo tasa: PARALELO | Tasa aplicada: 100.00
[2025-04-29 17:17:34] ID: 530 | Nombre: Colgate triple acción | Precio actual: 125.00 | Tipo tasa: PARALELO | Tasa aplicada: 100.00
[2025-04-29 17:17:34] ID: 529 | Nombre: Plastilina colores | Precio actual: 95.00 | Tipo tasa: BCV | Tasa aplicada: 90.00
[2025-04-29 17:17:34] ID: 328 | Nombre: Maizina Americana PEQUEÑA | Precio actual: 75.00 | Tipo tasa: PARALELO | Tasa aplicada: 100.00
[2025-04-29 17:17:34] ID: 241 | Nombre: silicon barra pequeña | Precio actual: 45.00 | Tipo tasa: BCV | Tasa aplicada: 90.00
[2025-04-29 17:17:34] ID: 36 | Nombre: Jamon de pavo | Precio actual: 970.00 | Tipo tasa: PARALELO | Tasa aplicada: 100.00
[2025-04-29 17:17:34] ID: 570 | Nombre: Salsa de tomate Tomodore | Precio actual: 120.00 | Tipo tasa: PARALELO | Tasa aplicada: 100.00
[2025-04-29 17:17:34] ID: 43 | Nombre: Agua mibrisa | Precio actual: 65.00 | Tipo tasa: PARALELO | Tasa aplicada: 100.00
[2025-04-29 17:17:34] ID: 18 | Nombre: Pega pestañas Ardell | Precio actual: 210.00 | Tipo tasa: PARALELO | Tasa aplicada: 100.00
[2025-04-29 17:17:34] ID: 531 | Nombre: Desodorante con tapa clinical | Precio actual: 165.00 | Tipo tasa: BCV | Tasa aplicada: 90.00
[2025-04-29 17:17:34] ID: 431 | Nombre: Chocolate pequeño King Unidad | Precio actual: 120.00 | Tipo tasa: PARALELO | Tasa aplicada: 100.00
[2025-04-29 17:17:34] ID: 46 | Nombre: Crismelo | Precio actual: 40.00 | Tipo tasa: PARALELO | Tasa aplicada: 100.00
[2025-04-29 17:17:34] ID: 457 | Nombre: café amanecer 250g | Precio actual: 220.00 | Tipo tasa: PARALELO | Tasa aplicada: 100.00
[2025-04-29 17:17:34] ID: 211 | Nombre: Velas | Precio actual: 15.00 | Tipo tasa: PARALELO | Tasa aplicada: 100.00
[2025-04-29 17:17:34] ID: 39 | Nombre: keramix acondicionador | Precio actual: 55.00 | Tipo tasa: PARALELO | Tasa aplicada: 100.00
[2025-04-29 17:17:34] ID: 37 | Nombre: Tequeños 25 unidades | Precio actual: 145.00 | Tipo tasa: BCV | Tasa aplicada: 90.00
[2025-04-29 17:17:34] ID: 455 | Nombre: café Fama de America 200g | Precio actual: 210.00 | Tipo tasa: PARALELO | Tasa aplicada: 100.00
[2025-04-29 17:17:34] ID: 375 | Nombre: harina de trigo mary leudante kg | Precio actual: 110.00 | Tipo tasa: PARALELO | Tasa aplicada: 100.00
[2025-04-29 17:17:34] ID: 292 | Nombre: papel crepe | Precio actual: 55.00 | Tipo tasa: BCV | Tasa aplicada: 90.00
[2025-04-29 17:17:34] ID: 350 | Nombre: jugo valencia 1l | Precio actual: 135.00 | Tipo tasa: PARALELO | Tasa aplicada: 100.00
[2025-04-29 17:17:34] ID: 307 | Nombre: Nutribela | Precio actual: 60.00 | Tipo tasa: PARALELO | Tasa aplicada: 100.00
[2025-04-29 17:17:34] ID: 279 | Nombre: Jumby rikos grande | Precio actual: 70.00 | Tipo tasa: PARALELO | Tasa aplicada: 100.00
[2025-04-29 17:17:34] ID: 401 | Nombre: Doritos pequeño tira | Precio actual: 85.00 | Tipo tasa: PARALELO | Tasa aplicada: 100.00
[2025-04-29 17:17:34] ID: 414 | Nombre: crakeña bulto | Precio actual: 15.00 | Tipo tasa: PARALELO | Tasa aplicada: 100.00
[2025-04-29 17:17:34] ID: 263 | Nombre: refresco coca cola 1l | Precio actual: 95.00 | Tipo tasa: PARALELO | Tasa aplicada: 100.00
[2025-04-29 17:17:34] ID: 593 | Nombre: Jacks Chicharron tira | Precio actual: 115.00 | Tipo tasa: PARALELO | Tasa aplicada: 100.00
[2025-04-29 17:17:34] ID: 592 | Nombre: Vaselina Labial | Precio actual: 90.00 | Tipo tasa: PARALELO | Tasa aplicada: 100.00
[2025-04-29 17:17:34] ID: 488 | Nombre: Afeitadora Dorco | Precio actual: 25.00 | Tipo tasa: BCV | Tasa aplicada: 90.00
[2025-04-29 17:17:34] ID: 435 | Nombre: caramelo 2bs | Precio actual: 5.00 | Tipo tasa: PARALELO | Tasa aplicada: 100.00
[2025-04-29 17:17:34] ID: 571 | Nombre: Salsa de tomate Fergos 198G pequeña | Precio actual: 100.00 | Tipo tasa: PARALELO | Tasa aplicada: 100.00
[2025-04-29 17:17:34] ID: 409 | Nombre: Cubito Laila | Precio actual: 10.00 | Tipo tasa: PARALELO | Tasa aplicada: 100.00
[2025-04-29 17:17:34] ID: 248 | Nombre: Salsa Para Pasta GUT | Precio actual: 60.00 | Tipo tasa: PARALELO | Tasa aplicada: 100.00
[2025-04-29 17:17:34] ID: 206 | Nombre: vitafer vitafer unidad | Precio actual: 60.00 | Tipo tasa: PARALELO | Tasa aplicada: 100.00
[2025-04-29 17:17:34] ID: 458 | Nombre: café amanecer 100g | Precio actual: 125.00 | Tipo tasa: PARALELO | Tasa aplicada: 100.00
[2025-04-29 17:17:34] ID: 453 | Nombre: grano de  montaña 100g | Precio actual: 135.00 | Tipo tasa: PARALELO | Tasa aplicada: 100.00
[2025-04-29 17:17:34] ID: 408 | Nombre: Cubitos Maggi | Precio actual: 20.00 | Tipo tasa: PARALELO | Tasa aplicada: 100.00
[2025-04-29 17:17:34] ID: 381 | Nombre: Kaly | Precio actual: 100.00 | Tipo tasa: PARALELO | Tasa aplicada: 100.00
[2025-04-29 17:17:34] ID: 419 | Nombre: Compota osole | Precio actual: 70.00 | Tipo tasa: PARALELO | Tasa aplicada: 100.00
[2025-04-29 17:17:34] ID: 314 | Nombre: mayonesa fergos 175g PEQUEÑA | Precio actual: 150.00 | Tipo tasa: PARALELO | Tasa aplicada: 100.00
[2025-04-29 17:17:34] ID: 176 | Nombre: Mayonesa Fergos 452g Grande | Precio actual: 260.00 | Tipo tasa: PARALELO | Tasa aplicada: 100.00
[2025-04-29 17:17:34] ID: 425 | Nombre: Cloro kris | Precio actual: 140.00 | Tipo tasa: PARALELO | Tasa aplicada: 100.00
[2025-04-29 17:17:34] ID: 402 | Nombre: diablito underwood | Precio actual: 145.00 | Tipo tasa: PARALELO | Tasa aplicada: 100.00
[2025-04-29 17:17:34] ID: 194 | Nombre: Alitas de pollo | Precio actual: 470.00 | Tipo tasa: PARALELO | Tasa aplicada: 100.00
[2025-04-29 17:17:34] Conexión cerrada. Proceso completado.
[2025-04-29 17:17:34] === FIN DE ACTUALIZACIÓN DE PRECIOS BASE ===
[2025-05-06 22:37:10] === INICIO DE ACTUALIZACIÓN DE PRECIOS BASE ===
[2025-05-06 22:37:10] Intentando conectar a bodegaclicktest en ep-floral-surf-a4m7e3ws-pooler.us-east-1.aws.neon.tech...
[2025-05-06 22:37:11] Conexión exitosa a la base de datos: bodegaclicktest
[2025-05-06 22:37:11] Tasas actuales: BCV = 90.00, PARALELO = 100.00
[2025-05-06 22:38:36] Tasas a utilizar: BCV = 90.00, PARALELO = 100.00
[2025-05-06 22:38:38] Tasa BCV actualizada a 90.00
[2025-05-06 22:38:38] Tasa PARALELO actualizada a 100.00
[2025-05-06 22:38:38] Consultando productos con precio_base_usd > 0...
[2025-05-06 22:38:38] Se encontraron 548 productos para revisar
[2025-05-06 22:38:39] Actualizado: Producto ID 617 (Tasa: PARALELO): 115.00 → 110.0
[2025-05-06 22:38:39] Actualizado: Producto ID 615 (Tasa: PARALELO): 0.00 → 130.0
[2025-05-06 22:38:39] Actualizado: Producto ID 117 (Tasa: PARALELO): 30.00 → 25.0
[2025-05-06 22:38:39] Actualizado: Producto ID 621 (Tasa: PARALELO): 105.00 → 110.0
[2025-05-06 22:38:39] Progreso: 50/548 (9.1%) - Tiempo: 0.29s
[2025-05-06 22:38:39] Progreso: 100/548 (18.2%) - Tiempo: 0.29s
[2025-05-06 22:38:39] Progreso: 137/548 (25.0%) - Tiempo: 0.29s
[2025-05-06 22:38:39] Progreso: 150/548 (27.4%) - Tiempo: 0.29s
[2025-05-06 22:38:39] Actualizado: Producto ID 276 (Tasa: PARALELO): 155.00 → 160.0
[2025-05-06 22:38:39] Progreso: 200/548 (36.5%) - Tiempo: 0.36s
[2025-05-06 22:38:39] Actualizado: Producto ID 231 (Tasa: PARALELO): 45.00 → 55.0
[2025-05-06 22:38:39] Progreso: 250/548 (45.6%) - Tiempo: 0.43s
[2025-05-06 22:38:39] Progreso: 274/548 (50.0%) - Tiempo: 0.43s
[2025-05-06 22:38:39] Progreso: 300/548 (54.7%) - Tiempo: 0.43s
[2025-05-06 22:38:39] Actualizado: Producto ID 77 (Tasa: PARALELO): 15.00 → 20.0
[2025-05-06 22:38:39] Progreso: 350/548 (63.9%) - Tiempo: 0.51s
[2025-05-06 22:38:39] Progreso: 400/548 (73.0%) - Tiempo: 0.51s
[2025-05-06 22:38:39] Progreso: 411/548 (75.0%) - Tiempo: 0.51s
[2025-05-06 22:38:39] Progreso: 450/548 (82.1%) - Tiempo: 0.51s
[2025-05-06 22:38:39] Progreso: 500/548 (91.2%) - Tiempo: 0.51s
[2025-05-06 22:38:39] Progreso: 548/548 (100.0%) - Tiempo: 0.52s
[2025-05-06 22:38:39] ==== RESUMEN DE ACTUALIZACIÓN ====
[2025-05-06 22:38:39] Total productos revisados: 548
[2025-05-06 22:38:39] Productos actualizados: 7
[2025-05-06 22:38:39] Productos sin cambios: 541
[2025-05-06 22:38:39] Tasas aplicadas: BCV = 90.00, PARALELO = 100.00
[2025-05-06 22:38:39] Productos por tipo de tasa: BCV = 67, PARALELO = 481, DESCONOCIDO = 0
[2025-05-06 22:38:39] Tiempo total: 0.58 segundos
[2025-05-06 22:38:39] Velocidad: 936.91 productos/segundo
[2025-05-06 22:38:39] ==== LISTA DE PRODUCTOS SIN CAMBIOS (541) ====
[2025-05-06 22:38:39] ID: 112 | Nombre: Hojas blancas | Precio actual: 1.00 | Tipo tasa: BCV | Tasa aplicada: 90.00
[2025-05-06 22:38:39] ID: 618 | Nombre: Crema de arroz Santoni | Precio actual: 75.00 | Tipo tasa: PARALELO | Tasa aplicada: 100.00
[2025-05-06 22:38:39] ID: 199 | Nombre: queso amarillo caro | Precio actual: 1465.00 | Tipo tasa: BCV | Tasa aplicada: 90.00
[2025-05-06 22:38:39] ID: 418 | Nombre: consul caja | Precio actual: 115.00 | Tipo tasa: PARALELO | Tasa aplicada: 100.00
[2025-05-06 22:38:39] ID: 290 | Nombre: parrillita parrilla | Precio actual: 15.00 | Tipo tasa: PARALELO | Tasa aplicada: 100.00
[2025-05-06 22:38:39] ID: 195 | Nombre: Muslo de pollo | Precio actual: 405.00 | Tipo tasa: PARALELO | Tasa aplicada: 100.00
[2025-05-06 22:38:39] ID: 565 | Nombre: Trululu Aros | Precio actual: 5.00 | Tipo tasa: PARALELO | Tasa aplicada: 100.00
[2025-05-06 22:38:39] ID: 320 | Nombre: Marble Por caja | Precio actual: 65.00 | Tipo tasa: PARALELO | Tasa aplicada: 100.00
[2025-05-06 22:38:39] ID: 603 | Nombre: pizza | Precio actual: 150.00 | Tipo tasa: BCV | Tasa aplicada: 90.00
[2025-05-06 22:38:39] ID: 178 | Nombre: Harina de Trigo Robin hood 1kl | Precio actual: 140.00 | Tipo tasa: PARALELO | Tasa aplicada: 100.00
[2025-05-06 22:38:39] ID: 616 | Nombre: Estrela Galleta | Precio actual: 40.00 | Tipo tasa: PARALELO | Tasa aplicada: 100.00
[2025-05-06 22:38:39] ID: 491 | Nombre: aceite vatel 250ml | Precio actual: 120.00 | Tipo tasa: PARALELO | Tasa aplicada: 100.00
[2025-05-06 22:38:39] ID: 393 | Nombre: flips lonchera | Precio actual: 75.00 | Tipo tasa: PARALELO | Tasa aplicada: 100.00
[2025-05-06 22:38:39] ID: 21 | Nombre: Queso Arepero | Precio actual: 140.00 | Tipo tasa: PARALELO | Tasa aplicada: 100.00
[2025-05-06 22:38:39] ID: 170 | Nombre: Lora | Precio actual: 60.00 | Tipo tasa: PARALELO | Tasa aplicada: 100.00
[2025-05-06 22:38:39] ID: 464 | Nombre: best | Precio actual: 40.00 | Tipo tasa: PARALELO | Tasa aplicada: 100.00
[2025-05-06 22:38:39] ID: 36 | Nombre: Jamon de pavo | Precio actual: 965.00 | Tipo tasa: PARALELO | Tasa aplicada: 100.00
[2025-05-06 22:38:39] ID: 267 | Nombre: queso duro | Precio actual: 530.00 | Tipo tasa: PARALELO | Tasa aplicada: 100.00
[2025-05-06 22:38:39] ID: 191 | Nombre: Jamon de pierna | Precio actual: 1050.00 | Tipo tasa: PARALELO | Tasa aplicada: 100.00
[2025-05-06 22:38:39] ID: 620 | Nombre: Maiz Dulce Osole 280g | Precio actual: 170.00 | Tipo tasa: PARALELO | Tasa aplicada: 100.00
[2025-05-06 22:38:39] ID: 619 | Nombre: Cebolla Morada | Precio actual: 165.00 | Tipo tasa: PARALELO | Tasa aplicada: 100.00
[2025-05-06 22:38:39] ID: 622 | Nombre: Jean Cake Ponque tipo once once | Precio actual: 100.00 | Tipo tasa: PARALELO | Tasa aplicada: 100.00
[2025-05-06 22:38:39] ID: 623 | Nombre: Bianchi Barra Promocion | Precio actual: 20.00 | Tipo tasa: PARALELO | Tasa aplicada: 100.00
[2025-05-06 22:38:39] ID: 624 | Nombre: Jugo Botellita 355ml | Precio actual: 50.00 | Tipo tasa: PARALELO | Tasa aplicada: 100.00
[2025-05-06 22:38:39] ID: 261 | Nombre: Refresco Glup 1L | Precio actual: 75.00 | Tipo tasa: PARALELO | Tasa aplicada: 100.00
[2025-05-06 22:38:39] ID: 441 | Nombre: cebollin | Precio actual: 245.00 | Tipo tasa: PARALELO | Tasa aplicada: 100.00
[2025-05-06 22:38:39] ID: 327 | Nombre: malta 1l | Precio actual: 225.00 | Tipo tasa: PARALELO | Tasa aplicada: 100.00
[2025-05-06 22:38:39] ID: 190 | Nombre: caramelo 3bs combo | Precio actual: 5.00 | Tipo tasa: PARALELO | Tasa aplicada: 100.00
[2025-05-06 22:38:39] ID: 373 | Nombre: Hojilla Dorco Unidad | Precio actual: 10.00 | Tipo tasa: PARALELO | Tasa aplicada: 100.00
[2025-05-06 22:38:39] ID: 52 | Nombre: Cortado pan | Precio actual: 15.00 | Tipo tasa: PARALELO | Tasa aplicada: 100.00
[2025-05-06 22:38:39] ID: 343 | Nombre: Lapiz Mongol | Precio actual: 15.00 | Tipo tasa: PARALELO | Tasa aplicada: 100.00
[2025-05-06 22:38:39] ID: 237 | Nombre: Speed Speed Max lata | Precio actual: 60.00 | Tipo tasa: PARALELO | Tasa aplicada: 100.00
[2025-05-06 22:38:39] ID: 240 | Nombre: sobre manila oficio | Precio actual: 30.00 | Tipo tasa: BCV | Tasa aplicada: 90.00
[2025-05-06 22:38:39] ID: 329 | Nombre: Lucky | Precio actual: 15.00 | Tipo tasa: PARALELO | Tasa aplicada: 100.00
[2025-05-06 22:38:39] ID: 84 | Nombre: Esponja Brillo jabonoso | Precio actual: 65.00 | Tipo tasa: PARALELO | Tasa aplicada: 100.00
[2025-05-06 22:38:39] ID: 400 | Nombre: Doritos grande | Precio actual: 290.00 | Tipo tasa: PARALELO | Tasa aplicada: 100.00
[2025-05-06 22:38:39] ID: 386 | Nombre: Gatorade Gatorade 400ml | Precio actual: 130.00 | Tipo tasa: PARALELO | Tasa aplicada: 100.00
[2025-05-06 22:38:39] ID: 374 | Nombre: Hoja Resma Resma | Precio actual: 2.00 | Tipo tasa: PARALELO | Tasa aplicada: 100.00
[2025-05-06 22:38:39] ID: 273 | Nombre: plagatox | Precio actual: 25.00 | Tipo tasa: PARALELO | Tasa aplicada: 100.00
[2025-05-06 22:38:39] ID: 438 | Nombre: Cervezas Polar 255ML | Precio actual: 90.00 | Tipo tasa: PARALELO | Tasa aplicada: 100.00
[2025-05-06 22:38:39] ID: 396 | Nombre: Flaquito Flaquito | Precio actual: 60.00 | Tipo tasa: PARALELO | Tasa aplicada: 100.00
[2025-05-06 22:38:39] ID: 293 | Nombre: papel bond | Precio actual: 25.00 | Tipo tasa: PARALELO | Tasa aplicada: 100.00
[2025-05-06 22:38:39] ID: 424 | Nombre: Cloro Oso Blanco | Precio actual: 135.00 | Tipo tasa: PARALELO | Tasa aplicada: 100.00
[2025-05-06 22:38:39] ID: 420 | Nombre: colorante carmencita amparito | Precio actual: 40.00 | Tipo tasa: PARALELO | Tasa aplicada: 100.00
[2025-05-06 22:38:39] ID: 118 | Nombre: Papel tuale individual | Precio actual: 20.00 | Tipo tasa: PARALELO | Tasa aplicada: 100.00
[2025-05-06 22:38:39] ID: 480 | Nombre: arroz sabrozon | Precio actual: 100.00 | Tipo tasa: PARALELO | Tasa aplicada: 100.00
[2025-05-06 22:38:39] ID: 485 | Nombre: ajo | Precio actual: 675.00 | Tipo tasa: PARALELO | Tasa aplicada: 100.00
[2025-05-06 22:38:39] ID: 397 | Nombre: fama de america 100g | Precio actual: 125.00 | Tipo tasa: PARALELO | Tasa aplicada: 100.00
[2025-05-06 22:38:39] ID: 493 | Nombre: aceite amacorp 900ml | Precio actual: 300.00 | Tipo tasa: PARALELO | Tasa aplicada: 100.00
[2025-05-06 22:38:39] ID: 472 | Nombre: avena michacha 500g | Precio actual: 115.00 | Tipo tasa: PARALELO | Tasa aplicada: 100.00
[2025-05-06 22:38:39] ID: 423 | Nombre: club social puig | Precio actual: 25.00 | Tipo tasa: PARALELO | Tasa aplicada: 100.00
[2025-05-06 22:38:39] ID: 269 | Nombre: puffy grande unidad | Precio actual: 80.00 | Tipo tasa: PARALELO | Tasa aplicada: 100.00
[2025-05-06 22:38:39] ID: 410 | Nombre: crocante mani pequeño | Precio actual: 15.00 | Tipo tasa: PARALELO | Tasa aplicada: 100.00
[2025-05-06 22:38:39] ID: 27 | Nombre: Incienso detallado premium | Precio actual: 10.00 | Tipo tasa: PARALELO | Tasa aplicada: 100.00
[2025-05-06 22:38:39] ID: 287 | Nombre: pasta larga oba 500g | Precio actual: 35.00 | Tipo tasa: PARALELO | Tasa aplicada: 100.00
[2025-05-06 22:38:39] ID: 475 | Nombre: Atlantic detallado | Precio actual: 2.00 | Tipo tasa: PARALELO | Tasa aplicada: 100.00
[2025-05-06 22:38:39] ID: 496 | Nombre: 301  detallado | Precio actual: 5.00 | Tipo tasa: BCV | Tasa aplicada: 90.00
[2025-05-06 22:38:39] ID: 388 | Nombre: galleta soda puig | Precio actual: 25.00 | Tipo tasa: PARALELO | Tasa aplicada: 100.00
[2025-05-06 22:38:39] ID: 242 | Nombre: sardinas el norteño | Precio actual: 60.00 | Tipo tasa: PARALELO | Tasa aplicada: 100.00
[2025-05-06 22:38:39] ID: 365 | Nombre: Jabon Anita 125g | Precio actual: 100.00 | Tipo tasa: BCV | Tasa aplicada: 90.00
[2025-05-06 22:38:39] ID: 272 | Nombre: platano | Precio actual: 85.00 | Tipo tasa: PARALELO | Tasa aplicada: 100.00
[2025-05-06 22:38:39] ID: 168 | Nombre: Agogo | Precio actual: 15.00 | Tipo tasa: PARALELO | Tasa aplicada: 100.00
[2025-05-06 22:38:39] ID: 439 | Nombre: cerelac 100g | Precio actual: 190.00 | Tipo tasa: PARALELO | Tasa aplicada: 100.00
[2025-05-06 22:38:39] ID: 280 | Nombre: Pepito Grande Super Popy Tira | Precio actual: 80.00 | Tipo tasa: PARALELO | Tasa aplicada: 100.00
[2025-05-06 22:38:39] ID: 303 | Nombre: oreo oreo | Precio actual: 45.00 | Tipo tasa: PARALELO | Tasa aplicada: 100.00
[2025-05-06 22:38:39] ID: 268 | Nombre: puffy pequenio tira | Precio actual: 30.00 | Tipo tasa: PARALELO | Tasa aplicada: 100.00
[2025-05-06 22:38:39] ID: 317 | Nombre: Maria italia | Precio actual: 10.00 | Tipo tasa: PARALELO | Tasa aplicada: 100.00
[2025-05-06 22:38:39] ID: 165 | Nombre: Miami por caja | Precio actual: 45.00 | Tipo tasa: PARALELO | Tasa aplicada: 100.00
[2025-05-06 22:38:39] ID: 124 | Nombre: Bombon combo | Precio actual: 15.00 | Tipo tasa: PARALELO | Tasa aplicada: 100.00
[2025-05-06 22:38:39] ID: 132 | Nombre: Ibuprofeno | Precio actual: 10.00 | Tipo tasa: BCV | Tasa aplicada: 90.00
[2025-05-06 22:38:39] ID: 486 | Nombre: AJI | Precio actual: 130.00 | Tipo tasa: PARALELO | Tasa aplicada: 100.00
[2025-05-06 22:38:39] ID: 54 | Nombre: Pan de coco | Precio actual: 15.00 | Tipo tasa: PARALELO | Tasa aplicada: 100.00
[2025-05-06 22:38:39] ID: 416 | Nombre: Copias blanco negro | Precio actual: 10.00 | Tipo tasa: BCV | Tasa aplicada: 90.00
[2025-05-06 22:38:39] ID: 32 | Nombre: Sardina willinger | Precio actual: 60.00 | Tipo tasa: PARALELO | Tasa aplicada: 100.00
[2025-05-06 22:38:39] ID: 278 | Nombre: Pigsy Grande | Precio actual: 75.00 | Tipo tasa: PARALELO | Tasa aplicada: 100.00
[2025-05-06 22:38:39] ID: 473 | Nombre: atun willinger | Precio actual: 145.00 | Tipo tasa: PARALELO | Tasa aplicada: 100.00
[2025-05-06 22:38:39] ID: 225 | Nombre: togo bitter palito | Precio actual: 15.00 | Tipo tasa: PARALELO | Tasa aplicada: 100.00
[2025-05-06 22:38:39] ID: 153 | Nombre: Tabaco Artesanal | Precio actual: 15.00 | Tipo tasa: PARALELO | Tasa aplicada: 100.00
[2025-05-06 22:38:39] ID: 66 | Nombre: Condimentos 10 bs | Precio actual: 15.00 | Tipo tasa: PARALELO | Tasa aplicada: 100.00
[2025-05-06 22:38:39] ID: 130 | Nombre: Cetirizina | Precio actual: 10.00 | Tipo tasa: PARALELO | Tasa aplicada: 100.00
[2025-05-06 22:38:39] ID: 427 | Nombre: cloro kins | Precio actual: 105.00 | Tipo tasa: PARALELO | Tasa aplicada: 100.00
[2025-05-06 22:38:39] ID: 443 | Nombre: Cartas Naipes | Precio actual: 60.00 | Tipo tasa: PARALELO | Tasa aplicada: 100.00
[2025-05-06 22:38:39] ID: 134 | Nombre: Tetas Cremosas | Precio actual: 45.00 | Tipo tasa: PARALELO | Tasa aplicada: 100.00
[2025-05-06 22:38:39] ID: 198 | Nombre: queso amarillo barato | Precio actual: 875.00 | Tipo tasa: BCV | Tasa aplicada: 90.00
[2025-05-06 22:38:39] ID: 162 | Nombre: Pepino | Precio actual: 70.00 | Tipo tasa: PARALELO | Tasa aplicada: 100.00
[2025-05-06 22:38:39] ID: 164 | Nombre: Miami Combo | Precio actual: 10.00 | Tipo tasa: PARALELO | Tasa aplicada: 100.00
[2025-05-06 22:38:39] ID: 90 | Nombre: Chupeta Combo | Precio actual: 30.00 | Tipo tasa: PARALELO | Tasa aplicada: 100.00
[2025-05-06 22:38:39] ID: 154 | Nombre: Tabaco Corona | Precio actual: 25.00 | Tipo tasa: PARALELO | Tasa aplicada: 100.00
[2025-05-06 22:38:39] ID: 144 | Nombre: Porleo Tipo oreo grande | Precio actual: 40.00 | Tipo tasa: PARALELO | Tasa aplicada: 100.00
[2025-05-06 22:38:39] ID: 433 | Nombre: Cheese  tris tira pequeño | Precio actual: 90.00 | Tipo tasa: PARALELO | Tasa aplicada: 100.00
[2025-05-06 22:38:39] ID: 160 | Nombre: Lechuga | Precio actual: 20.00 | Tipo tasa: PARALELO | Tasa aplicada: 100.00
[2025-05-06 22:38:39] ID: 65 | Nombre: Curita Cura | Precio actual: 10.00 | Tipo tasa: PARALELO | Tasa aplicada: 100.00
[2025-05-06 22:38:39] ID: 586 | Nombre: consul combo | Precio actual: 20.00 | Tipo tasa: PARALELO | Tasa aplicada: 100.00
[2025-05-06 22:38:39] ID: 233 | Nombre: TAM Galletas unidad | Precio actual: 60.00 | Tipo tasa: PARALELO | Tasa aplicada: 100.00
[2025-05-06 22:38:39] ID: 232 | Nombre: tango galletas | Precio actual: 10.00 | Tipo tasa: BCV | Tasa aplicada: 90.00
[2025-05-06 22:38:39] ID: 306 | Nombre: nutrichicha los andes | Precio actual: 30.00 | Tipo tasa: PARALELO | Tasa aplicada: 100.00
[2025-05-06 22:38:39] ID: 411 | Nombre: crocante mani grande | Precio actual: 30.00 | Tipo tasa: PARALELO | Tasa aplicada: 100.00
[2025-05-06 22:38:39] ID: 143 | Nombre: Porleo pequena | Precio actual: 15.00 | Tipo tasa: PARALELO | Tasa aplicada: 100.00
[2025-05-06 22:38:39] ID: 312 | Nombre: Mayonesa mavesa 175G | Precio actual: 175.00 | Tipo tasa: PARALELO | Tasa aplicada: 100.00
[2025-05-06 22:38:39] ID: 432 | Nombre: Chimo | Precio actual: 40.00 | Tipo tasa: PARALELO | Tasa aplicada: 100.00
[2025-05-06 22:38:39] ID: 51 | Nombre: Dale | Precio actual: 15.00 | Tipo tasa: PARALELO | Tasa aplicada: 100.00
[2025-05-06 22:38:39] ID: 101 | Nombre: Maiz de Cotufa michacha 400 | Precio actual: 100.00 | Tipo tasa: PARALELO | Tasa aplicada: 100.00
[2025-05-06 22:38:39] ID: 113 | Nombre: Acetona | Precio actual: 65.00 | Tipo tasa: PARALELO | Tasa aplicada: 100.00
[2025-05-06 22:38:39] ID: 187 | Nombre: borras | Precio actual: 25.00 | Tipo tasa: PARALELO | Tasa aplicada: 100.00
[2025-05-06 22:38:39] ID: 351 | Nombre: JUGO PULP | Precio actual: 30.00 | Tipo tasa: PARALELO | Tasa aplicada: 100.00
[2025-05-06 22:38:39] ID: 450 | Nombre: caramelos 3bs | Precio actual: 5.00 | Tipo tasa: PARALELO | Tasa aplicada: 100.00
[2025-05-06 22:38:39] ID: 476 | Nombre: atlantic combo | Precio actual: 10.00 | Tipo tasa: PARALELO | Tasa aplicada: 100.00
[2025-05-06 22:38:39] ID: 44 | Nombre: Pepito Pequeño super popy | Precio actual: 20.00 | Tipo tasa: PARALELO | Tasa aplicada: 100.00
[2025-05-06 22:38:39] ID: 224 | Nombre: togo fresa | Precio actual: 15.00 | Tipo tasa: PARALELO | Tasa aplicada: 100.00
[2025-05-06 22:38:39] ID: 404 | Nombre: desodorante blanco Lady Speed Stick | Precio actual: 45.00 | Tipo tasa: PARALELO | Tasa aplicada: 100.00
[2025-05-06 22:38:39] ID: 323 | Nombre: mantequilla mavesa 500g | Precio actual: 255.00 | Tipo tasa: PARALELO | Tasa aplicada: 100.00
[2025-05-06 22:38:39] ID: 347 | Nombre: keks roll | Precio actual: 40.00 | Tipo tasa: PARALELO | Tasa aplicada: 100.00
[2025-05-06 22:38:39] ID: 302 | Nombre: Paletas cítricas | Precio actual: 15.00 | Tipo tasa: PARALELO | Tasa aplicada: 100.00
[2025-05-06 22:38:39] ID: 11 | Nombre: Cloro Kiss | Precio actual: 95.00 | Tipo tasa: PARALELO | Tasa aplicada: 100.00
[2025-05-06 22:38:39] ID: 367 | Nombre: inyectadora JERINGA 3cc 5cc | Precio actual: 25.00 | Tipo tasa: PARALELO | Tasa aplicada: 100.00
[2025-05-06 22:38:39] ID: 494 | Nombre: 301 combo | Precio actual: 10.00 | Tipo tasa: PARALELO | Tasa aplicada: 100.00
[2025-05-06 22:38:39] ID: 413 | Nombre: crema alident pasta de diente | Precio actual: 90.00 | Tipo tasa: PARALELO | Tasa aplicada: 100.00
[2025-05-06 22:38:39] ID: 163 | Nombre: Zanahoria | Precio actual: 85.00 | Tipo tasa: PARALELO | Tasa aplicada: 100.00
[2025-05-06 22:38:39] ID: 348 | Nombre: kataboom caramelo | Precio actual: 5.00 | Tipo tasa: PARALELO | Tasa aplicada: 100.00
[2025-05-06 22:38:39] ID: 255 | Nombre: rulass papa | Precio actual: 45.00 | Tipo tasa: PARALELO | Tasa aplicada: 100.00
[2025-05-06 22:38:39] ID: 412 | Nombre: crocan nachos | Precio actual: 45.00 | Tipo tasa: PARALELO | Tasa aplicada: 100.00
[2025-05-06 22:38:39] ID: 274 | Nombre: pirueta le biscuit | Precio actual: 30.00 | Tipo tasa: PARALELO | Tasa aplicada: 100.00
[2025-05-06 22:38:39] ID: 366 | Nombre: Italiano Waffle | Precio actual: 40.00 | Tipo tasa: PARALELO | Tasa aplicada: 100.00
[2025-05-06 22:38:39] ID: 390 | Nombre: GALLETA creme | Precio actual: 10.00 | Tipo tasa: PARALELO | Tasa aplicada: 100.00
[2025-05-06 22:38:39] ID: 167 | Nombre: Cheese Cronch | Precio actual: 35.00 | Tipo tasa: PARALELO | Tasa aplicada: 100.00
[2025-05-06 22:38:39] ID: 265 | Nombre: Recolector De orina | Precio actual: 15.00 | Tipo tasa: PARALELO | Tasa aplicada: 100.00
[2025-05-06 22:38:39] ID: 171 | Nombre: Nucita nutellini | Precio actual: 20.00 | Tipo tasa: PARALELO | Tasa aplicada: 100.00
[2025-05-06 22:38:39] ID: 417 | Nombre: Consul consul | Precio actual: 10.00 | Tipo tasa: PARALELO | Tasa aplicada: 100.00
[2025-05-06 22:38:39] ID: 223 | Nombre: Tom grande | Precio actual: 90.00 | Tipo tasa: PARALELO | Tasa aplicada: 100.00
[2025-05-06 22:38:39] ID: 430 | Nombre: Chupeta BigBom | Precio actual: 10.00 | Tipo tasa: PARALELO | Tasa aplicada: 100.00
[2025-05-06 22:38:39] ID: 434 | Nombre: Cheese tris grande | Precio actual: 195.00 | Tipo tasa: PARALELO | Tasa aplicada: 100.00
[2025-05-06 22:38:39] ID: 257 | Nombre: Revolcon Chicle | Precio actual: 5.00 | Tipo tasa: PARALELO | Tasa aplicada: 100.00
[2025-05-06 22:38:39] ID: 471 | Nombre: Avena tigo 200g | Precio actual: 60.00 | Tipo tasa: PARALELO | Tasa aplicada: 100.00
[2025-05-06 22:38:39] ID: 345 | Nombre: kraker bran puig | Precio actual: 35.00 | Tipo tasa: PARALELO | Tasa aplicada: 100.00
[2025-05-06 22:38:39] ID: 581 | Nombre: Nutiva Jugo | Precio actual: 35.00 | Tipo tasa: PARALELO | Tasa aplicada: 100.00
[2025-05-06 22:38:39] ID: 215 | Nombre: Universal | Precio actual: 10.00 | Tipo tasa: PARALELO | Tasa aplicada: 100.00
[2025-05-06 22:38:39] ID: 395 | Nombre: flips 120gr mediano | Precio actual: 210.00 | Tipo tasa: PARALELO | Tasa aplicada: 100.00
[2025-05-06 22:38:39] ID: 582 | Nombre: Cash | Precio actual: 15.00 | Tipo tasa: PARALELO | Tasa aplicada: 100.00
[2025-05-06 22:38:39] ID: 204 | Nombre: Yesquero Hugme | Precio actual: 15.00 | Tipo tasa: PARALELO | Tasa aplicada: 100.00
[2025-05-06 22:38:39] ID: 391 | Nombre: gala pequeño | Precio actual: 15.00 | Tipo tasa: PARALELO | Tasa aplicada: 100.00
[2025-05-06 22:38:39] ID: 17 | Nombre: OKA LOKA NANO MINI PEQUEÑO | Precio actual: 15.00 | Tipo tasa: PARALELO | Tasa aplicada: 100.00
[2025-05-06 22:38:39] ID: 600 | Nombre: charmy individual | Precio actual: 20.00 | Tipo tasa: PARALELO | Tasa aplicada: 100.00
[2025-05-06 22:38:39] ID: 394 | Nombre: flips caja | Precio actual: 365.00 | Tipo tasa: PARALELO | Tasa aplicada: 100.00
[2025-05-06 22:38:39] ID: 326 | Nombre: Malta 255ML | Precio actual: 55.00 | Tipo tasa: BCV | Tasa aplicada: 90.00
[2025-05-06 22:38:39] ID: 349 | Nombre: Justy Justy Naranja 1,5L | Precio actual: 90.00 | Tipo tasa: PARALELO | Tasa aplicada: 100.00
[2025-05-06 22:38:39] ID: 220 | Nombre: Tom Pequeño | Precio actual: 35.00 | Tipo tasa: PARALELO | Tasa aplicada: 100.00
[2025-05-06 22:38:39] ID: 406 | Nombre: dandy | Precio actual: 35.00 | Tipo tasa: PARALELO | Tasa aplicada: 100.00
[2025-05-06 22:38:39] ID: 246 | Nombre: saltitacos saltitacos | Precio actual: 40.00 | Tipo tasa: PARALELO | Tasa aplicada: 100.00
[2025-05-06 22:38:39] ID: 72 | Nombre: Borra nata | Precio actual: 25.00 | Tipo tasa: PARALELO | Tasa aplicada: 100.00
[2025-05-06 22:38:39] ID: 428 | Nombre: CILANTRO | Precio actual: 245.00 | Tipo tasa: PARALELO | Tasa aplicada: 100.00
[2025-05-06 22:38:39] ID: 295 | Nombre: papa | Precio actual: 140.00 | Tipo tasa: PARALELO | Tasa aplicada: 100.00
[2025-05-06 22:38:39] ID: 221 | Nombre: tomate | Precio actual: 135.00 | Tipo tasa: PARALELO | Tasa aplicada: 100.00
[2025-05-06 22:38:39] ID: 578 | Nombre: Condon | Precio actual: 50.00 | Tipo tasa: PARALELO | Tasa aplicada: 100.00
[2025-05-06 22:38:39] ID: 114 | Nombre: Crack it | Precio actual: 10.00 | Tipo tasa: PARALELO | Tasa aplicada: 100.00
[2025-05-06 22:38:39] ID: 452 | Nombre: cafe sello rojo 50g | Precio actual: 85.00 | Tipo tasa: PARALELO | Tasa aplicada: 100.00
[2025-05-06 22:38:39] ID: 212 | Nombre: Vainilla La favorita 250ML | Precio actual: 60.00 | Tipo tasa: PARALELO | Tasa aplicada: 100.00
[2025-05-06 22:38:39] ID: 219 | Nombre: Tostoncito | Precio actual: 45.00 | Tipo tasa: PARALELO | Tasa aplicada: 100.00
[2025-05-06 22:38:39] ID: 127 | Nombre: Catalina | Precio actual: 15.00 | Tipo tasa: PARALELO | Tasa aplicada: 100.00
[2025-05-06 22:38:39] ID: 304 | Nombre: omeprazol medicina | Precio actual: 5.00 | Tipo tasa: BCV | Tasa aplicada: 90.00
[2025-05-06 22:38:39] ID: 321 | Nombre: Marble detallado | Precio actual: 5.00 | Tipo tasa: PARALELO | Tasa aplicada: 100.00
[2025-05-06 22:38:39] ID: 259 | Nombre: refresco glup 400ml | Precio actual: 45.00 | Tipo tasa: PARALELO | Tasa aplicada: 100.00
[2025-05-06 22:38:39] ID: 202 | Nombre: yupi tubito unidad | Precio actual: 45.00 | Tipo tasa: PARALELO | Tasa aplicada: 100.00
[2025-05-06 22:38:39] ID: 371 | Nombre: huevos | Precio actual: 25.00 | Tipo tasa: PARALELO | Tasa aplicada: 100.00
[2025-05-06 22:38:39] ID: 29 | Nombre: Azucar maite | Precio actual: 140.00 | Tipo tasa: PARALELO | Tasa aplicada: 100.00
[2025-05-06 22:38:39] ID: 244 | Nombre: samy le biscuit | Precio actual: 15.00 | Tipo tasa: PARALELO | Tasa aplicada: 100.00
[2025-05-06 22:38:39] ID: 442 | Nombre: cebolla | Precio actual: 125.00 | Tipo tasa: PARALELO | Tasa aplicada: 100.00
[2025-05-06 22:38:39] ID: 601 | Nombre: JyJ | Precio actual: 5.00 | Tipo tasa: PARALELO | Tasa aplicada: 100.00
[2025-05-06 22:38:39] ID: 465 | Nombre: Belmont detallado | Precio actual: 15.00 | Tipo tasa: PARALELO | Tasa aplicada: 100.00
[2025-05-06 22:38:39] ID: 421 | Nombre: coco crunch ranchero | Precio actual: 100.00 | Tipo tasa: PARALELO | Tasa aplicada: 100.00
[2025-05-06 22:38:39] ID: 440 | Nombre: CEREAL cronch flakes Maizoritos | Precio actual: 275.00 | Tipo tasa: PARALELO | Tasa aplicada: 100.00
[2025-05-06 22:38:39] ID: 266 | Nombre: Recolector De heces | Precio actual: 15.00 | Tipo tasa: BCV | Tasa aplicada: 90.00
[2025-05-06 22:38:39] ID: 590 | Nombre: Tira afeitadora trio | Precio actual: 35.00 | Tipo tasa: PARALELO | Tasa aplicada: 100.00
[2025-05-06 22:38:39] ID: 318 | Nombre: Marcador permanente | Precio actual: 30.00 | Tipo tasa: PARALELO | Tasa aplicada: 100.00
[2025-05-06 22:38:39] ID: 579 | Nombre: producto prueba BC | Precio actual: 5.00 | Tipo tasa: PARALELO | Tasa aplicada: 100.00
[2025-05-06 22:38:39] ID: 78 | Nombre: Incienso detallado | Precio actual: 10.00 | Tipo tasa: PARALELO | Tasa aplicada: 100.00
[2025-05-06 22:38:39] ID: 462 | Nombre: boka | Precio actual: 25.00 | Tipo tasa: PARALELO | Tasa aplicada: 100.00
[2025-05-06 22:38:39] ID: 580 | Nombre: Bicarbonato Amparito Sobre | Precio actual: 45.00 | Tipo tasa: PARALELO | Tasa aplicada: 100.00
[2025-05-06 22:38:39] ID: 594 | Nombre: cereal kellogs pequeño | Precio actual: 55.00 | Tipo tasa: PARALELO | Tasa aplicada: 100.00
[2025-05-06 22:38:39] ID: 35 | Nombre: Picadillo de pollo | Precio actual: 515.00 | Tipo tasa: PARALELO | Tasa aplicada: 100.00
[2025-05-06 22:38:39] ID: 10 | Nombre: Yogurt Migurt | Precio actual: 110.00 | Tipo tasa: PARALELO | Tasa aplicada: 100.00
[2025-05-06 22:38:39] ID: 360 | Nombre: Jabon en polvo alive 500g | Precio actual: 115.00 | Tipo tasa: PARALELO | Tasa aplicada: 100.00
[2025-05-06 22:38:39] ID: 591 | Nombre: Tira afeitadora Duo | Precio actual: 25.00 | Tipo tasa: PARALELO | Tasa aplicada: 100.00
[2025-05-06 22:38:39] ID: 364 | Nombre: Jabon Anita 90g | Precio actual: 65.00 | Tipo tasa: PARALELO | Tasa aplicada: 100.00
[2025-05-06 22:38:39] ID: 597 | Nombre: Monte cilantro y cebollin | Precio actual: 45.00 | Tipo tasa: PARALELO | Tasa aplicada: 100.00
[2025-05-06 22:38:39] ID: 587 | Nombre: consul media caja | Precio actual: 70.00 | Tipo tasa: PARALELO | Tasa aplicada: 100.00
[2025-05-06 22:38:39] ID: 585 | Nombre: Liga de Niña Carton pequeño | Precio actual: 25.00 | Tipo tasa: PARALELO | Tasa aplicada: 100.00
[2025-05-06 22:38:39] ID: 584 | Nombre: Gel Frio Alive Mentol | Precio actual: 200.00 | Tipo tasa: PARALELO | Tasa aplicada: 100.00
[2025-05-06 22:38:39] ID: 148 | Nombre: GUT de Pollo | Precio actual: 40.00 | Tipo tasa: PARALELO | Tasa aplicada: 100.00
[2025-05-06 22:38:39] ID: 119 | Nombre: Medio carton huevo | Precio actual: 360.00 | Tipo tasa: PARALELO | Tasa aplicada: 100.00
[2025-05-06 22:38:39] ID: 325 | Nombre: mantequilla Deline 250g | Precio actual: 110.00 | Tipo tasa: PARALELO | Tasa aplicada: 100.00
[2025-05-06 22:38:39] ID: 588 | Nombre: Jugo Frutea | Precio actual: 95.00 | Tipo tasa: PARALELO | Tasa aplicada: 100.00
[2025-05-06 22:38:39] ID: 196 | Nombre: Salchicha pollo | Precio actual: 305.00 | Tipo tasa: BCV | Tasa aplicada: 90.00
[2025-05-06 22:38:39] ID: 377 | Nombre: harina Pan Pan | Precio actual: 100.00 | Tipo tasa: PARALELO | Tasa aplicada: 100.00
[2025-05-06 22:38:39] ID: 469 | Nombre: azucar 100% 400g | Precio actual: 75.00 | Tipo tasa: PARALELO | Tasa aplicada: 100.00
[2025-05-06 22:38:39] ID: 609 | Nombre: Papelon Panela  | Precio actual: 75.00 | Tipo tasa: PARALELO | Tasa aplicada: 100.00
[2025-05-06 22:38:39] ID: 177 | Nombre: Cafe de Madrid 100g | Precio actual: 130.00 | Tipo tasa: PARALELO | Tasa aplicada: 100.00
[2025-05-06 22:38:39] ID: 324 | Nombre: mantequilla mavesa 250g | Precio actual: 140.00 | Tipo tasa: PARALELO | Tasa aplicada: 100.00
[2025-05-06 22:38:39] ID: 260 | Nombre: Refresco Glup 2L | Precio actual: 110.00 | Tipo tasa: PARALELO | Tasa aplicada: 100.00
[2025-05-06 22:38:39] ID: 610 | Nombre: Pasta mary dedal 500g | Precio actual: 95.00 | Tipo tasa: PARALELO | Tasa aplicada: 100.00
[2025-05-06 22:38:39] ID: 277 | Nombre: Pigsy Pequeño | Precio actual: 25.00 | Tipo tasa: PARALELO | Tasa aplicada: 100.00
[2025-05-06 22:38:39] ID: 611 | Nombre: Bolsa Marron | Precio actual: 10.00 | Tipo tasa: PARALELO | Tasa aplicada: 100.00
[2025-05-06 22:38:39] ID: 147 | Nombre: Lisso Liso inteligente | Precio actual: 45.00 | Tipo tasa: PARALELO | Tasa aplicada: 100.00
[2025-05-06 22:38:39] ID: 568 | Nombre: Patroncito detallado | Precio actual: 10.00 | Tipo tasa: PARALELO | Tasa aplicada: 100.00
[2025-05-06 22:38:39] ID: 612 | Nombre: Jabon las llaves 250g | Precio actual: 120.00 | Tipo tasa: PARALELO | Tasa aplicada: 100.00
[2025-05-06 22:38:39] ID: 614 | Nombre: Pepsi 2l | Precio actual: 140.00 | Tipo tasa: BCV | Tasa aplicada: 90.00
[2025-05-06 22:38:39] ID: 613 | Nombre: Pepsi 1L | Precio actual: 100.00 | Tipo tasa: BCV | Tasa aplicada: 90.00
[2025-05-06 22:38:39] ID: 69 | Nombre: Bomba normal Carnaval | Precio actual: 50.00 | Tipo tasa: PARALELO | Tasa aplicada: 100.00
[2025-05-06 22:38:39] ID: 577 | Nombre: Media universal | Precio actual: 75.00 | Tipo tasa: PARALELO | Tasa aplicada: 100.00
[2025-05-06 22:38:39] ID: 239 | Nombre: Socate | Precio actual: 55.00 | Tipo tasa: BCV | Tasa aplicada: 90.00
[2025-05-06 22:38:39] ID: 94 | Nombre: Refresco bombita Cool | Precio actual: 45.00 | Tipo tasa: PARALELO | Tasa aplicada: 100.00
[2025-05-06 22:38:39] ID: 192 | Nombre: Pasta de chorizo | Precio actual: 150.00 | Tipo tasa: BCV | Tasa aplicada: 90.00
[2025-05-06 22:38:39] ID: 182 | Nombre: Algodon | Precio actual: 70.00 | Tipo tasa: BCV | Tasa aplicada: 90.00
[2025-05-06 22:38:39] ID: 569 | Nombre: Jabon Polvo Hugme | Precio actual: 90.00 | Tipo tasa: PARALELO | Tasa aplicada: 100.00
[2025-05-06 22:38:39] ID: 208 | Nombre: Vinagre capital 250ml | Precio actual: 50.00 | Tipo tasa: PARALELO | Tasa aplicada: 100.00
[2025-05-06 22:38:39] ID: 22 | Nombre: Choripan | Precio actual: 45.00 | Tipo tasa: PARALELO | Tasa aplicada: 100.00
[2025-05-06 22:38:39] ID: 186 | Nombre: Mistolin | Precio actual: 195.00 | Tipo tasa: PARALELO | Tasa aplicada: 100.00
[2025-05-06 22:38:39] ID: 71 | Nombre: Sacapunta | Precio actual: 40.00 | Tipo tasa: PARALELO | Tasa aplicada: 100.00
[2025-05-06 22:38:39] ID: 174 | Nombre: Pan redondo | Precio actual: 135.00 | Tipo tasa: PARALELO | Tasa aplicada: 100.00
[2025-05-06 22:38:39] ID: 466 | Nombre: Belmont caja | Precio actual: 220.00 | Tipo tasa: PARALELO | Tasa aplicada: 100.00
[2025-05-06 22:38:39] ID: 12 | Nombre: Azucar Montalban | Precio actual: 155.00 | Tipo tasa: PARALELO | Tasa aplicada: 100.00
[2025-05-06 22:38:39] ID: 55 | Nombre: Pestaña por punto | Precio actual: 145.00 | Tipo tasa: PARALELO | Tasa aplicada: 100.00
[2025-05-06 22:38:39] ID: 308 | Nombre: Mortadela  don ramon 600g | Precio actual: 170.00 | Tipo tasa: BCV | Tasa aplicada: 90.00
[2025-05-06 22:38:39] ID: 344 | Nombre: lapicero bernice unidad | Precio actual: 20.00 | Tipo tasa: BCV | Tasa aplicada: 90.00
[2025-05-06 22:38:39] ID: 309 | Nombre: Mortadela  Don Ramon 400G | Precio actual: 105.00 | Tipo tasa: BCV | Tasa aplicada: 90.00
[2025-05-06 22:38:39] ID: 572 | Nombre: Arroz con Pollo Gut | Precio actual: 75.00 | Tipo tasa: PARALELO | Tasa aplicada: 100.00
[2025-05-06 22:38:39] ID: 99 | Nombre: Marshmellow malvavisco gomita | Precio actual: 35.00 | Tipo tasa: PARALELO | Tasa aplicada: 100.00
[2025-05-06 22:38:39] ID: 19 | Nombre: Pega de uñas | Precio actual: 65.00 | Tipo tasa: PARALELO | Tasa aplicada: 100.00
[2025-05-06 22:38:39] ID: 40 | Nombre: Bombillo blanco 12w | Precio actual: 90.00 | Tipo tasa: PARALELO | Tasa aplicada: 100.00
[2025-05-06 22:38:39] ID: 159 | Nombre: Aguacate | Precio actual: 2600.00 | Tipo tasa: PARALELO | Tasa aplicada: 100.00
[2025-05-06 22:38:39] ID: 58 | Nombre: Colonia 2$ | Precio actual: 125.00 | Tipo tasa: PARALELO | Tasa aplicada: 100.00
[2025-05-06 22:38:39] ID: 573 | Nombre: Te limon MR TEA | Precio actual: 190.00 | Tipo tasa: PARALELO | Tasa aplicada: 100.00
[2025-05-06 22:38:39] ID: 357 | Nombre: Jabon Las Llaves | Precio actual: 95.00 | Tipo tasa: PARALELO | Tasa aplicada: 100.00
[2025-05-06 22:38:39] ID: 281 | Nombre: pega mosca | Precio actual: 30.00 | Tipo tasa: BCV | Tasa aplicada: 90.00
[2025-05-06 22:38:39] ID: 355 | Nombre: jabon mennen | Precio actual: 60.00 | Tipo tasa: BCV | Tasa aplicada: 90.00
[2025-05-06 22:38:39] ID: 352 | Nombre: jugo natulac 1l | Precio actual: 210.00 | Tipo tasa: PARALELO | Tasa aplicada: 100.00
[2025-05-06 22:38:39] ID: 316 | Nombre: masa facil | Precio actual: 110.00 | Tipo tasa: BCV | Tasa aplicada: 90.00
[2025-05-06 22:38:39] ID: 332 | Nombre: lentejas michacha | Precio actual: 195.00 | Tipo tasa: PARALELO | Tasa aplicada: 100.00
[2025-05-06 22:38:39] ID: 229 | Nombre: Toalla modes Wanita | Precio actual: 70.00 | Tipo tasa: PARALELO | Tasa aplicada: 100.00
[2025-05-06 22:38:39] ID: 331 | Nombre: Liga de Cabello | Precio actual: 40.00 | Tipo tasa: PARALELO | Tasa aplicada: 100.00
[2025-05-06 22:38:39] ID: 566 | Nombre: Bonucci | Precio actual: 45.00 | Tipo tasa: PARALELO | Tasa aplicada: 100.00
[2025-05-06 22:38:39] ID: 356 | Nombre: Jabon Medicare 90G | Precio actual: 75.00 | Tipo tasa: PARALELO | Tasa aplicada: 100.00
[2025-05-06 22:38:39] ID: 68 | Nombre: Bomba carnaval caucho | Precio actual: 105.00 | Tipo tasa: PARALELO | Tasa aplicada: 100.00
[2025-05-06 22:38:39] ID: 236 | Nombre: Suavizante Aromatel | Precio actual: 65.00 | Tipo tasa: PARALELO | Tasa aplicada: 100.00
[2025-05-06 22:38:39] ID: 213 | Nombre: Uñas | Precio actual: 130.00 | Tipo tasa: PARALELO | Tasa aplicada: 100.00
[2025-05-06 22:38:39] ID: 243 | Nombre: sardinas el arca | Precio actual: 45.00 | Tipo tasa: PARALELO | Tasa aplicada: 100.00
[2025-05-06 22:38:39] ID: 319 | Nombre: marcador pizarra | Precio actual: 30.00 | Tipo tasa: BCV | Tasa aplicada: 90.00
[2025-05-06 22:38:39] ID: 489 | Nombre: Acetaminofen | Precio actual: 10.00 | Tipo tasa: PARALELO | Tasa aplicada: 100.00
[2025-05-06 22:38:39] ID: 254 | Nombre: Sal | Precio actual: 45.00 | Tipo tasa: PARALELO | Tasa aplicada: 100.00
[2025-05-06 22:38:39] ID: 228 | Nombre: Toallas hugme humedas | Precio actual: 110.00 | Tipo tasa: BCV | Tasa aplicada: 90.00
[2025-05-06 22:38:39] ID: 405 | Nombre: desinfectante oso blanco | Precio actual: 125.00 | Tipo tasa: PARALELO | Tasa aplicada: 100.00
[2025-05-06 22:38:39] ID: 271 | Nombre: mata polvo chiripa amarillo | Precio actual: 35.00 | Tipo tasa: BCV | Tasa aplicada: 90.00
[2025-05-06 22:38:39] ID: 575 | Nombre: Pasta corta capri 500g | Precio actual: 95.00 | Tipo tasa: PARALELO | Tasa aplicada: 100.00
[2025-05-06 22:38:39] ID: 436 | Nombre: caramelo 2bs combo | Precio actual: 10.00 | Tipo tasa: PARALELO | Tasa aplicada: 100.00
[2025-05-06 22:38:39] ID: 342 | Nombre: lavaplato oso blanco | Precio actual: 115.00 | Tipo tasa: BCV | Tasa aplicada: 90.00
[2025-05-06 22:38:39] ID: 205 | Nombre: wiki wiki pinta ropa | Precio actual: 55.00 | Tipo tasa: PARALELO | Tasa aplicada: 100.00
[2025-05-06 22:38:39] ID: 210 | Nombre: veneno para ratas | Precio actual: 35.00 | Tipo tasa: PARALELO | Tasa aplicada: 100.00
[2025-05-06 22:38:39] ID: 482 | Nombre: arroz la musia | Precio actual: 95.00 | Tipo tasa: PARALELO | Tasa aplicada: 100.00
[2025-05-06 22:38:39] ID: 483 | Nombre: arroz don julian | Precio actual: 95.00 | Tipo tasa: PARALELO | Tasa aplicada: 100.00
[2025-05-06 22:38:39] ID: 184 | Nombre: Pasta de tomate COMA | Precio actual: 180.00 | Tipo tasa: PARALELO | Tasa aplicada: 100.00
[2025-05-06 22:38:39] ID: 155 | Nombre: Tabaco Paramaconi | Precio actual: 40.00 | Tipo tasa: PARALELO | Tasa aplicada: 100.00
[2025-05-06 22:38:39] ID: 133 | Nombre: Paletas Cremosas | Precio actual: 30.00 | Tipo tasa: PARALELO | Tasa aplicada: 100.00
[2025-05-06 22:38:39] ID: 426 | Nombre: Cloro kris pequeño | Precio actual: 90.00 | Tipo tasa: BCV | Tasa aplicada: 90.00
[2025-05-06 22:38:39] ID: 136 | Nombre: Cepillo de diente | Precio actual: 90.00 | Tipo tasa: PARALELO | Tasa aplicada: 100.00
[2025-05-06 22:38:39] ID: 60 | Nombre: Colonia 5$ | Precio actual: 520.00 | Tipo tasa: BCV | Tasa aplicada: 90.00
[2025-05-06 22:38:39] ID: 449 | Nombre: caraota amanecer 400g | Precio actual: 135.00 | Tipo tasa: PARALELO | Tasa aplicada: 100.00
[2025-05-06 22:38:39] ID: 282 | Nombre: Pega Loka | Precio actual: 30.00 | Tipo tasa: PARALELO | Tasa aplicada: 100.00
[2025-05-06 22:38:39] ID: 108 | Nombre: Mantequilla deline grande | Precio actual: 215.00 | Tipo tasa: PARALELO | Tasa aplicada: 100.00
[2025-05-06 22:38:39] ID: 385 | Nombre: Gelatina Rolda | Precio actual: 195.00 | Tipo tasa: BCV | Tasa aplicada: 90.00
[2025-05-06 22:38:39] ID: 607 | Nombre: JYJ MEDIA CAJA | Precio actual: 130.00 | Tipo tasa: PARALELO | Tasa aplicada: 100.00
[2025-05-06 22:38:39] ID: 283 | Nombre: pega blanca 60g | Precio actual: 60.00 | Tipo tasa: PARALELO | Tasa aplicada: 100.00
[2025-05-06 22:38:39] ID: 188 | Nombre: Pilas | Precio actual: 75.00 | Tipo tasa: PARALELO | Tasa aplicada: 100.00
[2025-05-06 22:38:39] ID: 437 | Nombre: champu head and shoulder | Precio actual: 35.00 | Tipo tasa: PARALELO | Tasa aplicada: 100.00
[2025-05-06 22:38:39] ID: 484 | Nombre: alcohol spray 120ml | Precio actual: 85.00 | Tipo tasa: PARALELO | Tasa aplicada: 100.00
[2025-05-06 22:38:39] ID: 602 | Nombre: JyJ Caja cigarro | Precio actual: 45.00 | Tipo tasa: PARALELO | Tasa aplicada: 100.00
[2025-05-06 22:38:39] ID: 387 | Nombre: ganchetas accesorios | Precio actual: 120.00 | Tipo tasa: PARALELO | Tasa aplicada: 100.00
[2025-05-06 22:38:39] ID: 478 | Nombre: arvejas mary 400g | Precio actual: 105.00 | Tipo tasa: PARALELO | Tasa aplicada: 100.00
[2025-05-06 22:38:39] ID: 275 | Nombre: pintura al frio | Precio actual: 90.00 | Tipo tasa: BCV | Tasa aplicada: 90.00
[2025-05-06 22:38:39] ID: 294 | Nombre: papel aluminio | Precio actual: 120.00 | Tipo tasa: BCV | Tasa aplicada: 90.00
[2025-05-06 22:38:39] ID: 264 | Nombre: refresco coca cola 1.5lt | Precio actual: 125.00 | Tipo tasa: BCV | Tasa aplicada: 90.00
[2025-05-06 22:38:39] ID: 446 | Nombre: carpeta manila amarilla oficio | Precio actual: 30.00 | Tipo tasa: BCV | Tasa aplicada: 90.00
[2025-05-06 22:38:39] ID: 479 | Nombre: Arroz Santoni | Precio actual: 110.00 | Tipo tasa: PARALELO | Tasa aplicada: 100.00
[2025-05-06 22:38:39] ID: 336 | Nombre: leche liquida purissima 1l | Precio actual: 200.00 | Tipo tasa: PARALELO | Tasa aplicada: 100.00
[2025-05-06 22:38:39] ID: 492 | Nombre: aceite ideal 250ml | Precio actual: 100.00 | Tipo tasa: PARALELO | Tasa aplicada: 100.00
[2025-05-06 22:38:39] ID: 358 | Nombre: Jabon Harmony | Precio actual: 55.00 | Tipo tasa: BCV | Tasa aplicada: 90.00
[2025-05-06 22:38:39] ID: 126 | Nombre: Colas de cabello | Precio actual: 35.00 | Tipo tasa: BCV | Tasa aplicada: 90.00
[2025-05-06 22:38:39] ID: 156 | Nombre: Barquilla | Precio actual: 55.00 | Tipo tasa: PARALELO | Tasa aplicada: 100.00
[2025-05-06 22:38:39] ID: 138 | Nombre: Tempera | Precio actual: 115.00 | Tipo tasa: PARALELO | Tasa aplicada: 100.00
[2025-05-06 22:38:39] ID: 161 | Nombre: Guayaba | Precio actual: 105.00 | Tipo tasa: PARALELO | Tasa aplicada: 100.00
[2025-05-06 22:38:39] ID: 83 | Nombre: Hilo de coser | Precio actual: 15.00 | Tipo tasa: PARALELO | Tasa aplicada: 100.00
[2025-05-06 22:38:39] ID: 445 | Nombre: carpeta marron carta | Precio actual: 70.00 | Tipo tasa: BCV | Tasa aplicada: 90.00
[2025-05-06 22:38:39] ID: 180 | Nombre: Colgate | Precio actual: 95.00 | Tipo tasa: PARALELO | Tasa aplicada: 100.00
[2025-05-06 22:38:39] ID: 158 | Nombre: Crema de Zapato | Precio actual: 65.00 | Tipo tasa: PARALELO | Tasa aplicada: 100.00
[2025-05-06 22:38:39] ID: 368 | Nombre: incienso caja | Precio actual: 85.00 | Tipo tasa: PARALELO | Tasa aplicada: 100.00
[2025-05-06 22:38:39] ID: 354 | Nombre: jabon popular 150g | Precio actual: 70.00 | Tipo tasa: BCV | Tasa aplicada: 90.00
[2025-05-06 22:38:39] ID: 181 | Nombre: Sabroseador GUT | Precio actual: 55.00 | Tipo tasa: PARALELO | Tasa aplicada: 100.00
[2025-05-06 22:38:39] ID: 468 | Nombre: azucar dacana | Precio actual: 140.00 | Tipo tasa: PARALELO | Tasa aplicada: 100.00
[2025-05-06 22:38:39] ID: 150 | Nombre: Guisantes | Precio actual: 120.00 | Tipo tasa: PARALELO | Tasa aplicada: 100.00
[2025-05-06 22:38:39] ID: 451 | Nombre: Caja de Lucky | Precio actual: 255.00 | Tipo tasa: PARALELO | Tasa aplicada: 100.00
[2025-05-06 22:38:39] ID: 149 | Nombre: Mostaza fergo | Precio actual: 135.00 | Tipo tasa: PARALELO | Tasa aplicada: 100.00
[2025-05-06 22:38:39] ID: 252 | Nombre: Salsa de Tomate Fergos 397G | Precio actual: 135.00 | Tipo tasa: PARALELO | Tasa aplicada: 100.00
[2025-05-06 22:38:39] ID: 139 | Nombre: Axion Grande 235g | Precio actual: 155.00 | Tipo tasa: PARALELO | Tasa aplicada: 100.00
[2025-05-06 22:38:39] ID: 608 | Nombre: chorizo kilo | Precio actual: 320.00 | Tipo tasa: PARALELO | Tasa aplicada: 100.00
[2025-05-06 22:38:39] ID: 13 | Nombre: Harina Maiz Masantoni | Precio actual: 85.00 | Tipo tasa: PARALELO | Tasa aplicada: 100.00
[2025-05-06 22:38:39] ID: 330 | Nombre: limon | Precio actual: 225.00 | Tipo tasa: PARALELO | Tasa aplicada: 100.00
[2025-05-06 22:38:39] ID: 470 | Nombre: Axion 150g | Precio actual: 105.00 | Tipo tasa: PARALELO | Tasa aplicada: 100.00
[2025-05-06 22:38:39] ID: 106 | Nombre: Aceite ideal 110ml | Precio actual: 65.00 | Tipo tasa: PARALELO | Tasa aplicada: 100.00
[2025-05-06 22:38:39] ID: 85 | Nombre: Toallas Diarias Nosotras | Precio actual: 60.00 | Tipo tasa: PARALELO | Tasa aplicada: 100.00
[2025-05-06 22:38:39] ID: 490 | Nombre: aceite vatel 500ml | Precio actual: 175.00 | Tipo tasa: PARALELO | Tasa aplicada: 100.00
[2025-05-06 22:38:39] ID: 251 | Nombre: salsa de tomate Heinz 198g | Precio actual: 145.00 | Tipo tasa: PARALELO | Tasa aplicada: 100.00
[2025-05-06 22:38:39] ID: 372 | Nombre: hony bran puig | Precio actual: 35.00 | Tipo tasa: PARALELO | Tasa aplicada: 100.00
[2025-05-06 22:38:39] ID: 495 | Nombre: 301 caja | Precio actual: 55.00 | Tipo tasa: PARALELO | Tasa aplicada: 100.00
[2025-05-06 22:38:39] ID: 227 | Nombre: tocineta limon | Precio actual: 45.00 | Tipo tasa: PARALELO | Tasa aplicada: 100.00
[2025-05-06 22:38:39] ID: 24 | Nombre: Esponja brillo normal | Precio actual: 40.00 | Tipo tasa: BCV | Tasa aplicada: 90.00
[2025-05-06 22:38:39] ID: 340 | Nombre: Leche Condensada Cremor | Precio actual: 170.00 | Tipo tasa: PARALELO | Tasa aplicada: 100.00
[2025-05-06 22:38:39] ID: 422 | Nombre: Club Social | Precio actual: 25.00 | Tipo tasa: PARALELO | Tasa aplicada: 100.00
[2025-05-06 22:38:39] ID: 41 | Nombre: Silicon Barra grande | Precio actual: 75.00 | Tipo tasa: PARALELO | Tasa aplicada: 100.00
[2025-05-06 22:38:39] ID: 5 | Nombre: Rikesa | Precio actual: 360.00 | Tipo tasa: BCV | Tasa aplicada: 90.00
[2025-05-06 22:38:39] ID: 48 | Nombre: Tikotin | Precio actual: 10.00 | Tipo tasa: PARALELO | Tasa aplicada: 100.00
[2025-05-06 22:38:39] ID: 53 | Nombre: Pan de guayaba | Precio actual: 15.00 | Tipo tasa: BCV | Tasa aplicada: 90.00
[2025-05-06 22:38:39] ID: 463 | Nombre: Bianchi barra | Precio actual: 30.00 | Tipo tasa: PARALELO | Tasa aplicada: 100.00
[2025-05-06 22:38:39] ID: 92 | Nombre: Belmont media caja | Precio actual: 130.00 | Tipo tasa: PARALELO | Tasa aplicada: 100.00
[2025-05-06 22:38:39] ID: 338 | Nombre: leche dobon 200g | Precio actual: 200.00 | Tipo tasa: PARALELO | Tasa aplicada: 100.00
[2025-05-06 22:38:39] ID: 4 | Nombre: Yogurt Tigo | Precio actual: 105.00 | Tipo tasa: BCV | Tasa aplicada: 90.00
[2025-05-06 22:38:39] ID: 145 | Nombre: Tinte AMG Grande | Precio actual: 210.00 | Tipo tasa: BCV | Tasa aplicada: 90.00
[2025-05-06 22:38:39] ID: 285 | Nombre: pasta mary larga 1kg | Precio actual: 110.00 | Tipo tasa: PARALELO | Tasa aplicada: 100.00
[2025-05-06 22:38:39] ID: 38 | Nombre: Magnum magno | Precio actual: 55.00 | Tipo tasa: PARALELO | Tasa aplicada: 100.00
[2025-05-06 22:38:39] ID: 31 | Nombre: Te de Durazno | Precio actual: 170.00 | Tipo tasa: PARALELO | Tasa aplicada: 100.00
[2025-05-06 22:38:39] ID: 3 | Nombre: Gelatina Every Night | Precio actual: 155.00 | Tipo tasa: BCV | Tasa aplicada: 90.00
[2025-05-06 22:38:39] ID: 6 | Nombre: Maiz en lata PAFFIA | Precio actual: 175.00 | Tipo tasa: PARALELO | Tasa aplicada: 100.00
[2025-05-06 22:38:39] ID: 16 | Nombre: Carne molida | Precio actual: 935.00 | Tipo tasa: BCV | Tasa aplicada: 90.00
[2025-05-06 22:38:39] ID: 209 | Nombre: Vinagre capital 1lt | Precio actual: 100.00 | Tipo tasa: PARALELO | Tasa aplicada: 100.00
[2025-05-06 22:38:39] ID: 226 | Nombre: toddy | Precio actual: 165.00 | Tipo tasa: PARALELO | Tasa aplicada: 100.00
[2025-05-06 22:38:39] ID: 238 | Nombre: sopa maggi | Precio actual: 115.00 | Tipo tasa: PARALELO | Tasa aplicada: 100.00
[2025-05-06 22:38:39] ID: 310 | Nombre: milka | Precio actual: 150.00 | Tipo tasa: PARALELO | Tasa aplicada: 100.00
[2025-05-06 22:38:39] ID: 45 | Nombre: Cheese Cronch Grande | Precio actual: 115.00 | Tipo tasa: PARALELO | Tasa aplicada: 100.00
[2025-05-06 22:38:39] ID: 197 | Nombre: Salchicha Polaca | Precio actual: 370.00 | Tipo tasa: PARALELO | Tasa aplicada: 100.00
[2025-05-06 22:38:39] ID: 382 | Nombre: Gomitas Play (snacks) Paquete | Precio actual: 40.00 | Tipo tasa: PARALELO | Tasa aplicada: 100.00
[2025-05-06 22:38:39] ID: 460 | Nombre: Bombillos amarillo 100w | Precio actual: 35.00 | Tipo tasa: BCV | Tasa aplicada: 90.00
[2025-05-06 22:38:39] ID: 185 | Nombre: Agua oxigenada | Precio actual: 95.00 | Tipo tasa: PARALELO | Tasa aplicada: 100.00
[2025-05-06 22:38:39] ID: 179 | Nombre: Harina de Trigo Dulce Mar 1kl | Precio actual: 120.00 | Tipo tasa: PARALELO | Tasa aplicada: 100.00
[2025-05-06 22:38:39] ID: 467 | Nombre: azucar hiperlider | Precio actual: 135.00 | Tipo tasa: PARALELO | Tasa aplicada: 100.00
[2025-05-06 22:38:39] ID: 9 | Nombre: Golden Manzana 1.5l | Precio actual: 105.00 | Tipo tasa: BCV | Tasa aplicada: 90.00
[2025-05-06 22:38:39] ID: 258 | Nombre: Refresco The Sun 400ml | Precio actual: 35.00 | Tipo tasa: PARALELO | Tasa aplicada: 100.00
[2025-05-06 22:38:39] ID: 454 | Nombre: favorito100g | Precio actual: 90.00 | Tipo tasa: PARALELO | Tasa aplicada: 100.00
[2025-05-06 22:38:39] ID: 87 | Nombre: Sardinas los roques | Precio actual: 60.00 | Tipo tasa: PARALELO | Tasa aplicada: 100.00
[2025-05-06 22:38:39] ID: 172 | Nombre: Leche mama conchita | Precio actual: 115.00 | Tipo tasa: PARALELO | Tasa aplicada: 100.00
[2025-05-06 22:38:39] ID: 80 | Nombre: Pega en barra | Precio actual: 50.00 | Tipo tasa: PARALELO | Tasa aplicada: 100.00
[2025-05-06 22:38:39] ID: 81 | Nombre: Vick vaporub Mentol | Precio actual: 60.00 | Tipo tasa: PARALELO | Tasa aplicada: 100.00
[2025-05-06 22:38:39] ID: 339 | Nombre: Leche Dobon 120g | Precio actual: 120.00 | Tipo tasa: PARALELO | Tasa aplicada: 100.00
[2025-05-06 22:38:39] ID: 89 | Nombre: Doritos mega queso Promocion XXL | Precio actual: 490.00 | Tipo tasa: PARALELO | Tasa aplicada: 100.00
[2025-05-06 22:38:39] ID: 97 | Nombre: Pan para perros | Precio actual: 130.00 | Tipo tasa: BCV | Tasa aplicada: 90.00
[2025-05-06 22:38:39] ID: 100 | Nombre: Mostaza Coma | Precio actual: 160.00 | Tipo tasa: PARALELO | Tasa aplicada: 100.00
[2025-05-06 22:38:39] ID: 104 | Nombre: Compota Natulac | Precio actual: 90.00 | Tipo tasa: PARALELO | Tasa aplicada: 100.00
[2025-05-06 22:38:39] ID: 79 | Nombre: Champu Colorante tinte | Precio actual: 65.00 | Tipo tasa: BCV | Tasa aplicada: 90.00
[2025-05-06 22:38:39] ID: 70 | Nombre: Pega loka astro glue | Precio actual: 25.00 | Tipo tasa: PARALELO | Tasa aplicada: 100.00
[2025-05-06 22:38:39] ID: 137 | Nombre: Silicon Liquido | Precio actual: 85.00 | Tipo tasa: PARALELO | Tasa aplicada: 100.00
[2025-05-06 22:38:39] ID: 88 | Nombre: Pasta capri dedal | Precio actual: 190.00 | Tipo tasa: BCV | Tasa aplicada: 90.00
[2025-05-06 22:38:39] ID: 86 | Nombre: Cotufa de maiz Mary | Precio actual: 155.00 | Tipo tasa: BCV | Tasa aplicada: 90.00
[2025-05-06 22:38:39] ID: 25 | Nombre: Jabon Panela oso blanco | Precio actual: 75.00 | Tipo tasa: PARALELO | Tasa aplicada: 100.00
[2025-05-06 22:38:39] ID: 474 | Nombre: atun california | Precio actual: 120.00 | Tipo tasa: PARALELO | Tasa aplicada: 100.00
[2025-05-06 22:38:39] ID: 105 | Nombre: Compota Heinz | Precio actual: 120.00 | Tipo tasa: PARALELO | Tasa aplicada: 100.00
[2025-05-06 22:38:39] ID: 34 | Nombre: Salsa para pasta Osole 200G | Precio actual: 120.00 | Tipo tasa: PARALELO | Tasa aplicada: 100.00
[2025-05-06 22:38:39] ID: 102 | Nombre: Jabon las llaves bebe | Precio actual: 80.00 | Tipo tasa: PARALELO | Tasa aplicada: 100.00
[2025-05-06 22:38:39] ID: 67 | Nombre: Vainilla MAS | Precio actual: 45.00 | Tipo tasa: PARALELO | Tasa aplicada: 100.00
[2025-05-06 22:38:39] ID: 429 | Nombre: Chupis-mamilo | Precio actual: 15.00 | Tipo tasa: PARALELO | Tasa aplicada: 100.00
[2025-05-06 22:38:39] ID: 173 | Nombre: Pan Hamburguesa | Precio actual: 135.00 | Tipo tasa: PARALELO | Tasa aplicada: 100.00
[2025-05-06 22:38:39] ID: 107 | Nombre: Crema de arroz Mary | Precio actual: 90.00 | Tipo tasa: PARALELO | Tasa aplicada: 100.00
[2025-05-06 22:38:39] ID: 75 | Nombre: Trifogon | Precio actual: 10.00 | Tipo tasa: PARALELO | Tasa aplicada: 100.00
[2025-05-06 22:38:39] ID: 346 | Nombre: keramix champu | Precio actual: 60.00 | Tipo tasa: PARALELO | Tasa aplicada: 100.00
[2025-05-06 22:38:39] ID: 247 | Nombre: salsa picante fritz 250g | Precio actual: 225.00 | Tipo tasa: PARALELO | Tasa aplicada: 100.00
[2025-05-06 22:38:39] ID: 407 | Nombre: Dalvito | Precio actual: 340.00 | Tipo tasa: PARALELO | Tasa aplicada: 100.00
[2025-05-06 22:38:39] ID: 128 | Nombre: Zucarita | Precio actual: 45.00 | Tipo tasa: PARALELO | Tasa aplicada: 100.00
[2025-05-06 22:38:39] ID: 125 | Nombre: Cacao | Precio actual: 130.00 | Tipo tasa: PARALELO | Tasa aplicada: 100.00
[2025-05-06 22:38:39] ID: 230 | Nombre: toalla modes alive | Precio actual: 120.00 | Tipo tasa: PARALELO | Tasa aplicada: 100.00
[2025-05-06 22:38:39] ID: 151 | Nombre: Arroz mary rojo | Precio actual: 135.00 | Tipo tasa: PARALELO | Tasa aplicada: 100.00
[2025-05-06 22:38:39] ID: 82 | Nombre: Celoven | Precio actual: 35.00 | Tipo tasa: PARALELO | Tasa aplicada: 100.00
[2025-05-06 22:38:39] ID: 56 | Nombre: Pestaña corrida | Precio actual: 115.00 | Tipo tasa: PARALELO | Tasa aplicada: 100.00
[2025-05-06 22:38:39] ID: 91 | Nombre: Foami | Precio actual: 35.00 | Tipo tasa: PARALELO | Tasa aplicada: 100.00
[2025-05-06 22:38:39] ID: 93 | Nombre: Doritos Super Promocion | Precio actual: 360.00 | Tipo tasa: PARALELO | Tasa aplicada: 100.00
[2025-05-06 22:38:39] ID: 111 | Nombre: Loratadina | Precio actual: 10.00 | Tipo tasa: PARALELO | Tasa aplicada: 100.00
[2025-05-06 22:38:39] ID: 96 | Nombre: Pan para hamburguesa | Precio actual: 120.00 | Tipo tasa: PARALELO | Tasa aplicada: 100.00
[2025-05-06 22:38:39] ID: 477 | Nombre: Atlantic caja | Precio actual: 45.00 | Tipo tasa: PARALELO | Tasa aplicada: 100.00
[2025-05-06 22:38:39] ID: 98 | Nombre: Pan Gourmet | Precio actual: 130.00 | Tipo tasa: PARALELO | Tasa aplicada: 100.00
[2025-05-06 22:38:39] ID: 74 | Nombre: Pabilo | Precio actual: 50.00 | Tipo tasa: PARALELO | Tasa aplicada: 100.00
[2025-05-06 22:38:39] ID: 459 | Nombre: Bombillos led 15w | Precio actual: 115.00 | Tipo tasa: PARALELO | Tasa aplicada: 100.00
[2025-05-06 22:38:39] ID: 398 | Nombre: fabuloso detergente | Precio actual: 75.00 | Tipo tasa: PARALELO | Tasa aplicada: 100.00
[2025-05-06 22:38:39] ID: 415 | Nombre: cosmilk | Precio actual: 35.00 | Tipo tasa: PARALELO | Tasa aplicada: 100.00
[2025-05-06 22:38:39] ID: 122 | Nombre: VICEROY | Precio actual: 10.00 | Tipo tasa: PARALELO | Tasa aplicada: 100.00
[2025-05-06 22:38:39] ID: 121 | Nombre: Caja de viceroy | Precio actual: 135.00 | Tipo tasa: PARALELO | Tasa aplicada: 100.00
[2025-05-06 22:38:39] ID: 123 | Nombre: Servilletas | Precio actual: 115.00 | Tipo tasa: PARALELO | Tasa aplicada: 100.00
[2025-05-06 22:38:39] ID: 300 | Nombre: Pall Mall detallado | Precio actual: 15.00 | Tipo tasa: PARALELO | Tasa aplicada: 100.00
[2025-05-06 22:38:39] ID: 59 | Nombre: Colonia 4$ | Precio actual: 370.00 | Tipo tasa: PARALELO | Tasa aplicada: 100.00
[2025-05-06 22:38:39] ID: 288 | Nombre: pasta corta oba 500g | Precio actual: 55.00 | Tipo tasa: PARALELO | Tasa aplicada: 100.00
[2025-05-06 22:38:39] ID: 216 | Nombre: Trululu Snacks Paquete | Precio actual: 55.00 | Tipo tasa: PARALELO | Tasa aplicada: 100.00
[2025-05-06 22:38:39] ID: 57 | Nombre: Lapiz bicolor dos colores | Precio actual: 35.00 | Tipo tasa: BCV | Tasa aplicada: 90.00
[2025-05-06 22:38:39] ID: 14 | Nombre: Aceite Ideal 500ML | Precio actual: 145.00 | Tipo tasa: PARALELO | Tasa aplicada: 100.00
[2025-05-06 22:38:39] ID: 235 | Nombre: Suavizante Suavitel | Precio actual: 60.00 | Tipo tasa: PARALELO | Tasa aplicada: 100.00
[2025-05-06 22:38:39] ID: 313 | Nombre: Mayonesa Kraft 175G | Precio actual: 160.00 | Tipo tasa: PARALELO | Tasa aplicada: 100.00
[2025-05-06 22:38:39] ID: 15 | Nombre: Suavizante Alive | Precio actual: 65.00 | Tipo tasa: PARALELO | Tasa aplicada: 100.00
[2025-05-06 22:38:39] ID: 131 | Nombre: Diclofenac | Precio actual: 10.00 | Tipo tasa: BCV | Tasa aplicada: 90.00
[2025-05-06 22:38:39] ID: 337 | Nombre: leche liquida carabobo 1l | Precio actual: 200.00 | Tipo tasa: PARALELO | Tasa aplicada: 100.00
[2025-05-06 22:38:39] ID: 305 | Nombre: oki doki bombom | Precio actual: 10.00 | Tipo tasa: PARALELO | Tasa aplicada: 100.00
[2025-05-06 22:38:39] ID: 166 | Nombre: Miami detallado | Precio actual: 5.00 | Tipo tasa: PARALELO | Tasa aplicada: 100.00
[2025-05-06 22:38:39] ID: 183 | Nombre: Tinte Hugme Barato | Precio actual: 40.00 | Tipo tasa: PARALELO | Tasa aplicada: 100.00
[2025-05-06 22:38:40] ID: 47 | Nombre: Barquillon | Precio actual: 100.00 | Tipo tasa: PARALELO | Tasa aplicada: 100.00
[2025-05-06 22:38:40] ID: 481 | Nombre: arroz mary tradicional | Precio actual: 115.00 | Tipo tasa: PARALELO | Tasa aplicada: 100.00
[2025-05-06 22:38:40] ID: 297 | Nombre: Panelada | Precio actual: 40.00 | Tipo tasa: PARALELO | Tasa aplicada: 100.00
[2025-05-06 22:38:40] ID: 256 | Nombre: rizada rizada | Precio actual: 65.00 | Tipo tasa: PARALELO | Tasa aplicada: 100.00
[2025-05-06 22:38:40] ID: 286 | Nombre: pasta mary corta 500g | Precio actual: 95.00 | Tipo tasa: PARALELO | Tasa aplicada: 100.00
[2025-05-06 22:38:40] ID: 284 | Nombre: pasta Mary plumita 1kg | Precio actual: 145.00 | Tipo tasa: PARALELO | Tasa aplicada: 100.00
[2025-05-06 22:38:40] ID: 333 | Nombre: lentejas Mary | Precio actual: 145.00 | Tipo tasa: PARALELO | Tasa aplicada: 100.00
[2025-05-06 22:38:40] ID: 270 | Nombre: pote figura ojos ojitos | Precio actual: 15.00 | Tipo tasa: PARALELO | Tasa aplicada: 100.00
[2025-05-06 22:38:40] ID: 380 | Nombre: kaly premium | Precio actual: 85.00 | Tipo tasa: PARALELO | Tasa aplicada: 100.00
[2025-05-06 22:38:40] ID: 379 | Nombre: harina de maiz mary | Precio actual: 100.00 | Tipo tasa: PARALELO | Tasa aplicada: 100.00
[2025-05-06 22:38:40] ID: 234 | Nombre: Takis Pequeño | Precio actual: 140.00 | Tipo tasa: PARALELO | Tasa aplicada: 100.00
[2025-05-06 22:38:40] ID: 115 | Nombre: aromax | Precio actual: 30.00 | Tipo tasa: PARALELO | Tasa aplicada: 100.00
[2025-05-06 22:38:40] ID: 33 | Nombre: Bolsa de pan salado | Precio actual: 105.00 | Tipo tasa: PARALELO | Tasa aplicada: 100.00
[2025-05-06 22:38:40] ID: 461 | Nombre: bolsa basura 40kg | Precio actual: 30.00 | Tipo tasa: BCV | Tasa aplicada: 90.00
[2025-05-06 22:38:40] ID: 301 | Nombre: Pall Mall Caja | Precio actual: 230.00 | Tipo tasa: PARALELO | Tasa aplicada: 100.00
[2025-05-06 22:38:40] ID: 245 | Nombre: samba | Precio actual: 80.00 | Tipo tasa: PARALELO | Tasa aplicada: 100.00
[2025-05-06 22:38:40] ID: 28 | Nombre: Aceite soya cristalino 430ml | Precio actual: 140.00 | Tipo tasa: PARALELO | Tasa aplicada: 100.00
[2025-05-06 22:38:40] ID: 311 | Nombre: Mayonesa mavesa 445g | Precio actual: 350.00 | Tipo tasa: PARALELO | Tasa aplicada: 100.00
[2025-05-06 22:38:40] ID: 341 | Nombre: leche purelac 200g | Precio actual: 145.00 | Tipo tasa: PARALELO | Tasa aplicada: 100.00
[2025-05-06 22:38:40] ID: 135 | Nombre: Condimentos 15bs | Precio actual: 25.00 | Tipo tasa: PARALELO | Tasa aplicada: 100.00
[2025-05-06 22:38:40] ID: 142 | Nombre: Savoy | Precio actual: 135.00 | Tipo tasa: PARALELO | Tasa aplicada: 100.00
[2025-05-06 22:38:40] ID: 335 | Nombre: leche los andes 200g | Precio actual: 215.00 | Tipo tasa: PARALELO | Tasa aplicada: 100.00
[2025-05-06 22:38:40] ID: 359 | Nombre: Jabon en polvo Vea | Precio actual: 95.00 | Tipo tasa: PARALELO | Tasa aplicada: 100.00
[2025-05-06 22:38:40] ID: 322 | Nombre: mantequilla nelly 250g | Precio actual: 120.00 | Tipo tasa: PARALELO | Tasa aplicada: 100.00
[2025-05-06 22:38:40] ID: 109 | Nombre: Adobo Completo | Precio actual: 45.00 | Tipo tasa: PARALELO | Tasa aplicada: 100.00
[2025-05-06 22:38:40] ID: 250 | Nombre: salsa de tomate pampero 198g | Precio actual: 150.00 | Tipo tasa: PARALELO | Tasa aplicada: 100.00
[2025-05-06 22:38:40] ID: 444 | Nombre: carpeta marron oficio | Precio actual: 85.00 | Tipo tasa: PARALELO | Tasa aplicada: 100.00
[2025-05-06 22:38:40] ID: 189 | Nombre: queso de año 200g concha negra | Precio actual: 325.00 | Tipo tasa: PARALELO | Tasa aplicada: 100.00
[2025-05-06 22:38:40] ID: 389 | Nombre: galleta geo | Precio actual: 25.00 | Tipo tasa: PARALELO | Tasa aplicada: 100.00
[2025-05-06 22:38:40] ID: 50 | Nombre: Deleitina | Precio actual: 55.00 | Tipo tasa: PARALELO | Tasa aplicada: 100.00
[2025-05-06 22:38:40] ID: 291 | Nombre: Papel Luciano | Precio actual: 75.00 | Tipo tasa: PARALELO | Tasa aplicada: 100.00
[2025-05-06 22:38:40] ID: 315 | Nombre: Maxcoco Maxcoco | Precio actual: 45.00 | Tipo tasa: PARALELO | Tasa aplicada: 100.00
[2025-05-06 22:38:40] ID: 370 | Nombre: iancarina tip top | Precio actual: 80.00 | Tipo tasa: PARALELO | Tasa aplicada: 100.00
[2025-05-06 22:38:40] ID: 146 | Nombre: Lady speed stick | Precio actual: 35.00 | Tipo tasa: PARALELO | Tasa aplicada: 100.00
[2025-05-06 22:38:40] ID: 116 | Nombre: Acetona | Precio actual: 65.00 | Tipo tasa: PARALELO | Tasa aplicada: 100.00
[2025-05-06 22:38:40] ID: 214 | Nombre: universal por caja | Precio actual: 130.00 | Tipo tasa: PARALELO | Tasa aplicada: 100.00
[2025-05-06 22:38:40] ID: 140 | Nombre: Palitos | Precio actual: 40.00 | Tipo tasa: PARALELO | Tasa aplicada: 100.00
[2025-05-06 22:38:40] ID: 141 | Nombre: Cri Cri | Precio actual: 100.00 | Tipo tasa: PARALELO | Tasa aplicada: 100.00
[2025-05-06 22:38:40] ID: 299 | Nombre: Palmerita Palmerita Paquete | Precio actual: 15.00 | Tipo tasa: PARALELO | Tasa aplicada: 100.00
[2025-05-06 22:38:40] ID: 361 | Nombre: Jabon en polvo alive 200g | Precio actual: 45.00 | Tipo tasa: PARALELO | Tasa aplicada: 100.00
[2025-05-06 22:38:40] ID: 76 | Nombre: Yesquero soplete | Precio actual: 30.00 | Tipo tasa: BCV | Tasa aplicada: 90.00
[2025-05-06 22:38:40] ID: 497 | Nombre: 77 | Precio actual: 40.00 | Tipo tasa: PARALELO | Tasa aplicada: 100.00
[2025-05-06 22:38:40] ID: 207 | Nombre: Vinagre capital 500ml | Precio actual: 60.00 | Tipo tasa: PARALELO | Tasa aplicada: 100.00
[2025-05-06 22:38:40] ID: 363 | Nombre: Jabon azul rombo | Precio actual: 65.00 | Tipo tasa: PARALELO | Tasa aplicada: 100.00
[2025-05-06 22:38:40] ID: 399 | Nombre: esponja doble uso | Precio actual: 45.00 | Tipo tasa: BCV | Tasa aplicada: 90.00
[2025-05-06 22:38:40] ID: 95 | Nombre: Pan piñas | Precio actual: 15.00 | Tipo tasa: PARALELO | Tasa aplicada: 100.00
[2025-05-06 22:38:40] ID: 222 | Nombre: Tom Familiar | Precio actual: 140.00 | Tipo tasa: PARALELO | Tasa aplicada: 100.00
[2025-05-06 22:38:40] ID: 392 | Nombre: fulltop | Precio actual: 40.00 | Tipo tasa: PARALELO | Tasa aplicada: 100.00
[2025-05-06 22:38:40] ID: 289 | Nombre: pasta corta capri PLUMITA 1kg | Precio actual: 160.00 | Tipo tasa: PARALELO | Tasa aplicada: 100.00
[2025-05-06 22:38:40] ID: 152 | Nombre: Jabon avena | Precio actual: 40.00 | Tipo tasa: PARALELO | Tasa aplicada: 100.00
[2025-05-06 22:38:40] ID: 217 | Nombre: Trululu Sabores | Precio actual: 30.00 | Tipo tasa: PARALELO | Tasa aplicada: 100.00
[2025-05-06 22:38:40] ID: 169 | Nombre: Freegells | Precio actual: 30.00 | Tipo tasa: PARALELO | Tasa aplicada: 100.00
[2025-05-06 22:38:40] ID: 447 | Nombre: caraota pantera | Precio actual: 150.00 | Tipo tasa: PARALELO | Tasa aplicada: 100.00
[2025-05-06 22:38:40] ID: 203 | Nombre: yupi waffle unidad | Precio actual: 65.00 | Tipo tasa: PARALELO | Tasa aplicada: 100.00
[2025-05-06 22:38:40] ID: 334 | Nombre: leche san simon 125g | Precio actual: 155.00 | Tipo tasa: PARALELO | Tasa aplicada: 100.00
[2025-05-06 22:38:40] ID: 23 | Nombre: Maizina americana 200g | Precio actual: 165.00 | Tipo tasa: PARALELO | Tasa aplicada: 100.00
[2025-05-06 22:38:40] ID: 193 | Nombre: Chuleta | Precio actual: 785.00 | Tipo tasa: BCV | Tasa aplicada: 90.00
[2025-05-06 22:38:40] ID: 378 | Nombre: harina pan arroz | Precio actual: 85.00 | Tipo tasa: PARALELO | Tasa aplicada: 100.00
[2025-05-06 22:38:40] ID: 103 | Nombre: OKA LOKA NANO GRANDE | Precio actual: 55.00 | Tipo tasa: PARALELO | Tasa aplicada: 100.00
[2025-05-06 22:38:40] ID: 605 | Nombre: Colador | Precio actual: 65.00 | Tipo tasa: PARALELO | Tasa aplicada: 100.00
[2025-05-06 22:38:40] ID: 8 | Nombre: Cremadita Cremadito | Precio actual: 25.00 | Tipo tasa: PARALELO | Tasa aplicada: 100.00
[2025-05-06 22:38:40] ID: 403 | Nombre: Desodorante Lady Speed Stick | Precio actual: 35.00 | Tipo tasa: PARALELO | Tasa aplicada: 100.00
[2025-05-06 22:38:40] ID: 253 | Nombre: salsa ajo soya inglesa tripack Unidad | Precio actual: 225.00 | Tipo tasa: PARALELO | Tasa aplicada: 100.00
[2025-05-06 22:38:40] ID: 249 | Nombre: salsa de tomate pampero 397g | Precio actual: 200.00 | Tipo tasa: PARALELO | Tasa aplicada: 100.00
[2025-05-06 22:38:40] ID: 129 | Nombre: leche liquida carabobo pequeña | Precio actual: 60.00 | Tipo tasa: PARALELO | Tasa aplicada: 100.00
[2025-05-06 22:38:40] ID: 49 | Nombre: Barryton | Precio actual: 10.00 | Tipo tasa: PARALELO | Tasa aplicada: 100.00
[2025-05-06 22:38:40] ID: 448 | Nombre: caraota michacha | Precio actual: 120.00 | Tipo tasa: PARALELO | Tasa aplicada: 100.00
[2025-05-06 22:38:40] ID: 595 | Nombre: Frutimelo | Precio actual: 50.00 | Tipo tasa: PARALELO | Tasa aplicada: 100.00
[2025-05-06 22:38:40] ID: 362 | Nombre: Jabon en polvo alive 1kg | Precio actual: 190.00 | Tipo tasa: PARALELO | Tasa aplicada: 100.00
[2025-05-06 22:38:40] ID: 42 | Nombre: Aliclean | Precio actual: 120.00 | Tipo tasa: PARALELO | Tasa aplicada: 100.00
[2025-05-06 22:38:40] ID: 2 | Nombre: Mega Bol Mega Aros | Precio actual: 185.00 | Tipo tasa: BCV | Tasa aplicada: 90.00
[2025-05-06 22:38:40] ID: 384 | Nombre: Golpe Ranchero grande | Precio actual: 205.00 | Tipo tasa: PARALELO | Tasa aplicada: 100.00
[2025-05-06 22:38:40] ID: 606 | Nombre: Queso Mozzarella | Precio actual: 750.00 | Tipo tasa: PARALELO | Tasa aplicada: 100.00
[2025-05-06 22:38:40] ID: 383 | Nombre: Golpe Ranchero tira pequeño | Precio actual: 55.00 | Tipo tasa: PARALELO | Tasa aplicada: 100.00
[2025-05-06 22:38:40] ID: 532 | Nombre: Aguacatex | Precio actual: 215.00 | Tipo tasa: BCV | Tasa aplicada: 90.00
[2025-05-06 22:38:40] ID: 596 | Nombre: Arroz Doña Blanca | Precio actual: 105.00 | Tipo tasa: PARALELO | Tasa aplicada: 100.00
[2025-05-06 22:38:40] ID: 262 | Nombre: refresco coca cola 2 litro | Precio actual: 140.00 | Tipo tasa: PARALELO | Tasa aplicada: 100.00
[2025-05-06 22:38:40] ID: 26 | Nombre: Incienso Caja Premium | Precio actual: 205.00 | Tipo tasa: PARALELO | Tasa aplicada: 100.00
[2025-05-06 22:38:40] ID: 604 | Nombre: Botecito Once Once | Precio actual: 95.00 | Tipo tasa: BCV | Tasa aplicada: 90.00
[2025-05-06 22:38:40] ID: 353 | Nombre: jugo frutsi pequeño | Precio actual: 35.00 | Tipo tasa: PARALELO | Tasa aplicada: 100.00
[2025-05-06 22:38:40] ID: 583 | Nombre: Crema de arroz Primor 450g | Precio actual: 125.00 | Tipo tasa: PARALELO | Tasa aplicada: 100.00
[2025-05-06 22:38:40] ID: 599 | Nombre: Charmy paquete | Precio actual: 115.00 | Tipo tasa: PARALELO | Tasa aplicada: 100.00
[2025-05-06 22:38:40] ID: 376 | Nombre: Harina de Trigo Doña Maria KG | Precio actual: 175.00 | Tipo tasa: PARALELO | Tasa aplicada: 100.00
[2025-05-06 22:38:40] ID: 456 | Nombre: Cafe fama de america kilo | Precio actual: 650.00 | Tipo tasa: PARALELO | Tasa aplicada: 100.00
[2025-05-06 22:38:40] ID: 589 | Nombre: Maria paquete | Precio actual: 65.00 | Tipo tasa: PARALELO | Tasa aplicada: 100.00
[2025-05-06 22:38:40] ID: 30 | Nombre: Aceite girasol Gocciolio | Precio actual: 290.00 | Tipo tasa: PARALELO | Tasa aplicada: 100.00
[2025-05-06 22:38:40] ID: 1 | Nombre: Harina Juana | Precio actual: 75.00 | Tipo tasa: PARALELO | Tasa aplicada: 100.00
[2025-05-06 22:38:40] ID: 487 | Nombre: Afeitadora Max3 | Precio actual: 35.00 | Tipo tasa: PARALELO | Tasa aplicada: 100.00
[2025-05-06 22:38:40] ID: 598 | Nombre: Doritos Picante pequeño | Precio actual: 110.00 | Tipo tasa: PARALELO | Tasa aplicada: 100.00
[2025-05-06 22:38:40] ID: 296 | Nombre: Pañales Hugme | Precio actual: 30.00 | Tipo tasa: PARALELO | Tasa aplicada: 100.00
[2025-05-06 22:38:40] ID: 175 | Nombre: Pan Sanguche Sandwich | Precio actual: 145.00 | Tipo tasa: PARALELO | Tasa aplicada: 100.00
[2025-05-06 22:38:40] ID: 298 | Nombre: Pan andino unidad | Precio actual: 80.00 | Tipo tasa: PARALELO | Tasa aplicada: 100.00
[2025-05-06 22:38:40] ID: 574 | Nombre: Pasta Larga Mutlu 1kg | Precio actual: 75.00 | Tipo tasa: PARALELO | Tasa aplicada: 100.00
[2025-05-06 22:38:40] ID: 567 | Nombre: Patroncito Caja | Precio actual: 80.00 | Tipo tasa: PARALELO | Tasa aplicada: 100.00
[2025-05-06 22:38:40] ID: 218 | Nombre: Trululu Chocolores | Precio actual: 45.00 | Tipo tasa: PARALELO | Tasa aplicada: 100.00
[2025-05-06 22:38:40] ID: 530 | Nombre: Colgate triple acción | Precio actual: 125.00 | Tipo tasa: PARALELO | Tasa aplicada: 100.00
[2025-05-06 22:38:40] ID: 529 | Nombre: Plastilina colores | Precio actual: 95.00 | Tipo tasa: BCV | Tasa aplicada: 90.00
[2025-05-06 22:38:40] ID: 328 | Nombre: Maizina Americana PEQUEÑA | Precio actual: 75.00 | Tipo tasa: PARALELO | Tasa aplicada: 100.00
[2025-05-06 22:38:40] ID: 241 | Nombre: silicon barra pequeña | Precio actual: 45.00 | Tipo tasa: BCV | Tasa aplicada: 90.00
[2025-05-06 22:38:40] ID: 43 | Nombre: Agua mibrisa | Precio actual: 65.00 | Tipo tasa: PARALELO | Tasa aplicada: 100.00
[2025-05-06 22:38:40] ID: 18 | Nombre: Pega pestañas Ardell | Precio actual: 210.00 | Tipo tasa: PARALELO | Tasa aplicada: 100.00
[2025-05-06 22:38:40] ID: 431 | Nombre: Chocolate pequeño King Unidad | Precio actual: 120.00 | Tipo tasa: PARALELO | Tasa aplicada: 100.00
[2025-05-06 22:38:40] ID: 457 | Nombre: café amanecer 250g | Precio actual: 220.00 | Tipo tasa: PARALELO | Tasa aplicada: 100.00
[2025-05-06 22:38:40] ID: 211 | Nombre: Velas | Precio actual: 15.00 | Tipo tasa: PARALELO | Tasa aplicada: 100.00
[2025-05-06 22:38:40] ID: 37 | Nombre: Tequeños 25 unidades | Precio actual: 145.00 | Tipo tasa: BCV | Tasa aplicada: 90.00
[2025-05-06 22:38:40] ID: 455 | Nombre: café Fama de America 200g | Precio actual: 210.00 | Tipo tasa: PARALELO | Tasa aplicada: 100.00
[2025-05-06 22:38:40] ID: 292 | Nombre: papel crepe | Precio actual: 55.00 | Tipo tasa: BCV | Tasa aplicada: 90.00
[2025-05-06 22:38:40] ID: 350 | Nombre: jugo valencia 1l | Precio actual: 135.00 | Tipo tasa: PARALELO | Tasa aplicada: 100.00
[2025-05-06 22:38:40] ID: 401 | Nombre: Doritos pequeño tira | Precio actual: 85.00 | Tipo tasa: PARALELO | Tasa aplicada: 100.00
[2025-05-06 22:38:40] ID: 414 | Nombre: crakeña bulto | Precio actual: 15.00 | Tipo tasa: PARALELO | Tasa aplicada: 100.00
[2025-05-06 22:38:40] ID: 263 | Nombre: refresco coca cola 1l | Precio actual: 95.00 | Tipo tasa: PARALELO | Tasa aplicada: 100.00
[2025-05-06 22:38:40] ID: 593 | Nombre: Jacks Chicharron tira | Precio actual: 115.00 | Tipo tasa: PARALELO | Tasa aplicada: 100.00
[2025-05-06 22:38:40] ID: 592 | Nombre: Vaselina Labial | Precio actual: 90.00 | Tipo tasa: PARALELO | Tasa aplicada: 100.00
[2025-05-06 22:38:40] ID: 488 | Nombre: Afeitadora Dorco | Precio actual: 25.00 | Tipo tasa: BCV | Tasa aplicada: 90.00
[2025-05-06 22:38:40] ID: 435 | Nombre: caramelo 2bs | Precio actual: 5.00 | Tipo tasa: PARALELO | Tasa aplicada: 100.00
[2025-05-06 22:38:40] ID: 375 | Nombre: harina de trigo mary leudante kg | Precio actual: 125.00 | Tipo tasa: PARALELO | Tasa aplicada: 100.00
[2025-05-06 22:38:40] ID: 570 | Nombre: Salsa de tomate Tomodore | Precio actual: 115.00 | Tipo tasa: PARALELO | Tasa aplicada: 100.00
[2025-05-06 22:38:40] ID: 531 | Nombre: Desodorante con tapa clinical | Precio actual: 170.00 | Tipo tasa: PARALELO | Tasa aplicada: 100.00
[2025-05-06 22:38:40] ID: 39 | Nombre: keramix acondicionador | Precio actual: 60.00 | Tipo tasa: PARALELO | Tasa aplicada: 100.00
[2025-05-06 22:38:40] ID: 7 | Nombre: Crack it trufas | Precio actual: 15.00 | Tipo tasa: PARALELO | Tasa aplicada: 100.00
[2025-05-06 22:38:40] ID: 307 | Nombre: Nutribela | Precio actual: 60.00 | Tipo tasa: PARALELO | Tasa aplicada: 100.00
[2025-05-06 22:38:40] ID: 46 | Nombre: Crismelo | Precio actual: 40.00 | Tipo tasa: PARALELO | Tasa aplicada: 100.00
[2025-05-06 22:38:40] ID: 279 | Nombre: Jumby rikos grande | Precio actual: 65.00 | Tipo tasa: PARALELO | Tasa aplicada: 100.00
[2025-05-06 22:38:40] ID: 571 | Nombre: Salsa de tomate Fergos 198G pequeña | Precio actual: 100.00 | Tipo tasa: PARALELO | Tasa aplicada: 100.00
[2025-05-06 22:38:40] ID: 409 | Nombre: Cubito Laila | Precio actual: 10.00 | Tipo tasa: PARALELO | Tasa aplicada: 100.00
[2025-05-06 22:38:40] ID: 248 | Nombre: Salsa Para Pasta GUT | Precio actual: 60.00 | Tipo tasa: PARALELO | Tasa aplicada: 100.00
[2025-05-06 22:38:40] ID: 206 | Nombre: vitafer vitafer unidad | Precio actual: 60.00 | Tipo tasa: PARALELO | Tasa aplicada: 100.00
[2025-05-06 22:38:40] ID: 453 | Nombre: grano de  montaña 100g | Precio actual: 135.00 | Tipo tasa: PARALELO | Tasa aplicada: 100.00
[2025-05-06 22:38:40] ID: 408 | Nombre: Cubitos Maggi | Precio actual: 20.00 | Tipo tasa: PARALELO | Tasa aplicada: 100.00
[2025-05-06 22:38:40] ID: 381 | Nombre: Kaly | Precio actual: 100.00 | Tipo tasa: PARALELO | Tasa aplicada: 100.00
[2025-05-06 22:38:40] ID: 419 | Nombre: Compota osole | Precio actual: 70.00 | Tipo tasa: PARALELO | Tasa aplicada: 100.00
[2025-05-06 22:38:40] ID: 314 | Nombre: mayonesa fergos 175g PEQUEÑA | Precio actual: 150.00 | Tipo tasa: PARALELO | Tasa aplicada: 100.00
[2025-05-06 22:38:40] ID: 176 | Nombre: Mayonesa Fergos 452g Grande | Precio actual: 260.00 | Tipo tasa: PARALELO | Tasa aplicada: 100.00
[2025-05-06 22:38:40] ID: 425 | Nombre: Cloro kris | Precio actual: 140.00 | Tipo tasa: PARALELO | Tasa aplicada: 100.00
[2025-05-06 22:38:40] ID: 402 | Nombre: diablito underwood | Precio actual: 145.00 | Tipo tasa: PARALELO | Tasa aplicada: 100.00
[2025-05-06 22:38:40] ID: 194 | Nombre: Alitas de pollo | Precio actual: 470.00 | Tipo tasa: PARALELO | Tasa aplicada: 100.00
[2025-05-06 22:38:40] ID: 458 | Nombre: café amanecer 100g | Precio actual: 135.00 | Tipo tasa: PARALELO | Tasa aplicada: 100.00
[2025-05-06 22:38:40] Conexión cerrada. Proceso completado.
[2025-05-06 22:38:40] === FIN DE ACTUALIZACIÓN DE PRECIOS BASE ===
